code,run,id,request_id,task_id,base_group_id,seed,role,condition,record_kind,source_path,fulltext_path,previously_missing,found,archive_sha256,archive_member,source_line,text_sha256,expected_text_sha256,text_hash_match,original_audit_text_match,archive_hash_match,file_hash_match,metadata_match,protocol_and_request_digest_match,protocol_note,verified,identity_note,identity_key,path,file_sha256,expected_file_sha256,text_chars,generated_tokens
E01,pr8-natural-pilot-20261007-d02a40c,trace-base:0:seed0,,igsm-official-0001-op10,igsm-official-0001-op10,0,unedited_original,base,original_pr8_unedited_archive_member,/mnt/mydata/wja/reasoning-diff/reports/pr10-server-recurrence-review-20261010/source_data/artifacts/rd-pr8-natural-pilot-20261007-light/raw-and-reparsed-pilot.tar.gz::pr8-natural-pilot-20261007-d02a40c/pilot-gpu2/traces.jsonl::line=1,fulltexts/E01.txt,False,True,661a12ce240098215e05b0030e6214c55679c2ebb8647917921ab6ce226f4ba1,pr8-natural-pilot-20261007-d02a40c/pilot-gpu2/traces.jsonl,1,1793b6b88762984974b2ad02e1520e86d1c6c8adced7cbe55c5245af0f127237,1793b6b88762984974b2ad02e1520e86d1c6c8adced7cbe55c5245af0f127237,True,True,True,,True,,"PR8 archive does not supply PR9-style response/request digests; not applicable, not reported as matched.",True,"PR8 trace IDs collide across original GPU shards. Use run/task/seed/role and archive member/line, not trace ID alone.","[""pr8-natural-pilot-20261007-d02a40c"", ""igsm-official-0001-op10"", 0, ""unedited_original""]",,,,,
E02,pr8-natural-pilot-20261007-d02a40c,trace-base:0:seed1,,igsm-official-0001-op10,igsm-official-0001-op10,1,unedited_original,base,original_pr8_unedited_archive_member,/mnt/mydata/wja/reasoning-diff/reports/pr10-server-recurrence-review-20261010/source_data/artifacts/rd-pr8-natural-pilot-20261007-light/raw-and-reparsed-pilot.tar.gz::pr8-natural-pilot-20261007-d02a40c/pilot-gpu2/traces.jsonl::line=2,fulltexts/E02.txt,False,True,661a12ce240098215e05b0030e6214c55679c2ebb8647917921ab6ce226f4ba1,pr8-natural-pilot-20261007-d02a40c/pilot-gpu2/traces.jsonl,2,1c24e1fb9a981b65a4349453f42c44ddd9b3ae97a92549c1e2a57265615b9b05,1c24e1fb9a981b65a4349453f42c44ddd9b3ae97a92549c1e2a57265615b9b05,True,True,True,,True,,"PR8 archive does not supply PR9-style response/request digests; not applicable, not reported as matched.",True,"PR8 trace IDs collide across original GPU shards. Use run/task/seed/role and archive member/line, not trace ID alone.","[""pr8-natural-pilot-20261007-d02a40c"", ""igsm-official-0001-op10"", 1, ""unedited_original""]",,,,,
E03,pr8-natural-pilot-20261007-d02a40c,trace-base:0:seed2,,igsm-official-0001-op10,igsm-official-0001-op10,2,unedited_original,base,original_pr8_unedited_archive_member,/mnt/mydata/wja/reasoning-diff/reports/pr10-server-recurrence-review-20261010/source_data/artifacts/rd-pr8-natural-pilot-20261007-light/raw-and-reparsed-pilot.tar.gz::pr8-natural-pilot-20261007-d02a40c/pilot-gpu2/traces.jsonl::line=3,fulltexts/E03.txt,False,True,661a12ce240098215e05b0030e6214c55679c2ebb8647917921ab6ce226f4ba1,pr8-natural-pilot-20261007-d02a40c/pilot-gpu2/traces.jsonl,3,44d567b99f4401533e5f7dc30772f1b759ee6a1c192653f5b217704adad99526,44d567b99f4401533e5f7dc30772f1b759ee6a1c192653f5b217704adad99526,True,True,True,,True,,"PR8 archive does not supply PR9-style response/request digests; not applicable, not reported as matched.",True,"PR8 trace IDs collide across original GPU shards. Use run/task/seed/role and archive member/line, not trace ID alone.","[""pr8-natural-pilot-20261007-d02a40c"", ""igsm-official-0001-op10"", 2, ""unedited_original""]",,,,,
E04,pr8-natural-pilot-20261007-d02a40c,trace-base:1:seed0,,igsm-official-0003-op21,igsm-official-0003-op21,0,unedited_original,base,original_pr8_unedited_archive_member,/mnt/mydata/wja/reasoning-diff/reports/pr10-server-recurrence-review-20261010/source_data/artifacts/rd-pr8-natural-pilot-20261007-light/raw-and-reparsed-pilot.tar.gz::pr8-natural-pilot-20261007-d02a40c/pilot-gpu2/traces.jsonl::line=4,fulltexts/E04.txt,False,True,661a12ce240098215e05b0030e6214c55679c2ebb8647917921ab6ce226f4ba1,pr8-natural-pilot-20261007-d02a40c/pilot-gpu2/traces.jsonl,4,bb31ed158bfecdc6ee16d87c4c2726ea84f48e81dbb3248789eef51ff5e662bd,bb31ed158bfecdc6ee16d87c4c2726ea84f48e81dbb3248789eef51ff5e662bd,True,True,True,,True,,"PR8 archive does not supply PR9-style response/request digests; not applicable, not reported as matched.",True,"PR8 trace IDs collide across original GPU shards. Use run/task/seed/role and archive member/line, not trace ID alone.","[""pr8-natural-pilot-20261007-d02a40c"", ""igsm-official-0003-op21"", 0, ""unedited_original""]",,,,,
E05,pr8-natural-pilot-20261007-d02a40c,trace-base:1:seed1,,igsm-official-0003-op21,igsm-official-0003-op21,1,unedited_original,base,original_pr8_unedited_archive_member,/mnt/mydata/wja/reasoning-diff/reports/pr10-server-recurrence-review-20261010/source_data/artifacts/rd-pr8-natural-pilot-20261007-light/raw-and-reparsed-pilot.tar.gz::pr8-natural-pilot-20261007-d02a40c/pilot-gpu2/traces.jsonl::line=5,fulltexts/E05.txt,False,True,661a12ce240098215e05b0030e6214c55679c2ebb8647917921ab6ce226f4ba1,pr8-natural-pilot-20261007-d02a40c/pilot-gpu2/traces.jsonl,5,fde0b53af0a7cd0412f57d71e58ad96081effb2346d4805bdf01a664a60d4c99,fde0b53af0a7cd0412f57d71e58ad96081effb2346d4805bdf01a664a60d4c99,True,True,True,,True,,"PR8 archive does not supply PR9-style response/request digests; not applicable, not reported as matched.",True,"PR8 trace IDs collide across original GPU shards. Use run/task/seed/role and archive member/line, not trace ID alone.","[""pr8-natural-pilot-20261007-d02a40c"", ""igsm-official-0003-op21"", 1, ""unedited_original""]",,,,,
E06,pr8-natural-pilot-20261007-d02a40c,trace-base:1:seed2,,igsm-official-0003-op21,igsm-official-0003-op21,2,unedited_original,base,original_pr8_unedited_archive_member,/mnt/mydata/wja/reasoning-diff/reports/pr10-server-recurrence-review-20261010/source_data/artifacts/rd-pr8-natural-pilot-20261007-light/raw-and-reparsed-pilot.tar.gz::pr8-natural-pilot-20261007-d02a40c/pilot-gpu2/traces.jsonl::line=6,fulltexts/E06.txt,False,True,661a12ce240098215e05b0030e6214c55679c2ebb8647917921ab6ce226f4ba1,pr8-natural-pilot-20261007-d02a40c/pilot-gpu2/traces.jsonl,6,6574fc9c8038a7e8e9eedbf9f119385018c162143f919545b34e52aef34b9de0,6574fc9c8038a7e8e9eedbf9f119385018c162143f919545b34e52aef34b9de0,True,True,True,,True,,"PR8 archive does not supply PR9-style response/request digests; not applicable, not reported as matched.",True,"PR8 trace IDs collide across original GPU shards. Use run/task/seed/role and archive member/line, not trace ID alone.","[""pr8-natural-pilot-20261007-d02a40c"", ""igsm-official-0003-op21"", 2, ""unedited_original""]",,,,,
E07,pr8-natural-pilot-20261007-d02a40c,trace-base:2:seed0,,igsm-official-0006-op15,igsm-official-0006-op15,0,unedited_original,base,original_pr8_unedited_archive_member,/mnt/mydata/wja/reasoning-diff/reports/pr10-server-recurrence-review-20261010/source_data/artifacts/rd-pr8-natural-pilot-20261007-light/raw-and-reparsed-pilot.tar.gz::pr8-natural-pilot-20261007-d02a40c/pilot-gpu2/traces.jsonl::line=7,fulltexts/E07.txt,False,True,661a12ce240098215e05b0030e6214c55679c2ebb8647917921ab6ce226f4ba1,pr8-natural-pilot-20261007-d02a40c/pilot-gpu2/traces.jsonl,7,667e36f8c772a6215cdc25819c4a19c8672207f1d350798c73ca80ad779b593f,667e36f8c772a6215cdc25819c4a19c8672207f1d350798c73ca80ad779b593f,True,True,True,,True,,"PR8 archive does not supply PR9-style response/request digests; not applicable, not reported as matched.",True,"PR8 trace IDs collide across original GPU shards. Use run/task/seed/role and archive member/line, not trace ID alone.","[""pr8-natural-pilot-20261007-d02a40c"", ""igsm-official-0006-op15"", 0, ""unedited_original""]",,,,,
E08,pr8-natural-pilot-20261007-d02a40c,trace-base:2:seed1,,igsm-official-0006-op15,igsm-official-0006-op15,1,unedited_original,base,original_pr8_unedited_archive_member,/mnt/mydata/wja/reasoning-diff/reports/pr10-server-recurrence-review-20261010/source_data/artifacts/rd-pr8-natural-pilot-20261007-light/raw-and-reparsed-pilot.tar.gz::pr8-natural-pilot-20261007-d02a40c/pilot-gpu2/traces.jsonl::line=8,fulltexts/E08.txt,False,True,661a12ce240098215e05b0030e6214c55679c2ebb8647917921ab6ce226f4ba1,pr8-natural-pilot-20261007-d02a40c/pilot-gpu2/traces.jsonl,8,941393079e83b947a04b4323331a00c36f0a3ee09e9dbd2430430a017c17872f,941393079e83b947a04b4323331a00c36f0a3ee09e9dbd2430430a017c17872f,True,True,True,,True,,"PR8 archive does not supply PR9-style response/request digests; not applicable, not reported as matched.",True,"PR8 trace IDs collide across original GPU shards. Use run/task/seed/role and archive member/line, not trace ID alone.","[""pr8-natural-pilot-20261007-d02a40c"", ""igsm-official-0006-op15"", 1, ""unedited_original""]",,,,,
E09,pr8-natural-pilot-20261007-d02a40c,trace-base:2:seed2,,igsm-official-0006-op15,igsm-official-0006-op15,2,unedited_original,base,original_pr8_unedited_archive_member,/mnt/mydata/wja/reasoning-diff/reports/pr10-server-recurrence-review-20261010/source_data/artifacts/rd-pr8-natural-pilot-20261007-light/raw-and-reparsed-pilot.tar.gz::pr8-natural-pilot-20261007-d02a40c/pilot-gpu2/traces.jsonl::line=9,fulltexts/E09.txt,False,True,661a12ce240098215e05b0030e6214c55679c2ebb8647917921ab6ce226f4ba1,pr8-natural-pilot-20261007-d02a40c/pilot-gpu2/traces.jsonl,9,a0fcc0fb890015442c355be5abf7361be29d20447df4f6044f2deffe39af68aa,a0fcc0fb890015442c355be5abf7361be29d20447df4f6044f2deffe39af68aa,True,True,True,,True,,"PR8 archive does not supply PR9-style response/request digests; not applicable, not reported as matched.",True,"PR8 trace IDs collide across original GPU shards. Use run/task/seed/role and archive member/line, not trace ID alone.","[""pr8-natural-pilot-20261007-d02a40c"", ""igsm-official-0006-op15"", 2, ""unedited_original""]",,,,,
E10,pr8-natural-pilot-20261007-d02a40c,trace-base:3:seed0,,igsm-official-0008-op5,igsm-official-0008-op5,0,unedited_original,base,original_pr8_unedited_archive_member,/mnt/mydata/wja/reasoning-diff/reports/pr10-server-recurrence-review-20261010/source_data/artifacts/rd-pr8-natural-pilot-20261007-light/raw-and-reparsed-pilot.tar.gz::pr8-natural-pilot-20261007-d02a40c/pilot-gpu2/traces.jsonl::line=10,fulltexts/E10.txt,False,True,661a12ce240098215e05b0030e6214c55679c2ebb8647917921ab6ce226f4ba1,pr8-natural-pilot-20261007-d02a40c/pilot-gpu2/traces.jsonl,10,520f1fe0d131d743430267f147dd98ed87c104bfd02be6bb390725e48da3a8bf,520f1fe0d131d743430267f147dd98ed87c104bfd02be6bb390725e48da3a8bf,True,True,True,,True,,"PR8 archive does not supply PR9-style response/request digests; not applicable, not reported as matched.",True,"PR8 trace IDs collide across original GPU shards. Use run/task/seed/role and archive member/line, not trace ID alone.","[""pr8-natural-pilot-20261007-d02a40c"", ""igsm-official-0008-op5"", 0, ""unedited_original""]",,,,,
E11,pr8-natural-pilot-20261007-d02a40c,trace-base:3:seed1,,igsm-official-0008-op5,igsm-official-0008-op5,1,unedited_original,base,original_pr8_unedited_archive_member,/mnt/mydata/wja/reasoning-diff/reports/pr10-server-recurrence-review-20261010/source_data/artifacts/rd-pr8-natural-pilot-20261007-light/raw-and-reparsed-pilot.tar.gz::pr8-natural-pilot-20261007-d02a40c/pilot-gpu2/traces.jsonl::line=11,fulltexts/E11.txt,False,True,661a12ce240098215e05b0030e6214c55679c2ebb8647917921ab6ce226f4ba1,pr8-natural-pilot-20261007-d02a40c/pilot-gpu2/traces.jsonl,11,4c4200f6e74a58f3a4706becf978b08aa7d9b1c5aeef793c515f0465c26a074a,4c4200f6e74a58f3a4706becf978b08aa7d9b1c5aeef793c515f0465c26a074a,True,True,True,,True,,"PR8 archive does not supply PR9-style response/request digests; not applicable, not reported as matched.",True,"PR8 trace IDs collide across original GPU shards. Use run/task/seed/role and archive member/line, not trace ID alone.","[""pr8-natural-pilot-20261007-d02a40c"", ""igsm-official-0008-op5"", 1, ""unedited_original""]",,,,,
E12,pr8-natural-pilot-20261007-d02a40c,trace-base:3:seed2,,igsm-official-0008-op5,igsm-official-0008-op5,2,unedited_original,base,original_pr8_unedited_archive_member,/mnt/mydata/wja/reasoning-diff/reports/pr10-server-recurrence-review-20261010/source_data/artifacts/rd-pr8-natural-pilot-20261007-light/raw-and-reparsed-pilot.tar.gz::pr8-natural-pilot-20261007-d02a40c/pilot-gpu2/traces.jsonl::line=12,fulltexts/E12.txt,False,True,661a12ce240098215e05b0030e6214c55679c2ebb8647917921ab6ce226f4ba1,pr8-natural-pilot-20261007-d02a40c/pilot-gpu2/traces.jsonl,12,0bb4950e49805367a9adcf70a69c4c3379cc65d06391588ad26746c755c8348e,0bb4950e49805367a9adcf70a69c4c3379cc65d06391588ad26746c755c8348e,True,True,True,,True,,"PR8 archive does not supply PR9-style response/request digests; not applicable, not reported as matched.",True,"PR8 trace IDs collide across original GPU shards. Use run/task/seed/role and archive member/line, not trace ID alone.","[""pr8-natural-pilot-20261007-d02a40c"", ""igsm-official-0008-op5"", 2, ""unedited_original""]",,,,,
E13,pr8-natural-pilot-20261007-d02a40c,trace-base:0:seed0,,igsm-official-0004-op5,igsm-official-0004-op5,0,unedited_original,base,original_pr8_unedited_archive_member,/mnt/mydata/wja/reasoning-diff/reports/pr10-server-recurrence-review-20261010/source_data/artifacts/rd-pr8-natural-pilot-20261007-light/raw-and-reparsed-pilot.tar.gz::pr8-natural-pilot-20261007-d02a40c/pilot-gpu3/traces.jsonl::line=1,fulltexts/E13.txt,False,True,661a12ce240098215e05b0030e6214c55679c2ebb8647917921ab6ce226f4ba1,pr8-natural-pilot-20261007-d02a40c/pilot-gpu3/traces.jsonl,1,39b501bbdf77e20021f1a3ebac0661feac27e5d01d929f756512cc20f0b2742e,39b501bbdf77e20021f1a3ebac0661feac27e5d01d929f756512cc20f0b2742e,True,True,True,,True,,"PR8 archive does not supply PR9-style response/request digests; not applicable, not reported as matched.",True,"PR8 trace IDs collide across original GPU shards. Use run/task/seed/role and archive member/line, not trace ID alone.","[""pr8-natural-pilot-20261007-d02a40c"", ""igsm-official-0004-op5"", 0, ""unedited_original""]",,,,,
E14,pr8-natural-pilot-20261007-d02a40c,trace-base:0:seed1,,igsm-official-0004-op5,igsm-official-0004-op5,1,unedited_original,base,original_pr8_unedited_archive_member,/mnt/mydata/wja/reasoning-diff/reports/pr10-server-recurrence-review-20261010/source_data/artifacts/rd-pr8-natural-pilot-20261007-light/raw-and-reparsed-pilot.tar.gz::pr8-natural-pilot-20261007-d02a40c/pilot-gpu3/traces.jsonl::line=2,fulltexts/E14.txt,False,True,661a12ce240098215e05b0030e6214c55679c2ebb8647917921ab6ce226f4ba1,pr8-natural-pilot-20261007-d02a40c/pilot-gpu3/traces.jsonl,2,fafe897296e9ec5dcce632015d61ac0b7e8b95f95555bea1bde2782a2bb598ec,fafe897296e9ec5dcce632015d61ac0b7e8b95f95555bea1bde2782a2bb598ec,True,True,True,,True,,"PR8 archive does not supply PR9-style response/request digests; not applicable, not reported as matched.",True,"PR8 trace IDs collide across original GPU shards. Use run/task/seed/role and archive member/line, not trace ID alone.","[""pr8-natural-pilot-20261007-d02a40c"", ""igsm-official-0004-op5"", 1, ""unedited_original""]",,,,,
E15,pr8-natural-pilot-20261007-d02a40c,trace-base:0:seed2,,igsm-official-0004-op5,igsm-official-0004-op5,2,unedited_original,base,original_pr8_unedited_archive_member,/mnt/mydata/wja/reasoning-diff/reports/pr10-server-recurrence-review-20261010/source_data/artifacts/rd-pr8-natural-pilot-20261007-light/raw-and-reparsed-pilot.tar.gz::pr8-natural-pilot-20261007-d02a40c/pilot-gpu3/traces.jsonl::line=3,fulltexts/E15.txt,False,True,661a12ce240098215e05b0030e6214c55679c2ebb8647917921ab6ce226f4ba1,pr8-natural-pilot-20261007-d02a40c/pilot-gpu3/traces.jsonl,3,a16fde6abe1ebf9e22ca692867f98b50a07c3bfc226368ea25d7f22dcaefeb31,a16fde6abe1ebf9e22ca692867f98b50a07c3bfc226368ea25d7f22dcaefeb31,True,True,True,,True,,"PR8 archive does not supply PR9-style response/request digests; not applicable, not reported as matched.",True,"PR8 trace IDs collide across original GPU shards. Use run/task/seed/role and archive member/line, not trace ID alone.","[""pr8-natural-pilot-20261007-d02a40c"", ""igsm-official-0004-op5"", 2, ""unedited_original""]",,,,,
E16,pr8-natural-pilot-20261007-d02a40c,trace-base:1:seed0,,igsm-official-0007-op21,igsm-official-0007-op21,0,unedited_original,base,original_pr8_unedited_archive_member,/mnt/mydata/wja/reasoning-diff/reports/pr10-server-recurrence-review-20261010/source_data/artifacts/rd-pr8-natural-pilot-20261007-light/raw-and-reparsed-pilot.tar.gz::pr8-natural-pilot-20261007-d02a40c/pilot-gpu3/traces.jsonl::line=4,fulltexts/E16.txt,False,True,661a12ce240098215e05b0030e6214c55679c2ebb8647917921ab6ce226f4ba1,pr8-natural-pilot-20261007-d02a40c/pilot-gpu3/traces.jsonl,4,c4d89bdfb3e242108107f6bad578df9a36373ec44acbf344598343c43dcd5758,c4d89bdfb3e242108107f6bad578df9a36373ec44acbf344598343c43dcd5758,True,True,True,,True,,"PR8 archive does not supply PR9-style response/request digests; not applicable, not reported as matched.",True,"PR8 trace IDs collide across original GPU shards. Use run/task/seed/role and archive member/line, not trace ID alone.","[""pr8-natural-pilot-20261007-d02a40c"", ""igsm-official-0007-op21"", 0, ""unedited_original""]",,,,,
E17,pr8-natural-pilot-20261007-d02a40c,trace-base:1:seed1,,igsm-official-0007-op21,igsm-official-0007-op21,1,unedited_original,base,original_pr8_unedited_archive_member,/mnt/mydata/wja/reasoning-diff/reports/pr10-server-recurrence-review-20261010/source_data/artifacts/rd-pr8-natural-pilot-20261007-light/raw-and-reparsed-pilot.tar.gz::pr8-natural-pilot-20261007-d02a40c/pilot-gpu3/traces.jsonl::line=5,fulltexts/E17.txt,False,True,661a12ce240098215e05b0030e6214c55679c2ebb8647917921ab6ce226f4ba1,pr8-natural-pilot-20261007-d02a40c/pilot-gpu3/traces.jsonl,5,a068be485989bd3172df8154e9720b6619361e0d2e7d545ec5cc781446136447,a068be485989bd3172df8154e9720b6619361e0d2e7d545ec5cc781446136447,True,True,True,,True,,"PR8 archive does not supply PR9-style response/request digests; not applicable, not reported as matched.",True,"PR8 trace IDs collide across original GPU shards. Use run/task/seed/role and archive member/line, not trace ID alone.","[""pr8-natural-pilot-20261007-d02a40c"", ""igsm-official-0007-op21"", 1, ""unedited_original""]",,,,,
E18,pr8-natural-pilot-20261007-d02a40c,trace-base:1:seed2,,igsm-official-0007-op21,igsm-official-0007-op21,2,unedited_original,base,original_pr8_unedited_archive_member,/mnt/mydata/wja/reasoning-diff/reports/pr10-server-recurrence-review-20261010/source_data/artifacts/rd-pr8-natural-pilot-20261007-light/raw-and-reparsed-pilot.tar.gz::pr8-natural-pilot-20261007-d02a40c/pilot-gpu3/traces.jsonl::line=6,fulltexts/E18.txt,False,True,661a12ce240098215e05b0030e6214c55679c2ebb8647917921ab6ce226f4ba1,pr8-natural-pilot-20261007-d02a40c/pilot-gpu3/traces.jsonl,6,e3322ee18fda516e525cb4ceaa2c8d56b5045202293f52f170dab4c80125dd19,e3322ee18fda516e525cb4ceaa2c8d56b5045202293f52f170dab4c80125dd19,True,True,True,,True,,"PR8 archive does not supply PR9-style response/request digests; not applicable, not reported as matched.",True,"PR8 trace IDs collide across original GPU shards. Use run/task/seed/role and archive member/line, not trace ID alone.","[""pr8-natural-pilot-20261007-d02a40c"", ""igsm-official-0007-op21"", 2, ""unedited_original""]",,,,,
E19,pr8-natural-pilot-20261007-d02a40c,trace-base:2:seed0,,igsm-official-0026-op15,igsm-official-0026-op15,0,unedited_original,base,original_pr8_unedited_archive_member,/mnt/mydata/wja/reasoning-diff/reports/pr10-server-recurrence-review-20261010/source_data/artifacts/rd-pr8-natural-pilot-20261007-light/raw-and-reparsed-pilot.tar.gz::pr8-natural-pilot-20261007-d02a40c/pilot-gpu3/traces.jsonl::line=7,fulltexts/E19.txt,False,True,661a12ce240098215e05b0030e6214c55679c2ebb8647917921ab6ce226f4ba1,pr8-natural-pilot-20261007-d02a40c/pilot-gpu3/traces.jsonl,7,e95556ef195c6f1051603e5ea4bb79dd382718d2fca70dc6990b68cf88a464de,e95556ef195c6f1051603e5ea4bb79dd382718d2fca70dc6990b68cf88a464de,True,True,True,,True,,"PR8 archive does not supply PR9-style response/request digests; not applicable, not reported as matched.",True,"PR8 trace IDs collide across original GPU shards. Use run/task/seed/role and archive member/line, not trace ID alone.","[""pr8-natural-pilot-20261007-d02a40c"", ""igsm-official-0026-op15"", 0, ""unedited_original""]",,,,,
E20,pr8-natural-pilot-20261007-d02a40c,trace-base:2:seed1,,igsm-official-0026-op15,igsm-official-0026-op15,1,unedited_original,base,original_pr8_unedited_archive_member,/mnt/mydata/wja/reasoning-diff/reports/pr10-server-recurrence-review-20261010/source_data/artifacts/rd-pr8-natural-pilot-20261007-light/raw-and-reparsed-pilot.tar.gz::pr8-natural-pilot-20261007-d02a40c/pilot-gpu3/traces.jsonl::line=8,fulltexts/E20.txt,False,True,661a12ce240098215e05b0030e6214c55679c2ebb8647917921ab6ce226f4ba1,pr8-natural-pilot-20261007-d02a40c/pilot-gpu3/traces.jsonl,8,26faef22c5e42cbad5b00d413eaebff90f8b2709c735164be4401a86844ff62b,26faef22c5e42cbad5b00d413eaebff90f8b2709c735164be4401a86844ff62b,True,True,True,,True,,"PR8 archive does not supply PR9-style response/request digests; not applicable, not reported as matched.",True,"PR8 trace IDs collide across original GPU shards. Use run/task/seed/role and archive member/line, not trace ID alone.","[""pr8-natural-pilot-20261007-d02a40c"", ""igsm-official-0026-op15"", 1, ""unedited_original""]",,,,,
E21,pr8-natural-pilot-20261007-d02a40c,trace-base:2:seed2,,igsm-official-0026-op15,igsm-official-0026-op15,2,unedited_original,base,original_pr8_unedited_archive_member,/mnt/mydata/wja/reasoning-diff/reports/pr10-server-recurrence-review-20261010/source_data/artifacts/rd-pr8-natural-pilot-20261007-light/raw-and-reparsed-pilot.tar.gz::pr8-natural-pilot-20261007-d02a40c/pilot-gpu3/traces.jsonl::line=9,fulltexts/E21.txt,False,True,661a12ce240098215e05b0030e6214c55679c2ebb8647917921ab6ce226f4ba1,pr8-natural-pilot-20261007-d02a40c/pilot-gpu3/traces.jsonl,9,12b76939785420e595eaf9371c3704ab98a1c15fcfa0a65cd3796a110bce4a1a,12b76939785420e595eaf9371c3704ab98a1c15fcfa0a65cd3796a110bce4a1a,True,True,True,,True,,"PR8 archive does not supply PR9-style response/request digests; not applicable, not reported as matched.",True,"PR8 trace IDs collide across original GPU shards. Use run/task/seed/role and archive member/line, not trace ID alone.","[""pr8-natural-pilot-20261007-d02a40c"", ""igsm-official-0026-op15"", 2, ""unedited_original""]",,,,,
E22,pr8-natural-pilot-20261007-d02a40c,trace-base:3:seed0,,igsm-official-0045-op10,igsm-official-0045-op10,0,unedited_original,base,original_pr8_unedited_archive_member,/mnt/mydata/wja/reasoning-diff/reports/pr10-server-recurrence-review-20261010/source_data/artifacts/rd-pr8-natural-pilot-20261007-light/raw-and-reparsed-pilot.tar.gz::pr8-natural-pilot-20261007-d02a40c/pilot-gpu3/traces.jsonl::line=10,fulltexts/E22.txt,False,True,661a12ce240098215e05b0030e6214c55679c2ebb8647917921ab6ce226f4ba1,pr8-natural-pilot-20261007-d02a40c/pilot-gpu3/traces.jsonl,10,44a9ef084be1ada14e54e21e64462beedc33a6d2bee3b4aaf875e11f2d042b4f,44a9ef084be1ada14e54e21e64462beedc33a6d2bee3b4aaf875e11f2d042b4f,True,True,True,,True,,"PR8 archive does not supply PR9-style response/request digests; not applicable, not reported as matched.",True,"PR8 trace IDs collide across original GPU shards. Use run/task/seed/role and archive member/line, not trace ID alone.","[""pr8-natural-pilot-20261007-d02a40c"", ""igsm-official-0045-op10"", 0, ""unedited_original""]",,,,,
E23,pr8-natural-pilot-20261007-d02a40c,trace-base:3:seed1,,igsm-official-0045-op10,igsm-official-0045-op10,1,unedited_original,base,original_pr8_unedited_archive_member,/mnt/mydata/wja/reasoning-diff/reports/pr10-server-recurrence-review-20261010/source_data/artifacts/rd-pr8-natural-pilot-20261007-light/raw-and-reparsed-pilot.tar.gz::pr8-natural-pilot-20261007-d02a40c/pilot-gpu3/traces.jsonl::line=11,fulltexts/E23.txt,False,True,661a12ce240098215e05b0030e6214c55679c2ebb8647917921ab6ce226f4ba1,pr8-natural-pilot-20261007-d02a40c/pilot-gpu3/traces.jsonl,11,9637482c1609ebb3daa145ac05822b6a7d4dce160455720c88d6d0ffb9be0593,9637482c1609ebb3daa145ac05822b6a7d4dce160455720c88d6d0ffb9be0593,True,True,True,,True,,"PR8 archive does not supply PR9-style response/request digests; not applicable, not reported as matched.",True,"PR8 trace IDs collide across original GPU shards. Use run/task/seed/role and archive member/line, not trace ID alone.","[""pr8-natural-pilot-20261007-d02a40c"", ""igsm-official-0045-op10"", 1, ""unedited_original""]",,,,,
E24,pr8-natural-pilot-20261007-d02a40c,trace-base:3:seed2,,igsm-official-0045-op10,igsm-official-0045-op10,2,unedited_original,base,original_pr8_unedited_archive_member,/mnt/mydata/wja/reasoning-diff/reports/pr10-server-recurrence-review-20261010/source_data/artifacts/rd-pr8-natural-pilot-20261007-light/raw-and-reparsed-pilot.tar.gz::pr8-natural-pilot-20261007-d02a40c/pilot-gpu3/traces.jsonl::line=12,fulltexts/E24.txt,False,True,661a12ce240098215e05b0030e6214c55679c2ebb8647917921ab6ce226f4ba1,pr8-natural-pilot-20261007-d02a40c/pilot-gpu3/traces.jsonl,12,6a386219320e7c35aac16d97445e99dea2c2d07a4ad1d1d4a25afb921786a5be,6a386219320e7c35aac16d97445e99dea2c2d07a4ad1d1d4a25afb921786a5be,True,True,True,,True,,"PR8 archive does not supply PR9-style response/request digests; not applicable, not reported as matched.",True,"PR8 trace IDs collide across original GPU shards. Use run/task/seed/role and archive member/line, not trace ID alone.","[""pr8-natural-pilot-20261007-d02a40c"", ""igsm-official-0045-op10"", 2, ""unedited_original""]",,,,,
P01,pr9-pilot-20261009,trace-reference:80a6592d5437ea4b13b05989,trace-reference_80a6592d5437ea4b13b05989,igsm-pr9-20261008-0021-op10,igsm-pr9-20261008-0021-op10,0,reference,base,original_pr9_response,/mnt/mydata/wja/reasoning-diff/runs/pr9-pilot-20261009/responses/trace-reference_80a6592d5437ea4b13b05989.json,fulltexts/P01.txt,False,True,,,,37720732064378e9f5ddef6fb73bed39e6c0ef32a39b019785d25006e12eae00,37720732064378e9f5ddef6fb73bed39e6c0ef32a39b019785d25006e12eae00,True,True,,True,True,True,,True,,"[""pr9-pilot-20261009"", ""igsm-pr9-20261008-0021-op10"", 0, ""reference""]",/mnt/mydata/wja/reasoning-diff/runs/pr9-pilot-20261009/responses/trace-reference_80a6592d5437ea4b13b05989.json,7a19b0513dd283dd5380b2a62522f7cb78294f6fdaaa8aa30afe05d64e8e019a,7a19b0513dd283dd5380b2a62522f7cb78294f6fdaaa8aa30afe05d64e8e019a,7514,1970
P02,pr9-pilot-20261009,trace-reference:a61b75c2c33095006e557ca8,trace-reference_a61b75c2c33095006e557ca8,igsm-pr9-20261008-0054-op15,igsm-pr9-20261008-0054-op15,0,reference,base,original_pr9_response,/mnt/mydata/wja/reasoning-diff/runs/pr9-pilot-20261009/responses/trace-reference_a61b75c2c33095006e557ca8.json,fulltexts/P02.txt,False,True,,,,aa21e6c1ecfd21253572343797c080875590fe7c9851436bf93cd69d54ea20fb,aa21e6c1ecfd21253572343797c080875590fe7c9851436bf93cd69d54ea20fb,True,True,,True,True,True,,True,,"[""pr9-pilot-20261009"", ""igsm-pr9-20261008-0054-op15"", 0, ""reference""]",/mnt/mydata/wja/reasoning-diff/runs/pr9-pilot-20261009/responses/trace-reference_a61b75c2c33095006e557ca8.json,de41a53dade8881877c0aed89eae0ae2dad414276e8f547c2236f240051b987f,de41a53dade8881877c0aed89eae0ae2dad414276e8f547c2236f240051b987f,11268,3554
P03,pr9-pilot-20261009,trace-reference:7ffb6d3a5cf0b0bbeeac3c07,trace-reference_7ffb6d3a5cf0b0bbeeac3c07,igsm-pr9-20261008-0039-op21,igsm-pr9-20261008-0039-op21,0,reference,base,original_pr9_response,/mnt/mydata/wja/reasoning-diff/runs/pr9-pilot-20261009/responses/trace-reference_7ffb6d3a5cf0b0bbeeac3c07.json,fulltexts/P03.txt,False,True,,,,7d2b47fdba05dbd9b69082feb33fcd2499a15fbe2efe1b30a313d2575f7b8795,7d2b47fdba05dbd9b69082feb33fcd2499a15fbe2efe1b30a313d2575f7b8795,True,True,,True,True,True,,True,,"[""pr9-pilot-20261009"", ""igsm-pr9-20261008-0039-op21"", 0, ""reference""]",/mnt/mydata/wja/reasoning-diff/runs/pr9-pilot-20261009/responses/trace-reference_7ffb6d3a5cf0b0bbeeac3c07.json,20f85870fa493b964c890c2cc08f7171dc5efe5305d05e64ca2fb9a2ecb26277,20f85870fa493b964c890c2cc08f7171dc5efe5305d05e64ca2fb9a2ecb26277,12658,3577
P04,pr9-pilot-20261009,trace-reference:0eff8df600aa07396e8d1366,trace-reference_0eff8df600aa07396e8d1366,igsm-pr9-20261008-0041-op10,igsm-pr9-20261008-0041-op10,0,reference,base,original_pr9_response,/mnt/mydata/wja/reasoning-diff/runs/pr9-pilot-20261009/responses/trace-reference_0eff8df600aa07396e8d1366.json,fulltexts/P04.txt,False,True,,,,608704b3f59aeecf6d51a94a7cc13b0373c3337056833b874fee62251c8a0acf,608704b3f59aeecf6d51a94a7cc13b0373c3337056833b874fee62251c8a0acf,True,True,,True,True,True,,True,,"[""pr9-pilot-20261009"", ""igsm-pr9-20261008-0041-op10"", 0, ""reference""]",/mnt/mydata/wja/reasoning-diff/runs/pr9-pilot-20261009/responses/trace-reference_0eff8df600aa07396e8d1366.json,41e13ef1637aa30a1f83b0a8ca43fbf5bbad11e147608874f407a65565baa59c,41e13ef1637aa30a1f83b0a8ca43fbf5bbad11e147608874f407a65565baa59c,7778,2267
P05,pr9-pilot-20261009,trace-reference:b62bfbff3185686203757a99,trace-reference_b62bfbff3185686203757a99,igsm-pr9-20261008-0039-op21::noop:front:high,igsm-pr9-20261008-0039-op21,0,reference,related_noop,original_pr9_response,/mnt/mydata/wja/reasoning-diff/runs/pr9-pilot-20261009/responses/trace-reference_b62bfbff3185686203757a99.json,fulltexts/P05.txt,False,True,,,,148dd8dbebbaa68ea97f0729fd3fd342c1fa198293ed574581a803fa5e3bd6d5,148dd8dbebbaa68ea97f0729fd3fd342c1fa198293ed574581a803fa5e3bd6d5,True,True,,True,True,True,,True,,"[""pr9-pilot-20261009"", ""igsm-pr9-20261008-0039-op21::noop:front:high"", 0, ""reference""]",/mnt/mydata/wja/reasoning-diff/runs/pr9-pilot-20261009/responses/trace-reference_b62bfbff3185686203757a99.json,444ae21674fa6d5d6c6a5c8ac1dacf08bf4a97bda6a690b280458e21b0ec1183,444ae21674fa6d5d6c6a5c8ac1dacf08bf4a97bda6a690b280458e21b0ec1183,32808,9902
P06,pr9-pilot-20261009,trace-reference:268c040b06542dba963f8e66,trace-reference_268c040b06542dba963f8e66,igsm-pr9-20261008-0059-op21,igsm-pr9-20261008-0059-op21,0,reference,base,original_pr9_response,/mnt/mydata/wja/reasoning-diff/runs/pr9-pilot-20261009/responses/trace-reference_268c040b06542dba963f8e66.json,fulltexts/P06.txt,False,True,,,,cd5942303b362e12e58922f16217966afa008ff24667d8654667625d1ac04fee,cd5942303b362e12e58922f16217966afa008ff24667d8654667625d1ac04fee,True,True,,True,True,True,,True,,"[""pr9-pilot-20261009"", ""igsm-pr9-20261008-0059-op21"", 0, ""reference""]",/mnt/mydata/wja/reasoning-diff/runs/pr9-pilot-20261009/responses/trace-reference_268c040b06542dba963f8e66.json,6a9d05b329895c70f3e14cf7de28d2df63cc07f53f4e2e822405b433f00d833d,6a9d05b329895c70f3e14cf7de28d2df63cc07f53f4e2e822405b433f00d833d,9488,2487
P07,pr9-pilot-20261009,trace-reference:eea93471409ec23f31610217,trace-reference_eea93471409ec23f31610217,igsm-pr9-20261008-0012-op5,igsm-pr9-20261008-0012-op5,0,reference,base,original_pr9_response,/mnt/mydata/wja/reasoning-diff/runs/pr9-pilot-20261009/responses/trace-reference_eea93471409ec23f31610217.json,fulltexts/P07.txt,False,True,,,,34dc8ac8c45432368fb3df6e647dacc682a370b7ea26078b78fd457adc4c3c3a,34dc8ac8c45432368fb3df6e647dacc682a370b7ea26078b78fd457adc4c3c3a,True,True,,True,True,True,,True,,"[""pr9-pilot-20261009"", ""igsm-pr9-20261008-0012-op5"", 0, ""reference""]",/mnt/mydata/wja/reasoning-diff/runs/pr9-pilot-20261009/responses/trace-reference_eea93471409ec23f31610217.json,20da280e477d9286c4a8f6b0c74b398dce4fa138ef1ded653a54615161cac05c,20da280e477d9286c4a8f6b0c74b398dce4fa138ef1ded653a54615161cac05c,6149,1652
P08,pr9-pilot-20261009,trace-reference:9119d0272951a950ee39edbe,trace-reference_9119d0272951a950ee39edbe,igsm-pr9-20261008-0052-op5::noop:front:low,igsm-pr9-20261008-0052-op5,0,reference,neutral_noop,original_pr9_response,/mnt/mydata/wja/reasoning-diff/runs/pr9-pilot-20261009/responses/trace-reference_9119d0272951a950ee39edbe.json,fulltexts/P08.txt,False,True,,,,bcb254d15290518bbc96b91b96ae3b08efb483934631bc8bbda44968a1e7e359,bcb254d15290518bbc96b91b96ae3b08efb483934631bc8bbda44968a1e7e359,True,True,,True,True,True,,True,,"[""pr9-pilot-20261009"", ""igsm-pr9-20261008-0052-op5::noop:front:low"", 0, ""reference""]",/mnt/mydata/wja/reasoning-diff/runs/pr9-pilot-20261009/responses/trace-reference_9119d0272951a950ee39edbe.json,c9895112cfe079ad6473d31e006752b6bffb4d3e617de1130fcc8793b2e861b7,c9895112cfe079ad6473d31e006752b6bffb4d3e617de1130fcc8793b2e861b7,9445,3174
P09,pr9-pilot-20261009,trace-reference:98e0d92699f5f08253cc2ccc,trace-reference_98e0d92699f5f08253cc2ccc,igsm-pr9-20261008-0052-op5,igsm-pr9-20261008-0052-op5,0,reference,base,original_pr9_response,/mnt/mydata/wja/reasoning-diff/runs/pr9-pilot-20261009/responses/trace-reference_98e0d92699f5f08253cc2ccc.json,fulltexts/P09.txt,False,True,,,,ac85737570557db64516d20721db0c1201c573209bd59f0292bda1512581ce96,ac85737570557db64516d20721db0c1201c573209bd59f0292bda1512581ce96,True,True,,True,True,True,,True,,"[""pr9-pilot-20261009"", ""igsm-pr9-20261008-0052-op5"", 0, ""reference""]",/mnt/mydata/wja/reasoning-diff/runs/pr9-pilot-20261009/responses/trace-reference_98e0d92699f5f08253cc2ccc.json,b55f2c7a09989821d2f4dd0ff8d61c6c10cbe8b277faf2cf568e8da26dd12864,b55f2c7a09989821d2f4dd0ff8d61c6c10cbe8b277faf2cf568e8da26dd12864,13687,4500
P10,pr9-pilot-20261009,trace-reference:b4afa1c7f06cc0d24f298ce7,trace-reference_b4afa1c7f06cc0d24f298ce7,igsm-pr9-20261008-0004-op5,igsm-pr9-20261008-0004-op5,0,reference,base,original_pr9_response,/mnt/mydata/wja/reasoning-diff/runs/pr9-pilot-20261009/responses/trace-reference_b4afa1c7f06cc0d24f298ce7.json,fulltexts/P10.txt,False,True,,,,824d2eb12a907e3dfd94f2dd47f3b29854b1130af3c8c52060a8d6b3ff2f9864,824d2eb12a907e3dfd94f2dd47f3b29854b1130af3c8c52060a8d6b3ff2f9864,True,True,,True,True,True,,True,,"[""pr9-pilot-20261009"", ""igsm-pr9-20261008-0004-op5"", 0, ""reference""]",/mnt/mydata/wja/reasoning-diff/runs/pr9-pilot-20261009/responses/trace-reference_b4afa1c7f06cc0d24f298ce7.json,0ad6d039df35e8d7bbbd2b446d13806e2b58fdf7d2c2bc424db0ef2738c70f61,0ad6d039df35e8d7bbbd2b446d13806e2b58fdf7d2c2bc424db0ef2738c70f61,5883,1538
P11,pr9-pilot-20261009,trace-reference:7e871b280248b93787fe30dd,trace-reference_7e871b280248b93787fe30dd,igsm-pr9-20261008-0025-op10::noop:front:low,igsm-pr9-20261008-0025-op10,0,reference,neutral_noop,original_pr9_response,/mnt/mydata/wja/reasoning-diff/runs/pr9-pilot-20261009/responses/trace-reference_7e871b280248b93787fe30dd.json,fulltexts/P11.txt,False,True,,,,d5220f2fb1fd8ea702e33b9c627fd9afd5ded197826051b2d76540d4537e73dc,d5220f2fb1fd8ea702e33b9c627fd9afd5ded197826051b2d76540d4537e73dc,True,True,,True,True,True,,True,,"[""pr9-pilot-20261009"", ""igsm-pr9-20261008-0025-op10::noop:front:low"", 0, ""reference""]",/mnt/mydata/wja/reasoning-diff/runs/pr9-pilot-20261009/responses/trace-reference_7e871b280248b93787fe30dd.json,05a7d2789d508e1052328a000833220bb7601b78520a97a37b3a26fd62dd797a,05a7d2789d508e1052328a000833220bb7601b78520a97a37b3a26fd62dd797a,12042,3720
P12,pr9-pilot-20261009,trace-reference:c31e38344e23f485e1fa3c07,trace-reference_c31e38344e23f485e1fa3c07,igsm-pr9-20261008-0025-op10,igsm-pr9-20261008-0025-op10,0,reference,base,original_pr9_response,/mnt/mydata/wja/reasoning-diff/runs/pr9-pilot-20261009/responses/trace-reference_c31e38344e23f485e1fa3c07.json,fulltexts/P12.txt,False,True,,,,cdef80dc4fc1baf7171a3849999c07adb3e8932becf6732f0e5b9c8e89fab717,cdef80dc4fc1baf7171a3849999c07adb3e8932becf6732f0e5b9c8e89fab717,True,True,,True,True,True,,True,,"[""pr9-pilot-20261009"", ""igsm-pr9-20261008-0025-op10"", 0, ""reference""]",/mnt/mydata/wja/reasoning-diff/runs/pr9-pilot-20261009/responses/trace-reference_c31e38344e23f485e1fa3c07.json,c9e12f3b6908958cfbe88cacc61664ad4398a2ebc016826e13f175fbc2c65493,c9e12f3b6908958cfbe88cacc61664ad4398a2ebc016826e13f175fbc2c65493,9876,3168
P13,pr9-pilot-20261009,trace-reference:b67c22430c06d4ab1bd46302,trace-reference_b67c22430c06d4ab1bd46302,igsm-pr9-20261008-0041-op10::noop:front:low,igsm-pr9-20261008-0041-op10,0,reference,neutral_noop,original_pr9_response,/mnt/mydata/wja/reasoning-diff/runs/pr9-pilot-20261009/responses/trace-reference_b67c22430c06d4ab1bd46302.json,fulltexts/P13.txt,False,True,,,,2fe09b496592254b317bf6671746adf0d589bfb5b3271b8f44138f5b663a457e,2fe09b496592254b317bf6671746adf0d589bfb5b3271b8f44138f5b663a457e,True,True,,True,True,True,,True,,"[""pr9-pilot-20261009"", ""igsm-pr9-20261008-0041-op10::noop:front:low"", 0, ""reference""]",/mnt/mydata/wja/reasoning-diff/runs/pr9-pilot-20261009/responses/trace-reference_b67c22430c06d4ab1bd46302.json,af8ed4070913e963dab5dcf8234e19749dc9c5464d874dfa737f33a9dc0e3181,af8ed4070913e963dab5dcf8234e19749dc9c5464d874dfa737f33a9dc0e3181,9729,2653
P14,pr9-pilot-20261009,trace-reference:68c40166ebc546866eed53b5,trace-reference_68c40166ebc546866eed53b5,igsm-pr9-20261008-0025-op10::noop:front:high,igsm-pr9-20261008-0025-op10,0,reference,related_noop,original_pr9_response,/mnt/mydata/wja/reasoning-diff/runs/pr9-pilot-20261009/responses/trace-reference_68c40166ebc546866eed53b5.json,fulltexts/P14.txt,False,True,,,,e5271beca5b72f2a14b7df7c03e0c9a7c05ba481884b9143899ddf4030ae445b,e5271beca5b72f2a14b7df7c03e0c9a7c05ba481884b9143899ddf4030ae445b,True,True,,True,True,True,,True,,"[""pr9-pilot-20261009"", ""igsm-pr9-20261008-0025-op10::noop:front:high"", 0, ""reference""]",/mnt/mydata/wja/reasoning-diff/runs/pr9-pilot-20261009/responses/trace-reference_68c40166ebc546866eed53b5.json,db0801f9acc3bc63a6af7e6c3abf23d1ff7c07cea0af09e3cdea1f2079c0bb6f,db0801f9acc3bc63a6af7e6c3abf23d1ff7c07cea0af09e3cdea1f2079c0bb6f,14323,4391
P15,pr9-pilot-20261009,trace-reference:14cbf7a7f2879a1c42e60c49,trace-reference_14cbf7a7f2879a1c42e60c49,igsm-pr9-20261008-0021-op10::noop:front:high,igsm-pr9-20261008-0021-op10,0,reference,related_noop,original_pr9_response,/mnt/mydata/wja/reasoning-diff/runs/pr9-pilot-20261009/responses/trace-reference_14cbf7a7f2879a1c42e60c49.json,fulltexts/P15.txt,False,True,,,,69504e408acedfbde1b282d228e6446d197b5bd350cdd7c3f99c085ef59676aa,69504e408acedfbde1b282d228e6446d197b5bd350cdd7c3f99c085ef59676aa,True,True,,True,True,True,,True,,"[""pr9-pilot-20261009"", ""igsm-pr9-20261008-0021-op10::noop:front:high"", 0, ""reference""]",/mnt/mydata/wja/reasoning-diff/runs/pr9-pilot-20261009/responses/trace-reference_14cbf7a7f2879a1c42e60c49.json,b827cc8450c780b6aaaafd1461500a404bc4c74d1bb0775766eac376b6bca9a7,b827cc8450c780b6aaaafd1461500a404bc4c74d1bb0775766eac376b6bca9a7,13419,3509
P16,pr9-pilot-20261009,trace-reference:501b6edea7c0a13670ad4023,trace-reference_501b6edea7c0a13670ad4023,igsm-pr9-20261008-0054-op15::noop:front:low,igsm-pr9-20261008-0054-op15,0,reference,neutral_noop,original_pr9_response,/mnt/mydata/wja/reasoning-diff/runs/pr9-pilot-20261009/responses/trace-reference_501b6edea7c0a13670ad4023.json,fulltexts/P16.txt,False,True,,,,617e587a299bfded3367647639adae917528cbe97333cfa1951dd0942a787ac9,617e587a299bfded3367647639adae917528cbe97333cfa1951dd0942a787ac9,True,True,,True,True,True,,True,,"[""pr9-pilot-20261009"", ""igsm-pr9-20261008-0054-op15::noop:front:low"", 0, ""reference""]",/mnt/mydata/wja/reasoning-diff/runs/pr9-pilot-20261009/responses/trace-reference_501b6edea7c0a13670ad4023.json,8766ff6449982481acca669a48ca77670f9fb53bf1a42c8b7333b1d668bd2d16,8766ff6449982481acca669a48ca77670f9fb53bf1a42c8b7333b1d668bd2d16,10406,3644
P17,pr9-pilot-20261009,trace-reference:ff9bdaa29e34e8b4829dea26,trace-reference_ff9bdaa29e34e8b4829dea26,igsm-pr9-20261008-0062-op15::noop:front:high,igsm-pr9-20261008-0062-op15,0,reference,related_noop,original_pr9_response,/mnt/mydata/wja/reasoning-diff/runs/pr9-pilot-20261009/responses/trace-reference_ff9bdaa29e34e8b4829dea26.json,fulltexts/P17.txt,False,True,,,,13459b7c9496a668db430978385eec064ac616460ae16795473878645e1c1dcd,13459b7c9496a668db430978385eec064ac616460ae16795473878645e1c1dcd,True,True,,True,True,True,,True,,"[""pr9-pilot-20261009"", ""igsm-pr9-20261008-0062-op15::noop:front:high"", 0, ""reference""]",/mnt/mydata/wja/reasoning-diff/runs/pr9-pilot-20261009/responses/trace-reference_ff9bdaa29e34e8b4829dea26.json,a78ee5f2e5f7421e8e0af753505ab518e137901d8cda4714d5410228afa4f0df,a78ee5f2e5f7421e8e0af753505ab518e137901d8cda4714d5410228afa4f0df,15773,4279
P18,pr9-pilot-20261009,trace-reference:c0903dbde943b2020da0ec20,trace-reference_c0903dbde943b2020da0ec20,igsm-pr9-20261008-0012-op5::noop:front:high,igsm-pr9-20261008-0012-op5,0,reference,related_noop,original_pr9_response,/mnt/mydata/wja/reasoning-diff/runs/pr9-pilot-20261009/responses/trace-reference_c0903dbde943b2020da0ec20.json,fulltexts/P18.txt,False,True,,,,bb0ca81c52170aa1054854d85ba8ccfe350ebde2bbae1f32051af13f5e0cd4b7,bb0ca81c52170aa1054854d85ba8ccfe350ebde2bbae1f32051af13f5e0cd4b7,True,True,,True,True,True,,True,,"[""pr9-pilot-20261009"", ""igsm-pr9-20261008-0012-op5::noop:front:high"", 0, ""reference""]",/mnt/mydata/wja/reasoning-diff/runs/pr9-pilot-20261009/responses/trace-reference_c0903dbde943b2020da0ec20.json,d003d063a0f30211b20f50beecb66e0b4b39df6e57aaa0a1fd0ce534a07ed0ee,d003d063a0f30211b20f50beecb66e0b4b39df6e57aaa0a1fd0ce534a07ed0ee,7902,1990
P19,pr9-pilot-20261009,trace-reference:0a7681fecab46e03bed0241e,trace-reference_0a7681fecab46e03bed0241e,igsm-pr9-20261008-0015-op21::noop:front:high,igsm-pr9-20261008-0015-op21,0,reference,related_noop,original_pr9_response,/mnt/mydata/wja/reasoning-diff/runs/pr9-pilot-20261009/responses/trace-reference_0a7681fecab46e03bed0241e.json,fulltexts/P19.txt,False,True,,,,36050fe339836c4587aaa9c79345947e2c18bd397ffa77c3a4f62aedd022da83,36050fe339836c4587aaa9c79345947e2c18bd397ffa77c3a4f62aedd022da83,True,True,,True,True,True,,True,,"[""pr9-pilot-20261009"", ""igsm-pr9-20261008-0015-op21::noop:front:high"", 0, ""reference""]",/mnt/mydata/wja/reasoning-diff/runs/pr9-pilot-20261009/responses/trace-reference_0a7681fecab46e03bed0241e.json,6aeb05a3a8ecce7805f17b58a7c6e6f2004df6d252dffc5c35788b8a746fd2c1,6aeb05a3a8ecce7805f17b58a7c6e6f2004df6d252dffc5c35788b8a746fd2c1,22563,6184
P20,pr9-pilot-20261009,trace-reference:673c995fdd58d131cf52897d,trace-reference_673c995fdd58d131cf52897d,igsm-pr9-20261008-0026-op15::noop:front:low,igsm-pr9-20261008-0026-op15,0,reference,neutral_noop,original_pr9_response,/mnt/mydata/wja/reasoning-diff/runs/pr9-pilot-20261009/responses/trace-reference_673c995fdd58d131cf52897d.json,fulltexts/P20.txt,False,True,,,,e1d5753bdb98d6f6a4719e9fc4b5064f398b8dd60b026fc367af1e62e37291e5,e1d5753bdb98d6f6a4719e9fc4b5064f398b8dd60b026fc367af1e62e37291e5,True,True,,True,True,True,,True,,"[""pr9-pilot-20261009"", ""igsm-pr9-20261008-0026-op15::noop:front:low"", 0, ""reference""]",/mnt/mydata/wja/reasoning-diff/runs/pr9-pilot-20261009/responses/trace-reference_673c995fdd58d131cf52897d.json,776bd551b25d8a8d7a258323b926896e5e0c5aa84b4d44ff193bff2a262f4d42,776bd551b25d8a8d7a258323b926896e5e0c5aa84b4d44ff193bff2a262f4d42,9958,3374
P21,pr9-pilot-20261009,trace-reference:e7beb0a25879e3ca1320921e,trace-reference_e7beb0a25879e3ca1320921e,igsm-pr9-20261008-0059-op21::noop:front:high,igsm-pr9-20261008-0059-op21,0,reference,related_noop,original_pr9_response,/mnt/mydata/wja/reasoning-diff/runs/pr9-pilot-20261009/responses/trace-reference_e7beb0a25879e3ca1320921e.json,fulltexts/P21.txt,False,True,,,,03bc13c422043e2acc784b54b528e13f80aee966fd545f9fef7b0aa4e8a8d8e5,03bc13c422043e2acc784b54b528e13f80aee966fd545f9fef7b0aa4e8a8d8e5,True,True,,True,True,True,,True,,"[""pr9-pilot-20261009"", ""igsm-pr9-20261008-0059-op21::noop:front:high"", 0, ""reference""]",/mnt/mydata/wja/reasoning-diff/runs/pr9-pilot-20261009/responses/trace-reference_e7beb0a25879e3ca1320921e.json,25b7912ef155cd6a682ca262813c3ec43292b4189649cbb2fb058836dfeefa5c,25b7912ef155cd6a682ca262813c3ec43292b4189649cbb2fb058836dfeefa5c,14522,4099
P22,pr9-pilot-20261009,trace-reference:22d78c20777d7b81793a2fa3,trace-reference_22d78c20777d7b81793a2fa3,igsm-pr9-20261008-0026-op15::noop:front:high,igsm-pr9-20261008-0026-op15,0,reference,related_noop,original_pr9_response,/mnt/mydata/wja/reasoning-diff/runs/pr9-pilot-20261009/responses/trace-reference_22d78c20777d7b81793a2fa3.json,fulltexts/P22.txt,False,True,,,,73707a941dc46b16cf92c34782b99564284f7e1a18bfc12b13270e669d617e90,73707a941dc46b16cf92c34782b99564284f7e1a18bfc12b13270e669d617e90,True,True,,True,True,True,,True,,"[""pr9-pilot-20261009"", ""igsm-pr9-20261008-0026-op15::noop:front:high"", 0, ""reference""]",/mnt/mydata/wja/reasoning-diff/runs/pr9-pilot-20261009/responses/trace-reference_22d78c20777d7b81793a2fa3.json,e3bc7c89cb018ea29711ccf9c94b3d63ad1f7495294b595efa0e2ee93dd23c0b,e3bc7c89cb018ea29711ccf9c94b3d63ad1f7495294b595efa0e2ee93dd23c0b,19957,6072
P23,pr9-pilot-20261009,trace-reference:6856027ed00e4eb7bde61535,trace-reference_6856027ed00e4eb7bde61535,igsm-pr9-20261008-0026-op15,igsm-pr9-20261008-0026-op15,0,reference,base,original_pr9_response,/mnt/mydata/wja/reasoning-diff/runs/pr9-pilot-20261009/responses/trace-reference_6856027ed00e4eb7bde61535.json,fulltexts/P23.txt,False,True,,,,06d95a36ace0fa31618b313e279f476627249855956ccb3e2a03b8404409262a,06d95a36ace0fa31618b313e279f476627249855956ccb3e2a03b8404409262a,True,True,,True,True,True,,True,,"[""pr9-pilot-20261009"", ""igsm-pr9-20261008-0026-op15"", 0, ""reference""]",/mnt/mydata/wja/reasoning-diff/runs/pr9-pilot-20261009/responses/trace-reference_6856027ed00e4eb7bde61535.json,d6f2a590d2bd7890f20fc49ff8ca93e4e2accd6be79d1b1da7a8aabe3083b344,d6f2a590d2bd7890f20fc49ff8ca93e4e2accd6be79d1b1da7a8aabe3083b344,7904,2284
P24,pr9-pilot-20261009,trace-reference:1430a3bc689d200491cfa530,trace-reference_1430a3bc689d200491cfa530,igsm-pr9-20261008-0041-op10::noop:front:high,igsm-pr9-20261008-0041-op10,0,reference,related_noop,original_pr9_response,/mnt/mydata/wja/reasoning-diff/runs/pr9-pilot-20261009/responses/trace-reference_1430a3bc689d200491cfa530.json,fulltexts/P24.txt,False,True,,,,5db10c042757ace9020dad443a1577651cdb4f4e9bf757f7a19dd172d38f8b3c,5db10c042757ace9020dad443a1577651cdb4f4e9bf757f7a19dd172d38f8b3c,True,True,,True,True,True,,True,,"[""pr9-pilot-20261009"", ""igsm-pr9-20261008-0041-op10::noop:front:high"", 0, ""reference""]",/mnt/mydata/wja/reasoning-diff/runs/pr9-pilot-20261009/responses/trace-reference_1430a3bc689d200491cfa530.json,4e0a3969cc38e8e91e1a2cb20b016d538b7249123333667a2518a39cb8daceab,4e0a3969cc38e8e91e1a2cb20b016d538b7249123333667a2518a39cb8daceab,18443,4795
P25,pr9-pilot-20261009,trace-noise:06909d58f4fd013b21c6e64d,trace-noise_06909d58f4fd013b21c6e64d,igsm-pr9-20261008-0012-op5::noop:front:low,igsm-pr9-20261008-0012-op5,3,noise,neutral_noop,original_pr9_response,/mnt/mydata/wja/reasoning-diff/runs/pr9-pilot-20261009/responses/trace-noise_06909d58f4fd013b21c6e64d.json,fulltexts/P25.txt,True,True,,,,89d0929ab37ea1dee44b1a27030fde5e0037fc94df0e8091deea47b063551bfa,89d0929ab37ea1dee44b1a27030fde5e0037fc94df0e8091deea47b063551bfa,True,True,,True,True,True,,True,,"[""pr9-pilot-20261009"", ""igsm-pr9-20261008-0012-op5::noop:front:low"", 3, ""noise""]",/mnt/mydata/wja/reasoning-diff/runs/pr9-pilot-20261009/responses/trace-noise_06909d58f4fd013b21c6e64d.json,9cb85e05dfa67e3d214bb2281039ef64ff14d490e320e8136b591d95215d3d8e,9cb85e05dfa67e3d214bb2281039ef64ff14d490e320e8136b591d95215d3d8e,4492,1012
P26,pr9-pilot-20261009,trace-noise:0a33d6a23b6a3176368c4400,trace-noise_0a33d6a23b6a3176368c4400,igsm-pr9-20261008-0026-op15::noop:front:high,igsm-pr9-20261008-0026-op15,3,noise,related_noop,original_pr9_response,/mnt/mydata/wja/reasoning-diff/runs/pr9-pilot-20261009/responses/trace-noise_0a33d6a23b6a3176368c4400.json,fulltexts/P26.txt,True,True,,,,e8b8f7860dc05709c7c0f02f9449a4c59f822d2758f57ccbdd22e2ac9e4c87aa,e8b8f7860dc05709c7c0f02f9449a4c59f822d2758f57ccbdd22e2ac9e4c87aa,True,True,,True,True,True,,True,,"[""pr9-pilot-20261009"", ""igsm-pr9-20261008-0026-op15::noop:front:high"", 3, ""noise""]",/mnt/mydata/wja/reasoning-diff/runs/pr9-pilot-20261009/responses/trace-noise_0a33d6a23b6a3176368c4400.json,bf394029bdc474b4e23fe48cece6e06206cd289cfc7995c1d84479746bb51366,bf394029bdc474b4e23fe48cece6e06206cd289cfc7995c1d84479746bb51366,17436,5268
P27,pr9-pilot-20261009,trace-noise:12f7c4688307f0277859a7f0,trace-noise_12f7c4688307f0277859a7f0,igsm-pr9-20261008-0015-op21::noop:front:high,igsm-pr9-20261008-0015-op21,3,noise,related_noop,original_pr9_response,/mnt/mydata/wja/reasoning-diff/runs/pr9-pilot-20261009/responses/trace-noise_12f7c4688307f0277859a7f0.json,fulltexts/P27.txt,True,True,,,,2670580594a727c2918ab6699426926d250407e145ce3c18dffc06c043428872,2670580594a727c2918ab6699426926d250407e145ce3c18dffc06c043428872,True,True,,True,True,True,,True,,"[""pr9-pilot-20261009"", ""igsm-pr9-20261008-0015-op21::noop:front:high"", 3, ""noise""]",/mnt/mydata/wja/reasoning-diff/runs/pr9-pilot-20261009/responses/trace-noise_12f7c4688307f0277859a7f0.json,0bd137f52dc1c74abfb505818e875a09705c78115d4a9d5677c2164837d65f92,0bd137f52dc1c74abfb505818e875a09705c78115d4a9d5677c2164837d65f92,25872,7304
P28,pr9-pilot-20261009,trace-noise:16a6906b4f95963483484af2,trace-noise_16a6906b4f95963483484af2,igsm-pr9-20261008-0004-op5::noop:front:low,igsm-pr9-20261008-0004-op5,3,noise,neutral_noop,original_pr9_response,/mnt/mydata/wja/reasoning-diff/runs/pr9-pilot-20261009/responses/trace-noise_16a6906b4f95963483484af2.json,fulltexts/P28.txt,True,True,,,,d9d68a66228f03ac65c4ed72b794c59022366ca8989dc2ccc88436f13376e147,d9d68a66228f03ac65c4ed72b794c59022366ca8989dc2ccc88436f13376e147,True,True,,True,True,True,,True,,"[""pr9-pilot-20261009"", ""igsm-pr9-20261008-0004-op5::noop:front:low"", 3, ""noise""]",/mnt/mydata/wja/reasoning-diff/runs/pr9-pilot-20261009/responses/trace-noise_16a6906b4f95963483484af2.json,af2a3af3282f38eeb5327aa8f315693f4f7a39fdbe4bbac095d9c8541a1ec32e,af2a3af3282f38eeb5327aa8f315693f4f7a39fdbe4bbac095d9c8541a1ec32e,4791,1275
P29,pr9-pilot-20261009,trace-noise:1b71476d97ceccf6e2cd35b5,trace-noise_1b71476d97ceccf6e2cd35b5,igsm-pr9-20261008-0054-op15,igsm-pr9-20261008-0054-op15,3,noise,base,original_pr9_response,/mnt/mydata/wja/reasoning-diff/runs/pr9-pilot-20261009/responses/trace-noise_1b71476d97ceccf6e2cd35b5.json,fulltexts/P29.txt,True,True,,,,e19c4d9bb24becb35107cd2b98ef8702ef61d384e1b5687697df024e9b50c0ed,e19c4d9bb24becb35107cd2b98ef8702ef61d384e1b5687697df024e9b50c0ed,True,True,,True,True,True,,True,,"[""pr9-pilot-20261009"", ""igsm-pr9-20261008-0054-op15"", 3, ""noise""]",/mnt/mydata/wja/reasoning-diff/runs/pr9-pilot-20261009/responses/trace-noise_1b71476d97ceccf6e2cd35b5.json,3d84a5d92481df8140767176aac5c40440520e37accb300e6b5f3936312f0616,3d84a5d92481df8140767176aac5c40440520e37accb300e6b5f3936312f0616,11331,3753
P30,pr9-pilot-20261009,trace-noise:1ba93bf90a8c2c9890ebcf00,trace-noise_1ba93bf90a8c2c9890ebcf00,igsm-pr9-20261008-0039-op21::noop:front:low,igsm-pr9-20261008-0039-op21,3,noise,neutral_noop,original_pr9_response,/mnt/mydata/wja/reasoning-diff/runs/pr9-pilot-20261009/responses/trace-noise_1ba93bf90a8c2c9890ebcf00.json,fulltexts/P30.txt,True,True,,,,2a0177e7e0cef24c3308527afaa1b2f9a767400cbd49a9d5e60f854cfb827f21,2a0177e7e0cef24c3308527afaa1b2f9a767400cbd49a9d5e60f854cfb827f21,True,True,,True,True,True,,True,,"[""pr9-pilot-20261009"", ""igsm-pr9-20261008-0039-op21::noop:front:low"", 3, ""noise""]",/mnt/mydata/wja/reasoning-diff/runs/pr9-pilot-20261009/responses/trace-noise_1ba93bf90a8c2c9890ebcf00.json,b60b93e811f07522856c6c22c07a2bfb608138ffe8cf4dd40a9fcf93f41212df,b60b93e811f07522856c6c22c07a2bfb608138ffe8cf4dd40a9fcf93f41212df,12960,4192
P31,pr9-pilot-20261009,trace-noise:2182f1b4d241fd4f9dae90df,trace-noise_2182f1b4d241fd4f9dae90df,igsm-pr9-20261008-0062-op15::noop:front:high,igsm-pr9-20261008-0062-op15,3,noise,related_noop,original_pr9_response,/mnt/mydata/wja/reasoning-diff/runs/pr9-pilot-20261009/responses/trace-noise_2182f1b4d241fd4f9dae90df.json,fulltexts/P31.txt,True,True,,,,83c37a1d41cdfdf9a990a379efc326d81b97993368aa483f12650dabe599145b,83c37a1d41cdfdf9a990a379efc326d81b97993368aa483f12650dabe599145b,True,True,,True,True,True,,True,,"[""pr9-pilot-20261009"", ""igsm-pr9-20261008-0062-op15::noop:front:high"", 3, ""noise""]",/mnt/mydata/wja/reasoning-diff/runs/pr9-pilot-20261009/responses/trace-noise_2182f1b4d241fd4f9dae90df.json,4b05d049e9408acf7d95e0a5542b76f3387e06c1009f3125b3a977e99ac52ee1,4b05d049e9408acf7d95e0a5542b76f3387e06c1009f3125b3a977e99ac52ee1,26478,6844
P32,pr9-pilot-20261009,trace-noise:2f08ca039e019fcc04e5da4d,trace-noise_2f08ca039e019fcc04e5da4d,igsm-pr9-20261008-0052-op5::noop:front:high,igsm-pr9-20261008-0052-op5,3,noise,related_noop,original_pr9_response,/mnt/mydata/wja/reasoning-diff/runs/pr9-pilot-20261009/responses/trace-noise_2f08ca039e019fcc04e5da4d.json,fulltexts/P32.txt,True,True,,,,5360b00633e780e5f7c365e44ddbfee993c68b806cba3fbe69ab0c3bdcc71800,5360b00633e780e5f7c365e44ddbfee993c68b806cba3fbe69ab0c3bdcc71800,True,True,,True,True,True,,True,,"[""pr9-pilot-20261009"", ""igsm-pr9-20261008-0052-op5::noop:front:high"", 3, ""noise""]",/mnt/mydata/wja/reasoning-diff/runs/pr9-pilot-20261009/responses/trace-noise_2f08ca039e019fcc04e5da4d.json,9eac6a4642d41d336e451227e2548431ca77a1c0d4dcfcf491b109a4e168b793,9eac6a4642d41d336e451227e2548431ca77a1c0d4dcfcf491b109a4e168b793,11945,3660
P33,pr9-pilot-20261009,trace-noise:2fae46374d0e14163dad9d89,trace-noise_2fae46374d0e14163dad9d89,igsm-pr9-20261008-0015-op21,igsm-pr9-20261008-0015-op21,3,noise,base,original_pr9_response,/mnt/mydata/wja/reasoning-diff/runs/pr9-pilot-20261009/responses/trace-noise_2fae46374d0e14163dad9d89.json,fulltexts/P33.txt,True,True,,,,e40a2dd7d6f6f17fc6ae873b8171047b7f63bc6df6d151a1d3b741360e158354,e40a2dd7d6f6f17fc6ae873b8171047b7f63bc6df6d151a1d3b741360e158354,True,True,,True,True,True,,True,,"[""pr9-pilot-20261009"", ""igsm-pr9-20261008-0015-op21"", 3, ""noise""]",/mnt/mydata/wja/reasoning-diff/runs/pr9-pilot-20261009/responses/trace-noise_2fae46374d0e14163dad9d89.json,0cfd4ce8522c7624aedf46fef609985344a0f6a509a20031d17d9f510d2ef8a5,0cfd4ce8522c7624aedf46fef609985344a0f6a509a20031d17d9f510d2ef8a5,11839,3496
P34,pr9-pilot-20261009,trace-noise:32776abd5869dc50be4a06ff,trace-noise_32776abd5869dc50be4a06ff,igsm-pr9-20261008-0025-op10::noop:front:low,igsm-pr9-20261008-0025-op10,3,noise,neutral_noop,original_pr9_response,/mnt/mydata/wja/reasoning-diff/runs/pr9-pilot-20261009/responses/trace-noise_32776abd5869dc50be4a06ff.json,fulltexts/P34.txt,True,True,,,,15f6d23908acc13921bb7d96f270e30e0c4e1b4885061fd0e328b9ffb278775e,15f6d23908acc13921bb7d96f270e30e0c4e1b4885061fd0e328b9ffb278775e,True,True,,True,True,True,,True,,"[""pr9-pilot-20261009"", ""igsm-pr9-20261008-0025-op10::noop:front:low"", 3, ""noise""]",/mnt/mydata/wja/reasoning-diff/runs/pr9-pilot-20261009/responses/trace-noise_32776abd5869dc50be4a06ff.json,1270908c564c73f35806301fc26e25bf82cd9630cd8c5eac2e1c85eb2b4786d0,1270908c564c73f35806301fc26e25bf82cd9630cd8c5eac2e1c85eb2b4786d0,11198,3422
P35,pr9-pilot-20261009,trace-noise:3307bfc23141268c6d84d6aa,trace-noise_3307bfc23141268c6d84d6aa,igsm-pr9-20261008-0059-op21::noop:front:low,igsm-pr9-20261008-0059-op21,3,noise,neutral_noop,original_pr9_response,/mnt/mydata/wja/reasoning-diff/runs/pr9-pilot-20261009/responses/trace-noise_3307bfc23141268c6d84d6aa.json,fulltexts/P35.txt,True,True,,,,5935f337247e6d729c503d4992cda830b7e524c8103097cca44ff2340029d0b9,5935f337247e6d729c503d4992cda830b7e524c8103097cca44ff2340029d0b9,True,True,,True,True,True,,True,,"[""pr9-pilot-20261009"", ""igsm-pr9-20261008-0059-op21::noop:front:low"", 3, ""noise""]",/mnt/mydata/wja/reasoning-diff/runs/pr9-pilot-20261009/responses/trace-noise_3307bfc23141268c6d84d6aa.json,d55e4f92e0873bff7c40ebd5f791c4789189868e0691b43c13ae5259703b311b,d55e4f92e0873bff7c40ebd5f791c4789189868e0691b43c13ae5259703b311b,11649,3135
P36,pr9-pilot-20261009,trace-noise:345d7bbd438a304f1331a4cc,trace-noise_345d7bbd438a304f1331a4cc,igsm-pr9-20261008-0012-op5,igsm-pr9-20261008-0012-op5,3,noise,base,original_pr9_response,/mnt/mydata/wja/reasoning-diff/runs/pr9-pilot-20261009/responses/trace-noise_345d7bbd438a304f1331a4cc.json,fulltexts/P36.txt,True,True,,,,b38a0258984090e0a2cd18d94f1179c9bf23bc6f50826fce39e3caff34374d56,b38a0258984090e0a2cd18d94f1179c9bf23bc6f50826fce39e3caff34374d56,True,True,,True,True,True,,True,,"[""pr9-pilot-20261009"", ""igsm-pr9-20261008-0012-op5"", 3, ""noise""]",/mnt/mydata/wja/reasoning-diff/runs/pr9-pilot-20261009/responses/trace-noise_345d7bbd438a304f1331a4cc.json,5434fa6a0a6fc3080a8e6539b4a3b1d6c4b8fd3d4c8c7e1c8e9047571ead9063,5434fa6a0a6fc3080a8e6539b4a3b1d6c4b8fd3d4c8c7e1c8e9047571ead9063,5711,1457
P37,pr9-pilot-20261009,trace-noise:369c11440ee0fbb54f804317,trace-noise_369c11440ee0fbb54f804317,igsm-pr9-20261008-0025-op10::noop:front:high,igsm-pr9-20261008-0025-op10,3,noise,related_noop,original_pr9_response,/mnt/mydata/wja/reasoning-diff/runs/pr9-pilot-20261009/responses/trace-noise_369c11440ee0fbb54f804317.json,fulltexts/P37.txt,True,True,,,,8ab6acebfe4158b1fcbbdf649d0f698fd5e2422d4842fae942192aa8c23064f2,8ab6acebfe4158b1fcbbdf649d0f698fd5e2422d4842fae942192aa8c23064f2,True,True,,True,True,True,,True,,"[""pr9-pilot-20261009"", ""igsm-pr9-20261008-0025-op10::noop:front:high"", 3, ""noise""]",/mnt/mydata/wja/reasoning-diff/runs/pr9-pilot-20261009/responses/trace-noise_369c11440ee0fbb54f804317.json,f05a9654fd85e3458851a1add999f6780aae14be9283a72d3374076886ec1b7a,f05a9654fd85e3458851a1add999f6780aae14be9283a72d3374076886ec1b7a,13519,4229
P38,pr9-pilot-20261009,trace-noise:3a8d1514ced8e27e3553bb07,trace-noise_3a8d1514ced8e27e3553bb07,igsm-pr9-20261008-0025-op10,igsm-pr9-20261008-0025-op10,3,noise,base,original_pr9_response,/mnt/mydata/wja/reasoning-diff/runs/pr9-pilot-20261009/responses/trace-noise_3a8d1514ced8e27e3553bb07.json,fulltexts/P38.txt,True,True,,,,361925286bcc9b07f4b66e8dce60614ec7bd557581a418b326f9965ba3a2b812,361925286bcc9b07f4b66e8dce60614ec7bd557581a418b326f9965ba3a2b812,True,True,,True,True,True,,True,,"[""pr9-pilot-20261009"", ""igsm-pr9-20261008-0025-op10"", 3, ""noise""]",/mnt/mydata/wja/reasoning-diff/runs/pr9-pilot-20261009/responses/trace-noise_3a8d1514ced8e27e3553bb07.json,decddda54735bc3f5fad1f1647728048ae093473fdae8d6097ebd79e97c2d758,decddda54735bc3f5fad1f1647728048ae093473fdae8d6097ebd79e97c2d758,8808,2685
P39,pr9-pilot-20261009,trace-noise:4fe8dc7366a26c38d2c9f575,trace-noise_4fe8dc7366a26c38d2c9f575,igsm-pr9-20261008-0021-op10::noop:front:high,igsm-pr9-20261008-0021-op10,3,noise,related_noop,original_pr9_response,/mnt/mydata/wja/reasoning-diff/runs/pr9-pilot-20261009/responses/trace-noise_4fe8dc7366a26c38d2c9f575.json,fulltexts/P39.txt,True,True,,,,3d1a7664fbeddc6c26c1537441ae51bfe73a56dead41065f8110cf7cb3d492e8,3d1a7664fbeddc6c26c1537441ae51bfe73a56dead41065f8110cf7cb3d492e8,True,True,,True,True,True,,True,,"[""pr9-pilot-20261009"", ""igsm-pr9-20261008-0021-op10::noop:front:high"", 3, ""noise""]",/mnt/mydata/wja/reasoning-diff/runs/pr9-pilot-20261009/responses/trace-noise_4fe8dc7366a26c38d2c9f575.json,b59cb516917c6af6f5f91d26a5fc29e17d6cd0a497fc8231d7f792fadba4a4e9,b59cb516917c6af6f5f91d26a5fc29e17d6cd0a497fc8231d7f792fadba4a4e9,8340,1933
P40,pr9-pilot-20261009,trace-noise:5ac108cf0eb3bbe1a84e5231,trace-noise_5ac108cf0eb3bbe1a84e5231,igsm-pr9-20261008-0059-op21::noop:front:high,igsm-pr9-20261008-0059-op21,3,noise,related_noop,original_pr9_response,/mnt/mydata/wja/reasoning-diff/runs/pr9-pilot-20261009/responses/trace-noise_5ac108cf0eb3bbe1a84e5231.json,fulltexts/P40.txt,True,True,,,,2702e9bb85e59bc5809d627e24d9d6cd71898cc728f41f8692d496126570dbe9,2702e9bb85e59bc5809d627e24d9d6cd71898cc728f41f8692d496126570dbe9,True,True,,True,True,True,,True,,"[""pr9-pilot-20261009"", ""igsm-pr9-20261008-0059-op21::noop:front:high"", 3, ""noise""]",/mnt/mydata/wja/reasoning-diff/runs/pr9-pilot-20261009/responses/trace-noise_5ac108cf0eb3bbe1a84e5231.json,73c06a9711c3e488f1b3d5fc5489073588754a8bc226c1b16f57327e13e6b5a9,73c06a9711c3e488f1b3d5fc5489073588754a8bc226c1b16f57327e13e6b5a9,18951,5509
P41,pr9-pilot-20261009,trace-noise:6052b19e8c5208568ba8673e,trace-noise_6052b19e8c5208568ba8673e,igsm-pr9-20261008-0004-op5,igsm-pr9-20261008-0004-op5,3,noise,base,original_pr9_response,/mnt/mydata/wja/reasoning-diff/runs/pr9-pilot-20261009/responses/trace-noise_6052b19e8c5208568ba8673e.json,fulltexts/P41.txt,True,True,,,,6c03b6f01c6076bb3c9abc7aca500204d0d4c350a9c038b8f7b7f624a30bc241,6c03b6f01c6076bb3c9abc7aca500204d0d4c350a9c038b8f7b7f624a30bc241,True,True,,True,True,True,,True,,"[""pr9-pilot-20261009"", ""igsm-pr9-20261008-0004-op5"", 3, ""noise""]",/mnt/mydata/wja/reasoning-diff/runs/pr9-pilot-20261009/responses/trace-noise_6052b19e8c5208568ba8673e.json,7cb396d7c0d801e9f499642119cff33cf2658f69ffdeb46caa733d2f7a99716f,7cb396d7c0d801e9f499642119cff33cf2658f69ffdeb46caa733d2f7a99716f,4266,1099
P42,pr9-pilot-20261009,trace-noise:623fdad7adf29b083a19e29f,trace-noise_623fdad7adf29b083a19e29f,igsm-pr9-20261008-0052-op5,igsm-pr9-20261008-0052-op5,3,noise,base,original_pr9_response,/mnt/mydata/wja/reasoning-diff/runs/pr9-pilot-20261009/responses/trace-noise_623fdad7adf29b083a19e29f.json,fulltexts/P42.txt,True,True,,,,0b026b548903283b46c94795225b546be608ccedd56efdd0e085572884e693d4,0b026b548903283b46c94795225b546be608ccedd56efdd0e085572884e693d4,True,True,,True,True,True,,True,,"[""pr9-pilot-20261009"", ""igsm-pr9-20261008-0052-op5"", 3, ""noise""]",/mnt/mydata/wja/reasoning-diff/runs/pr9-pilot-20261009/responses/trace-noise_623fdad7adf29b083a19e29f.json,d6bf593b95fa94afc033a3a954e033b11d880c67b15ff2c25f6bb2b0b63fb116,d6bf593b95fa94afc033a3a954e033b11d880c67b15ff2c25f6bb2b0b63fb116,8554,2861
P43,pr9-pilot-20261009,trace-noise:703ecc88a5089757ab6208cf,trace-noise_703ecc88a5089757ab6208cf,igsm-pr9-20261008-0062-op15::noop:front:low,igsm-pr9-20261008-0062-op15,3,noise,neutral_noop,original_pr9_response,/mnt/mydata/wja/reasoning-diff/runs/pr9-pilot-20261009/responses/trace-noise_703ecc88a5089757ab6208cf.json,fulltexts/P43.txt,True,True,,,,1e832b40f0e3daee19b12c48f57e29d172947a40d63a9b835ec201f9324a60fa,1e832b40f0e3daee19b12c48f57e29d172947a40d63a9b835ec201f9324a60fa,True,True,,True,True,True,,True,,"[""pr9-pilot-20261009"", ""igsm-pr9-20261008-0062-op15::noop:front:low"", 3, ""noise""]",/mnt/mydata/wja/reasoning-diff/runs/pr9-pilot-20261009/responses/trace-noise_703ecc88a5089757ab6208cf.json,35b99a4dccc7823b1fb40822575502ea9ac30e731b599a56e05eba922299c03a,35b99a4dccc7823b1fb40822575502ea9ac30e731b599a56e05eba922299c03a,11140,3188
P44,pr9-pilot-20261009,trace-noise:8b186645f53ac81cc9ef818e,trace-noise_8b186645f53ac81cc9ef818e,igsm-pr9-20261008-0026-op15,igsm-pr9-20261008-0026-op15,3,noise,base,original_pr9_response,/mnt/mydata/wja/reasoning-diff/runs/pr9-pilot-20261009/responses/trace-noise_8b186645f53ac81cc9ef818e.json,fulltexts/P44.txt,True,True,,,,badcf37f3a9eb0e87c7ad9c07481103845b448617d770e7b1a030313b1e99415,badcf37f3a9eb0e87c7ad9c07481103845b448617d770e7b1a030313b1e99415,True,True,,True,True,True,,True,,"[""pr9-pilot-20261009"", ""igsm-pr9-20261008-0026-op15"", 3, ""noise""]",/mnt/mydata/wja/reasoning-diff/runs/pr9-pilot-20261009/responses/trace-noise_8b186645f53ac81cc9ef818e.json,f97b80bc474c1adcb98b1388b383d6a31b5f5a1a455c520892f72fc74f16a724,f97b80bc474c1adcb98b1388b383d6a31b5f5a1a455c520892f72fc74f16a724,8839,2666
P45,pr9-pilot-20261009,trace-noise:8b3384da23f1635cbcb22c9b,trace-noise_8b3384da23f1635cbcb22c9b,igsm-pr9-20261008-0052-op5::noop:front:low,igsm-pr9-20261008-0052-op5,3,noise,neutral_noop,original_pr9_response,/mnt/mydata/wja/reasoning-diff/runs/pr9-pilot-20261009/responses/trace-noise_8b3384da23f1635cbcb22c9b.json,fulltexts/P45.txt,True,True,,,,fdaa8a1b793e9996db7ed339f5c4a4242b3f236630ca624c6ce8a417a5d9ce58,fdaa8a1b793e9996db7ed339f5c4a4242b3f236630ca624c6ce8a417a5d9ce58,True,True,,True,True,True,,True,,"[""pr9-pilot-20261009"", ""igsm-pr9-20261008-0052-op5::noop:front:low"", 3, ""noise""]",/mnt/mydata/wja/reasoning-diff/runs/pr9-pilot-20261009/responses/trace-noise_8b3384da23f1635cbcb22c9b.json,26ab4fbc06481dc5f0cdaad542ed365aeebbea7c7fd7b33395901657c70ebc0a,26ab4fbc06481dc5f0cdaad542ed365aeebbea7c7fd7b33395901657c70ebc0a,9311,2895
P46,pr9-pilot-20261009,trace-noise:97efb7cdf3a365dcca342f22,trace-noise_97efb7cdf3a365dcca342f22,igsm-pr9-20261008-0054-op15::noop:front:low,igsm-pr9-20261008-0054-op15,3,noise,neutral_noop,original_pr9_response,/mnt/mydata/wja/reasoning-diff/runs/pr9-pilot-20261009/responses/trace-noise_97efb7cdf3a365dcca342f22.json,fulltexts/P46.txt,True,True,,,,acd56f187dc97ef5d72875823f20cee005a687402ad212819f66a84ce54e306f,acd56f187dc97ef5d72875823f20cee005a687402ad212819f66a84ce54e306f,True,True,,True,True,True,,True,,"[""pr9-pilot-20261009"", ""igsm-pr9-20261008-0054-op15::noop:front:low"", 3, ""noise""]",/mnt/mydata/wja/reasoning-diff/runs/pr9-pilot-20261009/responses/trace-noise_97efb7cdf3a365dcca342f22.json,e69d78eed11d64fae5dc0923c284f90f4af3bdf1963e99a03e0876704622fb8b,e69d78eed11d64fae5dc0923c284f90f4af3bdf1963e99a03e0876704622fb8b,8673,2999
P47,pr9-pilot-20261009,trace-noise:986c56cb2a217982d0d0b08d,trace-noise_986c56cb2a217982d0d0b08d,igsm-pr9-20261008-0054-op15::noop:front:high,igsm-pr9-20261008-0054-op15,3,noise,related_noop,original_pr9_response,/mnt/mydata/wja/reasoning-diff/runs/pr9-pilot-20261009/responses/trace-noise_986c56cb2a217982d0d0b08d.json,fulltexts/P47.txt,True,True,,,,bfef39668295a700aad2a64cb8a293ebff101ac0afc8644f962e2783f7421d1d,bfef39668295a700aad2a64cb8a293ebff101ac0afc8644f962e2783f7421d1d,True,True,,True,True,True,,True,,"[""pr9-pilot-20261009"", ""igsm-pr9-20261008-0054-op15::noop:front:high"", 3, ""noise""]",/mnt/mydata/wja/reasoning-diff/runs/pr9-pilot-20261009/responses/trace-noise_986c56cb2a217982d0d0b08d.json,3081f0b832f03c8fe2cc3766bd27241302f9fb7ab719d9d2b70266c77a2a0768,3081f0b832f03c8fe2cc3766bd27241302f9fb7ab719d9d2b70266c77a2a0768,29648,10085
P48,pr9-pilot-20261009,trace-noise:9a31eff1d52e90d22a9f948a,trace-noise_9a31eff1d52e90d22a9f948a,igsm-pr9-20261008-0039-op21::noop:front:high,igsm-pr9-20261008-0039-op21,3,noise,related_noop,original_pr9_response,/mnt/mydata/wja/reasoning-diff/runs/pr9-pilot-20261009/responses/trace-noise_9a31eff1d52e90d22a9f948a.json,fulltexts/P48.txt,True,True,,,,5ad0984f91ccf39306804e96cceff1270cf6002459ae3e90e5aa705d6dfb274a,5ad0984f91ccf39306804e96cceff1270cf6002459ae3e90e5aa705d6dfb274a,True,True,,True,True,True,,True,,"[""pr9-pilot-20261009"", ""igsm-pr9-20261008-0039-op21::noop:front:high"", 3, ""noise""]",/mnt/mydata/wja/reasoning-diff/runs/pr9-pilot-20261009/responses/trace-noise_9a31eff1d52e90d22a9f948a.json,1a30eacb1fae81986935f2b75f6b05d6a6890ad5275420a90f9c057e26facac5,1a30eacb1fae81986935f2b75f6b05d6a6890ad5275420a90f9c057e26facac5,39146,9965
P49,pr9-pilot-20261009,trace-noise:a1a54956c646e4002c76a3a1,trace-noise_a1a54956c646e4002c76a3a1,igsm-pr9-20261008-0041-op10,igsm-pr9-20261008-0041-op10,3,noise,base,original_pr9_response,/mnt/mydata/wja/reasoning-diff/runs/pr9-pilot-20261009/responses/trace-noise_a1a54956c646e4002c76a3a1.json,fulltexts/P49.txt,True,True,,,,0ee08669f7e4f9a63a96817a608f21dbe7ef2f3a571c14999e4a81c1e361a99c,0ee08669f7e4f9a63a96817a608f21dbe7ef2f3a571c14999e4a81c1e361a99c,True,True,,True,True,True,,True,,"[""pr9-pilot-20261009"", ""igsm-pr9-20261008-0041-op10"", 3, ""noise""]",/mnt/mydata/wja/reasoning-diff/runs/pr9-pilot-20261009/responses/trace-noise_a1a54956c646e4002c76a3a1.json,86838dd660426113f7759e892cf730c86f795ed63e107d30e89b69430691525f,86838dd660426113f7759e892cf730c86f795ed63e107d30e89b69430691525f,7794,2160
P50,pr9-pilot-20261009,trace-noise:a68b09491019973f66f5ca69,trace-noise_a68b09491019973f66f5ca69,igsm-pr9-20261008-0004-op5::noop:front:high,igsm-pr9-20261008-0004-op5,3,noise,related_noop,original_pr9_response,/mnt/mydata/wja/reasoning-diff/runs/pr9-pilot-20261009/responses/trace-noise_a68b09491019973f66f5ca69.json,fulltexts/P50.txt,True,True,,,,6654ffdec49d0e9ad2f8d0238f2dd5b0a92b7b8a17f521a412d14460dc0f4031,6654ffdec49d0e9ad2f8d0238f2dd5b0a92b7b8a17f521a412d14460dc0f4031,True,True,,True,True,True,,True,,"[""pr9-pilot-20261009"", ""igsm-pr9-20261008-0004-op5::noop:front:high"", 3, ""noise""]",/mnt/mydata/wja/reasoning-diff/runs/pr9-pilot-20261009/responses/trace-noise_a68b09491019973f66f5ca69.json,37aa6fadb7662ee8e03ed70219c40779afde3162f1c75e1ef2027addf8b2ec85,37aa6fadb7662ee8e03ed70219c40779afde3162f1c75e1ef2027addf8b2ec85,9841,2569
P51,pr9-pilot-20261009,trace-noise:a85477c9ce09cb35855cee0b,trace-noise_a85477c9ce09cb35855cee0b,igsm-pr9-20261008-0021-op10,igsm-pr9-20261008-0021-op10,3,noise,base,original_pr9_response,/mnt/mydata/wja/reasoning-diff/runs/pr9-pilot-20261009/responses/trace-noise_a85477c9ce09cb35855cee0b.json,fulltexts/P51.txt,True,True,,,,ca002acabd27633752bc98039a2a59106e789ab4cd3f4c8e7cabc53ea622e12d,ca002acabd27633752bc98039a2a59106e789ab4cd3f4c8e7cabc53ea622e12d,True,True,,True,True,True,,True,,"[""pr9-pilot-20261009"", ""igsm-pr9-20261008-0021-op10"", 3, ""noise""]",/mnt/mydata/wja/reasoning-diff/runs/pr9-pilot-20261009/responses/trace-noise_a85477c9ce09cb35855cee0b.json,557f708f5a6cdd6225bfa516c51cb3c555e73faebf7afda06b22086069ef1fdb,557f708f5a6cdd6225bfa516c51cb3c555e73faebf7afda06b22086069ef1fdb,8552,2237
P52,pr9-pilot-20261009,trace-noise:af0c44a59f6599f87ab16c30,trace-noise_af0c44a59f6599f87ab16c30,igsm-pr9-20261008-0021-op10::noop:front:low,igsm-pr9-20261008-0021-op10,3,noise,neutral_noop,original_pr9_response,/mnt/mydata/wja/reasoning-diff/runs/pr9-pilot-20261009/responses/trace-noise_af0c44a59f6599f87ab16c30.json,fulltexts/P52.txt,True,True,,,,7d42677d4dcb22759cdd659c7f0b64c9729b6cc2b28873f20be0ac382ef1977c,7d42677d4dcb22759cdd659c7f0b64c9729b6cc2b28873f20be0ac382ef1977c,True,True,,True,True,True,,True,,"[""pr9-pilot-20261009"", ""igsm-pr9-20261008-0021-op10::noop:front:low"", 3, ""noise""]",/mnt/mydata/wja/reasoning-diff/runs/pr9-pilot-20261009/responses/trace-noise_af0c44a59f6599f87ab16c30.json,703475c58532b0bc0a66015700d838e7a54ccb0e6a90cc9eb0f481b4b7492a10,703475c58532b0bc0a66015700d838e7a54ccb0e6a90cc9eb0f481b4b7492a10,8149,2076
P53,pr9-pilot-20261009,trace-noise:b286ecc655668367aa09e9ad,trace-noise_b286ecc655668367aa09e9ad,igsm-pr9-20261008-0059-op21,igsm-pr9-20261008-0059-op21,3,noise,base,original_pr9_response,/mnt/mydata/wja/reasoning-diff/runs/pr9-pilot-20261009/responses/trace-noise_b286ecc655668367aa09e9ad.json,fulltexts/P53.txt,True,True,,,,38d8b9f622055dd54c40dbe440c03edcfaec17e3d7054ae00661de70eff92e91,38d8b9f622055dd54c40dbe440c03edcfaec17e3d7054ae00661de70eff92e91,True,True,,True,True,True,,True,,"[""pr9-pilot-20261009"", ""igsm-pr9-20261008-0059-op21"", 3, ""noise""]",/mnt/mydata/wja/reasoning-diff/runs/pr9-pilot-20261009/responses/trace-noise_b286ecc655668367aa09e9ad.json,53ee27b710fdb8cafff17deec22dc33a197e802977e72a584abc00eae2ca0b18,53ee27b710fdb8cafff17deec22dc33a197e802977e72a584abc00eae2ca0b18,10697,2855
P54,pr9-pilot-20261009,trace-noise:c8d91b64b64ab1330da53d0a,trace-noise_c8d91b64b64ab1330da53d0a,igsm-pr9-20261008-0039-op21,igsm-pr9-20261008-0039-op21,3,noise,base,original_pr9_response,/mnt/mydata/wja/reasoning-diff/runs/pr9-pilot-20261009/responses/trace-noise_c8d91b64b64ab1330da53d0a.json,fulltexts/P54.txt,True,True,,,,9edcdebdf8bdbe42171ca265763726318bcbfced47a4abaff522ba1f8fa73303,9edcdebdf8bdbe42171ca265763726318bcbfced47a4abaff522ba1f8fa73303,True,True,,True,True,True,,True,,"[""pr9-pilot-20261009"", ""igsm-pr9-20261008-0039-op21"", 3, ""noise""]",/mnt/mydata/wja/reasoning-diff/runs/pr9-pilot-20261009/responses/trace-noise_c8d91b64b64ab1330da53d0a.json,9ceefd369c2daf0c48b6284bca929659bb9c7dde8401b63be187594ee504e1ea,9ceefd369c2daf0c48b6284bca929659bb9c7dde8401b63be187594ee504e1ea,12097,3657
P55,pr9-pilot-20261009,trace-noise:ca4b9afa6a485d95c6024395,trace-noise_ca4b9afa6a485d95c6024395,igsm-pr9-20261008-0062-op15,igsm-pr9-20261008-0062-op15,3,noise,base,original_pr9_response,/mnt/mydata/wja/reasoning-diff/runs/pr9-pilot-20261009/responses/trace-noise_ca4b9afa6a485d95c6024395.json,fulltexts/P55.txt,True,True,,,,af8c6ab4bedbdbf2630ad02bf946e3f2326b312c9a0f888eae53499587ca7ef6,af8c6ab4bedbdbf2630ad02bf946e3f2326b312c9a0f888eae53499587ca7ef6,True,True,,True,True,True,,True,,"[""pr9-pilot-20261009"", ""igsm-pr9-20261008-0062-op15"", 3, ""noise""]",/mnt/mydata/wja/reasoning-diff/runs/pr9-pilot-20261009/responses/trace-noise_ca4b9afa6a485d95c6024395.json,3c12be254cf358411e7e75235c07626ce2b26e20c889cf7d9fc81d1693ac88b9,3c12be254cf358411e7e75235c07626ce2b26e20c889cf7d9fc81d1693ac88b9,11517,3562
P56,pr9-pilot-20261009,trace-noise:cc10d138f94a77bcf57fa9c8,trace-noise_cc10d138f94a77bcf57fa9c8,igsm-pr9-20261008-0026-op15::noop:front:low,igsm-pr9-20261008-0026-op15,3,noise,neutral_noop,original_pr9_response,/mnt/mydata/wja/reasoning-diff/runs/pr9-pilot-20261009/responses/trace-noise_cc10d138f94a77bcf57fa9c8.json,fulltexts/P56.txt,True,True,,,,2fde2e5946e6ef25ec6ef9b736e012a653bd91a166faae67eb251ccd95ed0965,2fde2e5946e6ef25ec6ef9b736e012a653bd91a166faae67eb251ccd95ed0965,True,True,,True,True,True,,True,,"[""pr9-pilot-20261009"", ""igsm-pr9-20261008-0026-op15::noop:front:low"", 3, ""noise""]",/mnt/mydata/wja/reasoning-diff/runs/pr9-pilot-20261009/responses/trace-noise_cc10d138f94a77bcf57fa9c8.json,5ca4160455c3d569663872e7e7e4e3efa1e25266f643fef694001e737571fd03,5ca4160455c3d569663872e7e7e4e3efa1e25266f643fef694001e737571fd03,8578,2708
P57,pr9-pilot-20261009,trace-noise:d2f3f6e8382b24174f821795,trace-noise_d2f3f6e8382b24174f821795,igsm-pr9-20261008-0041-op10::noop:front:low,igsm-pr9-20261008-0041-op10,3,noise,neutral_noop,original_pr9_response,/mnt/mydata/wja/reasoning-diff/runs/pr9-pilot-20261009/responses/trace-noise_d2f3f6e8382b24174f821795.json,fulltexts/P57.txt,True,True,,,,f226d8c80a26e8c258e7ce2ba9c242c55111246a43baf6112bba33cfb9aa1dfa,f226d8c80a26e8c258e7ce2ba9c242c55111246a43baf6112bba33cfb9aa1dfa,True,True,,True,True,True,,True,,"[""pr9-pilot-20261009"", ""igsm-pr9-20261008-0041-op10::noop:front:low"", 3, ""noise""]",/mnt/mydata/wja/reasoning-diff/runs/pr9-pilot-20261009/responses/trace-noise_d2f3f6e8382b24174f821795.json,e4cf3e0a49d25da2cdd66c3bcd69c5a2fc6c67f31513b38e90dc419b9ad0647a,e4cf3e0a49d25da2cdd66c3bcd69c5a2fc6c67f31513b38e90dc419b9ad0647a,8442,2235
P58,pr9-pilot-20261009,trace-noise:d48cfe5d7a9d72af6d72ad35,trace-noise_d48cfe5d7a9d72af6d72ad35,igsm-pr9-20261008-0015-op21::noop:front:low,igsm-pr9-20261008-0015-op21,3,noise,neutral_noop,original_pr9_response,/mnt/mydata/wja/reasoning-diff/runs/pr9-pilot-20261009/responses/trace-noise_d48cfe5d7a9d72af6d72ad35.json,fulltexts/P58.txt,True,True,,,,7c73cea952109565ed874175462be47d04b85beb3ae0dd7879044ef513e68a3c,7c73cea952109565ed874175462be47d04b85beb3ae0dd7879044ef513e68a3c,True,True,,True,True,True,,True,,"[""pr9-pilot-20261009"", ""igsm-pr9-20261008-0015-op21::noop:front:low"", 3, ""noise""]",/mnt/mydata/wja/reasoning-diff/runs/pr9-pilot-20261009/responses/trace-noise_d48cfe5d7a9d72af6d72ad35.json,a157e1ecbf0f2e5969611695b6cb8b9efd531b9c5b116a5391f242acc1429456,a157e1ecbf0f2e5969611695b6cb8b9efd531b9c5b116a5391f242acc1429456,8949,2318
P59,pr9-pilot-20261009,trace-noise:da31ba622bfc25616e1cd467,trace-noise_da31ba622bfc25616e1cd467,igsm-pr9-20261008-0012-op5::noop:front:high,igsm-pr9-20261008-0012-op5,3,noise,related_noop,original_pr9_response,/mnt/mydata/wja/reasoning-diff/runs/pr9-pilot-20261009/responses/trace-noise_da31ba622bfc25616e1cd467.json,fulltexts/P59.txt,True,True,,,,2f1e85de76e3916692c8599c08449bbcc01b482389f73b1e184777b01d711b82,2f1e85de76e3916692c8599c08449bbcc01b482389f73b1e184777b01d711b82,True,True,,True,True,True,,True,,"[""pr9-pilot-20261009"", ""igsm-pr9-20261008-0012-op5::noop:front:high"", 3, ""noise""]",/mnt/mydata/wja/reasoning-diff/runs/pr9-pilot-20261009/responses/trace-noise_da31ba622bfc25616e1cd467.json,8b4713ceadce639a558a8124a65847140d424000e6491b337c59dea9bae7c688,8b4713ceadce639a558a8124a65847140d424000e6491b337c59dea9bae7c688,7455,1802
P60,pr9-pilot-20261009,trace-noise:dc18c25629600b29ebc66bbb,trace-noise_dc18c25629600b29ebc66bbb,igsm-pr9-20261008-0041-op10::noop:front:high,igsm-pr9-20261008-0041-op10,3,noise,related_noop,original_pr9_response,/mnt/mydata/wja/reasoning-diff/runs/pr9-pilot-20261009/responses/trace-noise_dc18c25629600b29ebc66bbb.json,fulltexts/P60.txt,True,True,,,,fd68739f5ce0ee1cd60d87567cdf6156fcb0ba5c67d5062d6bcf86834394e2c5,fd68739f5ce0ee1cd60d87567cdf6156fcb0ba5c67d5062d6bcf86834394e2c5,True,True,,True,True,True,,True,,"[""pr9-pilot-20261009"", ""igsm-pr9-20261008-0041-op10::noop:front:high"", 3, ""noise""]",/mnt/mydata/wja/reasoning-diff/runs/pr9-pilot-20261009/responses/trace-noise_dc18c25629600b29ebc66bbb.json,20f6ea05e91cdcfee45a94986c44e37e6aeaf835e39a96b932f47a2a9305d240,20f6ea05e91cdcfee45a94986c44e37e6aeaf835e39a96b932f47a2a9305d240,10317,3005
P61,pr9-pilot-20261009,trace-reference:1e275eb3ac10e3c1ac8bc3a7,trace-reference_1e275eb3ac10e3c1ac8bc3a7,igsm-pr9-20261008-0015-op21::noop:front:low,igsm-pr9-20261008-0015-op21,0,reference,neutral_noop,original_pr9_response,/mnt/mydata/wja/reasoning-diff/runs/pr9-pilot-20261009/responses/trace-reference_1e275eb3ac10e3c1ac8bc3a7.json,fulltexts/P61.txt,True,True,,,,d99569413f11162ea9651722aebb29a93079a4b5a05c16eb52b823177e4d9107,d99569413f11162ea9651722aebb29a93079a4b5a05c16eb52b823177e4d9107,True,True,,True,True,True,,True,,"[""pr9-pilot-20261009"", ""igsm-pr9-20261008-0015-op21::noop:front:low"", 0, ""reference""]",/mnt/mydata/wja/reasoning-diff/runs/pr9-pilot-20261009/responses/trace-reference_1e275eb3ac10e3c1ac8bc3a7.json,f43b47cfb546efeb4276935b584982fbcb02c1235d223e4e07bdb1b454232a5b,f43b47cfb546efeb4276935b584982fbcb02c1235d223e4e07bdb1b454232a5b,13807,4423
P62,pr9-pilot-20261009,trace-reference:43a4eebf84aa4318f56d2d87,trace-reference_43a4eebf84aa4318f56d2d87,igsm-pr9-20261008-0015-op21,igsm-pr9-20261008-0015-op21,0,reference,base,original_pr9_response,/mnt/mydata/wja/reasoning-diff/runs/pr9-pilot-20261009/responses/trace-reference_43a4eebf84aa4318f56d2d87.json,fulltexts/P62.txt,True,True,,,,8142b338a8d4a7529d65f1b726311c3f9368341fedcea017bb52ef80957c3b29,8142b338a8d4a7529d65f1b726311c3f9368341fedcea017bb52ef80957c3b29,True,True,,True,True,True,,True,,"[""pr9-pilot-20261009"", ""igsm-pr9-20261008-0015-op21"", 0, ""reference""]",/mnt/mydata/wja/reasoning-diff/runs/pr9-pilot-20261009/responses/trace-reference_43a4eebf84aa4318f56d2d87.json,c9f6a60cc82f0794e9789812dca567514fff14d5ab146499d936371acce6712b,c9f6a60cc82f0794e9789812dca567514fff14d5ab146499d936371acce6712b,13178,4346
P63,pr9-pilot-20261009,trace-reference:4a6c720bc55b07f1b03a9865,trace-reference_4a6c720bc55b07f1b03a9865,igsm-pr9-20261008-0021-op10::noop:front:low,igsm-pr9-20261008-0021-op10,0,reference,neutral_noop,original_pr9_response,/mnt/mydata/wja/reasoning-diff/runs/pr9-pilot-20261009/responses/trace-reference_4a6c720bc55b07f1b03a9865.json,fulltexts/P63.txt,True,True,,,,33feae9f52eda9ddaf6975f815e74ff999b47636a026201a22068588cd898964,33feae9f52eda9ddaf6975f815e74ff999b47636a026201a22068588cd898964,True,True,,True,True,True,,True,,"[""pr9-pilot-20261009"", ""igsm-pr9-20261008-0021-op10::noop:front:low"", 0, ""reference""]",/mnt/mydata/wja/reasoning-diff/runs/pr9-pilot-20261009/responses/trace-reference_4a6c720bc55b07f1b03a9865.json,abadbcade90b22ddcec8fc0a9ff020d7ae88b53f62aa4164ec22ba6e1ad4d016,abadbcade90b22ddcec8fc0a9ff020d7ae88b53f62aa4164ec22ba6e1ad4d016,8035,2180
P64,pr9-pilot-20261009,trace-reference:6c1c437361f13bb7d3585a76,trace-reference_6c1c437361f13bb7d3585a76,igsm-pr9-20261008-0004-op5::noop:front:high,igsm-pr9-20261008-0004-op5,0,reference,related_noop,original_pr9_response,/mnt/mydata/wja/reasoning-diff/runs/pr9-pilot-20261009/responses/trace-reference_6c1c437361f13bb7d3585a76.json,fulltexts/P64.txt,True,True,,,,b89cd2edc30d4f2ad502c9d69dbb10ae7b63833a4675a561dea99095debafae4,b89cd2edc30d4f2ad502c9d69dbb10ae7b63833a4675a561dea99095debafae4,True,True,,True,True,True,,True,,"[""pr9-pilot-20261009"", ""igsm-pr9-20261008-0004-op5::noop:front:high"", 0, ""reference""]",/mnt/mydata/wja/reasoning-diff/runs/pr9-pilot-20261009/responses/trace-reference_6c1c437361f13bb7d3585a76.json,0c65f6f7db44cee97356feaf950c75b577aeca0dde1e9edbb10b06e8fcee6819,0c65f6f7db44cee97356feaf950c75b577aeca0dde1e9edbb10b06e8fcee6819,8888,2302
P65,pr9-pilot-20261009,trace-reference:74d2a58e14876a8503cfa13a,trace-reference_74d2a58e14876a8503cfa13a,igsm-pr9-20261008-0062-op15,igsm-pr9-20261008-0062-op15,0,reference,base,original_pr9_response,/mnt/mydata/wja/reasoning-diff/runs/pr9-pilot-20261009/responses/trace-reference_74d2a58e14876a8503cfa13a.json,fulltexts/P65.txt,True,True,,,,29200ae5fbce42431034661341ccbb4506d6ab6410fbc99a26f75a10afaeec59,29200ae5fbce42431034661341ccbb4506d6ab6410fbc99a26f75a10afaeec59,True,True,,True,True,True,,True,,"[""pr9-pilot-20261009"", ""igsm-pr9-20261008-0062-op15"", 0, ""reference""]",/mnt/mydata/wja/reasoning-diff/runs/pr9-pilot-20261009/responses/trace-reference_74d2a58e14876a8503cfa13a.json,da9abbb002e231f0bb851a951660a71e011eed73a1ce127feffe442074b08685,da9abbb002e231f0bb851a951660a71e011eed73a1ce127feffe442074b08685,13688,4046
P66,pr9-pilot-20261009,trace-reference:78e377024634381120a6bd1a,trace-reference_78e377024634381120a6bd1a,igsm-pr9-20261008-0054-op15::noop:front:high,igsm-pr9-20261008-0054-op15,0,reference,related_noop,original_pr9_response,/mnt/mydata/wja/reasoning-diff/runs/pr9-pilot-20261009/responses/trace-reference_78e377024634381120a6bd1a.json,fulltexts/P66.txt,True,True,,,,a1d0483434e6f00f1083c89eeeafc2385d714a32387a5e0e77309d2d4d2e680e,a1d0483434e6f00f1083c89eeeafc2385d714a32387a5e0e77309d2d4d2e680e,True,True,,True,True,True,,True,,"[""pr9-pilot-20261009"", ""igsm-pr9-20261008-0054-op15::noop:front:high"", 0, ""reference""]",/mnt/mydata/wja/reasoning-diff/runs/pr9-pilot-20261009/responses/trace-reference_78e377024634381120a6bd1a.json,883c0385d50b48a39893148b227b651096c7331f2a9c22bf06adb4350ae7ab0f,883c0385d50b48a39893148b227b651096c7331f2a9c22bf06adb4350ae7ab0f,19493,5501
P67,pr9-pilot-20261009,trace-reference:81e199ee2c92828c70bf4123,trace-reference_81e199ee2c92828c70bf4123,igsm-pr9-20261008-0012-op5::noop:front:low,igsm-pr9-20261008-0012-op5,0,reference,neutral_noop,original_pr9_response,/mnt/mydata/wja/reasoning-diff/runs/pr9-pilot-20261009/responses/trace-reference_81e199ee2c92828c70bf4123.json,fulltexts/P67.txt,True,True,,,,b354837227fc3e5c985c427fce48548db1c1b76a1cd4fc729029071616077d5b,b354837227fc3e5c985c427fce48548db1c1b76a1cd4fc729029071616077d5b,True,True,,True,True,True,,True,,"[""pr9-pilot-20261009"", ""igsm-pr9-20261008-0012-op5::noop:front:low"", 0, ""reference""]",/mnt/mydata/wja/reasoning-diff/runs/pr9-pilot-20261009/responses/trace-reference_81e199ee2c92828c70bf4123.json,3f33f4b39e3d0b29dbe4e9ba8424e56c8c11e4ac539d50c670ab236c9c207ccb,3f33f4b39e3d0b29dbe4e9ba8424e56c8c11e4ac539d50c670ab236c9c207ccb,6974,1743
P68,pr9-pilot-20261009,trace-reference:952bd177f0a212df6b46451a,trace-reference_952bd177f0a212df6b46451a,igsm-pr9-20261008-0039-op21::noop:front:low,igsm-pr9-20261008-0039-op21,0,reference,neutral_noop,original_pr9_response,/mnt/mydata/wja/reasoning-diff/runs/pr9-pilot-20261009/responses/trace-reference_952bd177f0a212df6b46451a.json,fulltexts/P68.txt,True,True,,,,2e8e45ebc12d6a3e2c4fb73e303068059eb6a9c3d1d83ba46f012daf48adb4d9,2e8e45ebc12d6a3e2c4fb73e303068059eb6a9c3d1d83ba46f012daf48adb4d9,True,True,,True,True,True,,True,,"[""pr9-pilot-20261009"", ""igsm-pr9-20261008-0039-op21::noop:front:low"", 0, ""reference""]",/mnt/mydata/wja/reasoning-diff/runs/pr9-pilot-20261009/responses/trace-reference_952bd177f0a212df6b46451a.json,78d8684c1fce2762971fa1de13368bc3c5405a8d4c29fe76ab577cc9212c74e0,78d8684c1fce2762971fa1de13368bc3c5405a8d4c29fe76ab577cc9212c74e0,11914,3316
P69,pr9-pilot-20261009,trace-reference:9793693e56006eaa5c223dbe,trace-reference_9793693e56006eaa5c223dbe,igsm-pr9-20261008-0052-op5::noop:front:high,igsm-pr9-20261008-0052-op5,0,reference,related_noop,original_pr9_response,/mnt/mydata/wja/reasoning-diff/runs/pr9-pilot-20261009/responses/trace-reference_9793693e56006eaa5c223dbe.json,fulltexts/P69.txt,True,True,,,,4aa5709a447a4c4c5c83f57b6e063369ce53d7598137bf3a967e8d8a844dbc97,4aa5709a447a4c4c5c83f57b6e063369ce53d7598137bf3a967e8d8a844dbc97,True,True,,True,True,True,,True,,"[""pr9-pilot-20261009"", ""igsm-pr9-20261008-0052-op5::noop:front:high"", 0, ""reference""]",/mnt/mydata/wja/reasoning-diff/runs/pr9-pilot-20261009/responses/trace-reference_9793693e56006eaa5c223dbe.json,8a7abf60276223b27ab7f0c8d4dced47672748e5c0dab19c47a59f096e0deca9,8a7abf60276223b27ab7f0c8d4dced47672748e5c0dab19c47a59f096e0deca9,26600,8129
P70,pr9-pilot-20261009,trace-reference:cb1025ab8712db5f6583f85f,trace-reference_cb1025ab8712db5f6583f85f,igsm-pr9-20261008-0062-op15::noop:front:low,igsm-pr9-20261008-0062-op15,0,reference,neutral_noop,original_pr9_response,/mnt/mydata/wja/reasoning-diff/runs/pr9-pilot-20261009/responses/trace-reference_cb1025ab8712db5f6583f85f.json,fulltexts/P70.txt,True,True,,,,df614e0aada8050583e7be3a7bb1d29f0ff403b4415ed4ac6c199117b5dfce28,df614e0aada8050583e7be3a7bb1d29f0ff403b4415ed4ac6c199117b5dfce28,True,True,,True,True,True,,True,,"[""pr9-pilot-20261009"", ""igsm-pr9-20261008-0062-op15::noop:front:low"", 0, ""reference""]",/mnt/mydata/wja/reasoning-diff/runs/pr9-pilot-20261009/responses/trace-reference_cb1025ab8712db5f6583f85f.json,8c8302b7cafe49a50d36bb32f2d9a50bae658260cdee4e1ee35fe59207d7bbc2,8c8302b7cafe49a50d36bb32f2d9a50bae658260cdee4e1ee35fe59207d7bbc2,11536,3578
P71,pr9-pilot-20261009,trace-reference:fb6a287152925482d6e4ef10,trace-reference_fb6a287152925482d6e4ef10,igsm-pr9-20261008-0059-op21::noop:front:low,igsm-pr9-20261008-0059-op21,0,reference,neutral_noop,original_pr9_response,/mnt/mydata/wja/reasoning-diff/runs/pr9-pilot-20261009/responses/trace-reference_fb6a287152925482d6e4ef10.json,fulltexts/P71.txt,True,True,,,,60d47152a366e4a82be4202a7ce746c77b9fe1bcff1c4480c957977a8f747000,60d47152a366e4a82be4202a7ce746c77b9fe1bcff1c4480c957977a8f747000,True,True,,True,True,True,,True,,"[""pr9-pilot-20261009"", ""igsm-pr9-20261008-0059-op21::noop:front:low"", 0, ""reference""]",/mnt/mydata/wja/reasoning-diff/runs/pr9-pilot-20261009/responses/trace-reference_fb6a287152925482d6e4ef10.json,92a0f0bc99d0b60f36d1c884b35c5732ccde3e2ced1128075fb1b24f5f9fb7fb,92a0f0bc99d0b60f36d1c884b35c5732ccde3e2ced1128075fb1b24f5f9fb7fb,12673,3552
P72,pr9-pilot-20261009,trace-reference:fe6d2b49e837d37dfa6f43ed,trace-reference_fe6d2b49e837d37dfa6f43ed,igsm-pr9-20261008-0004-op5::noop:front:low,igsm-pr9-20261008-0004-op5,0,reference,neutral_noop,original_pr9_response,/mnt/mydata/wja/reasoning-diff/runs/pr9-pilot-20261009/responses/trace-reference_fe6d2b49e837d37dfa6f43ed.json,fulltexts/P72.txt,True,True,,,,a896e6e33108c65df56967b61d045effda5a990f163cefab2cd2ceec1e78ad32,a896e6e33108c65df56967b61d045effda5a990f163cefab2cd2ceec1e78ad32,True,True,,True,True,True,,True,,"[""pr9-pilot-20261009"", ""igsm-pr9-20261008-0004-op5::noop:front:low"", 0, ""reference""]",/mnt/mydata/wja/reasoning-diff/runs/pr9-pilot-20261009/responses/trace-reference_fe6d2b49e837d37dfa6f43ed.json,b87b7831b58a7eea4c1bf5bcafbc864e67441d29249fe74277632fd6e7db4ab3,b87b7831b58a7eea4c1bf5bcafbc864e67441d29249fe74277632fd6e7db4ab3,5534,1518
V01,pr9-validation-natural-20261010,trace-reference:b5ed3d44aa1cc671c51f44cc,trace-reference_b5ed3d44aa1cc671c51f44cc,igsm-pr9-20261008-0048-op5,igsm-pr9-20261008-0048-op5,0,reference,base,original_pr9_response,/mnt/mydata/wja/reasoning-diff/runs/pr9-validation-natural-20261010/responses/trace-reference_b5ed3d44aa1cc671c51f44cc.json,fulltexts/V01.txt,False,True,,,,dcf4ba153e97e493761fdd668a629fd920d2302d117cefe2869ed6b160c6a774,dcf4ba153e97e493761fdd668a629fd920d2302d117cefe2869ed6b160c6a774,True,True,,True,True,True,,True,,"[""pr9-validation-natural-20261010"", ""igsm-pr9-20261008-0048-op5"", 0, ""reference""]",/mnt/mydata/wja/reasoning-diff/runs/pr9-validation-natural-20261010/responses/trace-reference_b5ed3d44aa1cc671c51f44cc.json,063dab410ea0b7dfc505a07b18b351be464438c07d0b00d986b6c56bd68df4fb,063dab410ea0b7dfc505a07b18b351be464438c07d0b00d986b6c56bd68df4fb,10375,3138
V02,pr9-validation-natural-20261010,trace-reference:379636b7135012289d82e11e,trace-reference_379636b7135012289d82e11e,igsm-pr9-20261008-0055-op21,igsm-pr9-20261008-0055-op21,0,reference,base,original_pr9_response,/mnt/mydata/wja/reasoning-diff/runs/pr9-validation-natural-20261010/responses/trace-reference_379636b7135012289d82e11e.json,fulltexts/V02.txt,False,True,,,,bcd8f1d44d116a43ed6c1404f80bd8617bec37ee0f55f53bd895746c721e1205,bcd8f1d44d116a43ed6c1404f80bd8617bec37ee0f55f53bd895746c721e1205,True,True,,True,True,True,,True,,"[""pr9-validation-natural-20261010"", ""igsm-pr9-20261008-0055-op21"", 0, ""reference""]",/mnt/mydata/wja/reasoning-diff/runs/pr9-validation-natural-20261010/responses/trace-reference_379636b7135012289d82e11e.json,d35a05834b44056ff5d35fdd2634ba2c510cee674de6aa3c01aab4e035e67322,d35a05834b44056ff5d35fdd2634ba2c510cee674de6aa3c01aab4e035e67322,14624,4450
V03,pr9-validation-natural-20261010,trace-reference:7dae0d9e7bd2e2ad210b2261,trace-reference_7dae0d9e7bd2e2ad210b2261,igsm-pr9-20261008-0055-op21::noop:front:high,igsm-pr9-20261008-0055-op21,0,reference,related_noop,original_pr9_response,/mnt/mydata/wja/reasoning-diff/runs/pr9-validation-natural-20261010/responses/trace-reference_7dae0d9e7bd2e2ad210b2261.json,fulltexts/V03.txt,False,True,,,,b9092d7c0a0aba2ac7388edd8bf2adf6373b4bd9f7bd4729c3758ab5ce6b6e7c,b9092d7c0a0aba2ac7388edd8bf2adf6373b4bd9f7bd4729c3758ab5ce6b6e7c,True,True,,True,True,True,,True,,"[""pr9-validation-natural-20261010"", ""igsm-pr9-20261008-0055-op21::noop:front:high"", 0, ""reference""]",/mnt/mydata/wja/reasoning-diff/runs/pr9-validation-natural-20261010/responses/trace-reference_7dae0d9e7bd2e2ad210b2261.json,123467189c4e677694d1104066eedc59622a69f1fe1f1b8e8cb788f8b31faa65,123467189c4e677694d1104066eedc59622a69f1fe1f1b8e8cb788f8b31faa65,15431,4395
V04,pr9-validation-natural-20261010,trace-reference:def3af26a23608d0a43e6809,trace-reference_def3af26a23608d0a43e6809,igsm-pr9-20261008-0060-op5::noop:front:high,igsm-pr9-20261008-0060-op5,0,reference,related_noop,original_pr9_response,/mnt/mydata/wja/reasoning-diff/runs/pr9-validation-natural-20261010/responses/trace-reference_def3af26a23608d0a43e6809.json,fulltexts/V04.txt,False,True,,,,f565f45fb960ed812a89c3c7481cd4cbf51a371d8c9dd70c9e276e62c8310439,f565f45fb960ed812a89c3c7481cd4cbf51a371d8c9dd70c9e276e62c8310439,True,True,,True,True,True,,True,,"[""pr9-validation-natural-20261010"", ""igsm-pr9-20261008-0060-op5::noop:front:high"", 0, ""reference""]",/mnt/mydata/wja/reasoning-diff/runs/pr9-validation-natural-20261010/responses/trace-reference_def3af26a23608d0a43e6809.json,3b3ac3ea86e1210287b2fa0fb3afd18ac5982463747cc19eb79f832c842640c3,3b3ac3ea86e1210287b2fa0fb3afd18ac5982463747cc19eb79f832c842640c3,10165,2632
V05,pr9-validation-natural-20261010,trace-reference:1fe777643a37104e76a7c68f,trace-reference_1fe777643a37104e76a7c68f,igsm-pr9-20261008-0045-op10::noop:front:low,igsm-pr9-20261008-0045-op10,0,reference,neutral_noop,original_pr9_response,/mnt/mydata/wja/reasoning-diff/runs/pr9-validation-natural-20261010/responses/trace-reference_1fe777643a37104e76a7c68f.json,fulltexts/V05.txt,False,True,,,,2a03ee120b236ced1201c1ffd92be8c299f8493ae07134b2f2a643b935077a0a,2a03ee120b236ced1201c1ffd92be8c299f8493ae07134b2f2a643b935077a0a,True,True,,True,True,True,,True,,"[""pr9-validation-natural-20261010"", ""igsm-pr9-20261008-0045-op10::noop:front:low"", 0, ""reference""]",/mnt/mydata/wja/reasoning-diff/runs/pr9-validation-natural-20261010/responses/trace-reference_1fe777643a37104e76a7c68f.json,8cd487882f012fee9e2786f4cefa7450c4b92287aa69ea67562bb7a349c3f8fb,8cd487882f012fee9e2786f4cefa7450c4b92287aa69ea67562bb7a349c3f8fb,9036,2497
V06,pr9-validation-natural-20261010,trace-reference:deccc654f12e1f768e0c4b36,trace-reference_deccc654f12e1f768e0c4b36,igsm-pr9-20261008-0060-op5,igsm-pr9-20261008-0060-op5,0,reference,base,original_pr9_response,/mnt/mydata/wja/reasoning-diff/runs/pr9-validation-natural-20261010/responses/trace-reference_deccc654f12e1f768e0c4b36.json,fulltexts/V06.txt,False,True,,,,4f15d33c751ecd829feb545990e5fa07681337820190f5e08c0849ccef01fda0,4f15d33c751ecd829feb545990e5fa07681337820190f5e08c0849ccef01fda0,True,True,,True,True,True,,True,,"[""pr9-validation-natural-20261010"", ""igsm-pr9-20261008-0060-op5"", 0, ""reference""]",/mnt/mydata/wja/reasoning-diff/runs/pr9-validation-natural-20261010/responses/trace-reference_deccc654f12e1f768e0c4b36.json,b2b012c35f248168f5f57bb0f50ce45ffe89e9afc092b422e0444472165e4ce6,b2b012c35f248168f5f57bb0f50ce45ffe89e9afc092b422e0444472165e4ce6,6190,1652
V07,pr9-validation-natural-20261010,trace-reference:3744d5099b046befc09e8af0,trace-reference_3744d5099b046befc09e8af0,igsm-pr9-20261008-0045-op10,igsm-pr9-20261008-0045-op10,0,reference,base,original_pr9_response,/mnt/mydata/wja/reasoning-diff/runs/pr9-validation-natural-20261010/responses/trace-reference_3744d5099b046befc09e8af0.json,fulltexts/V07.txt,False,True,,,,52da0988ba929ebb61211fcd7966701e566de4438f186c46216a19b3bce2c848,52da0988ba929ebb61211fcd7966701e566de4438f186c46216a19b3bce2c848,True,True,,True,True,True,,True,,"[""pr9-validation-natural-20261010"", ""igsm-pr9-20261008-0045-op10"", 0, ""reference""]",/mnt/mydata/wja/reasoning-diff/runs/pr9-validation-natural-20261010/responses/trace-reference_3744d5099b046befc09e8af0.json,f68e826c8cb88781a79d73a7211476afb462b8f546416191e2eac6e78d2810cb,f68e826c8cb88781a79d73a7211476afb462b8f546416191e2eac6e78d2810cb,8702,2472
V08,pr9-validation-natural-20261010,trace-reference:d6113e97ad3993eb6feefb56,trace-reference_d6113e97ad3993eb6feefb56,igsm-pr9-20261008-0013-op10::noop:front:high,igsm-pr9-20261008-0013-op10,0,reference,related_noop,original_pr9_response,/mnt/mydata/wja/reasoning-diff/runs/pr9-validation-natural-20261010/responses/trace-reference_d6113e97ad3993eb6feefb56.json,fulltexts/V08.txt,False,True,,,,6c21047ad13231447c6b26d7c5dac1bfce05dd1483b9eeb86543f9c1891bbe3f,6c21047ad13231447c6b26d7c5dac1bfce05dd1483b9eeb86543f9c1891bbe3f,True,True,,True,True,True,,True,,"[""pr9-validation-natural-20261010"", ""igsm-pr9-20261008-0013-op10::noop:front:high"", 0, ""reference""]",/mnt/mydata/wja/reasoning-diff/runs/pr9-validation-natural-20261010/responses/trace-reference_d6113e97ad3993eb6feefb56.json,62f9249138ac2b37eeb20883920a97ebbd134a6f234b9f77ac527685db0e4364,62f9249138ac2b37eeb20883920a97ebbd134a6f234b9f77ac527685db0e4364,8939,2516
V09,pr9-validation-natural-20261010,trace-reference:aca02e4e2aee8512f33e636d,trace-reference_aca02e4e2aee8512f33e636d,igsm-pr9-20261008-0017-op10::noop:front:low,igsm-pr9-20261008-0017-op10,0,reference,neutral_noop,original_pr9_response,/mnt/mydata/wja/reasoning-diff/runs/pr9-validation-natural-20261010/responses/trace-reference_aca02e4e2aee8512f33e636d.json,fulltexts/V09.txt,False,True,,,,622c530d1d93d20342199223dbf3ed9211b50396e5a86321bd4e8277cbdfc248,622c530d1d93d20342199223dbf3ed9211b50396e5a86321bd4e8277cbdfc248,True,True,,True,True,True,,True,,"[""pr9-validation-natural-20261010"", ""igsm-pr9-20261008-0017-op10::noop:front:low"", 0, ""reference""]",/mnt/mydata/wja/reasoning-diff/runs/pr9-validation-natural-20261010/responses/trace-reference_aca02e4e2aee8512f33e636d.json,49b0ba716ee44fdf6802a3e86c7697bfb4c5b945722c7e448be24978ade11c44,49b0ba716ee44fdf6802a3e86c7697bfb4c5b945722c7e448be24978ade11c44,5880,1632
V10,pr9-validation-natural-20261010,trace-reference:2ddceec47e0e1b9e5f4af396,trace-reference_2ddceec47e0e1b9e5f4af396,igsm-pr9-20261008-0014-op15,igsm-pr9-20261008-0014-op15,0,reference,base,original_pr9_response,/mnt/mydata/wja/reasoning-diff/runs/pr9-validation-natural-20261010/responses/trace-reference_2ddceec47e0e1b9e5f4af396.json,fulltexts/V10.txt,False,True,,,,0db996b4f6420f04d2cd236f09b54f10f0286f1caca7124fa2d723e333b34f5b,0db996b4f6420f04d2cd236f09b54f10f0286f1caca7124fa2d723e333b34f5b,True,True,,True,True,True,,True,,"[""pr9-validation-natural-20261010"", ""igsm-pr9-20261008-0014-op15"", 0, ""reference""]",/mnt/mydata/wja/reasoning-diff/runs/pr9-validation-natural-20261010/responses/trace-reference_2ddceec47e0e1b9e5f4af396.json,f757583d9f1c186d651557ef862ff1c0f316431f6ca0984f677ddac704e77e8f,f757583d9f1c186d651557ef862ff1c0f316431f6ca0984f677ddac704e77e8f,10158,3096
V11,pr9-validation-natural-20261010,trace-reference:a0723c19b73723be09a6f7a6,trace-reference_a0723c19b73723be09a6f7a6,igsm-pr9-20261008-0048-op5::noop:front:low,igsm-pr9-20261008-0048-op5,0,reference,neutral_noop,original_pr9_response,/mnt/mydata/wja/reasoning-diff/runs/pr9-validation-natural-20261010/responses/trace-reference_a0723c19b73723be09a6f7a6.json,fulltexts/V11.txt,False,True,,,,8def33a5516c61237c270eb0b0234e51008a244693ad9aa63d705b3f4131df99,8def33a5516c61237c270eb0b0234e51008a244693ad9aa63d705b3f4131df99,True,True,,True,True,True,,True,,"[""pr9-validation-natural-20261010"", ""igsm-pr9-20261008-0048-op5::noop:front:low"", 0, ""reference""]",/mnt/mydata/wja/reasoning-diff/runs/pr9-validation-natural-20261010/responses/trace-reference_a0723c19b73723be09a6f7a6.json,fb7734b8e34d9e33fafacac3bc63b4423e2a4de1f3a14a6c0076961cf9912c40,fb7734b8e34d9e33fafacac3bc63b4423e2a4de1f3a14a6c0076961cf9912c40,9130,2656
V12,pr9-validation-natural-20261010,trace-reference:4dc200102aa0f35bd220ec20,trace-reference_4dc200102aa0f35bd220ec20,igsm-pr9-20261008-0035-op21::noop:front:low,igsm-pr9-20261008-0035-op21,0,reference,neutral_noop,original_pr9_response,/mnt/mydata/wja/reasoning-diff/runs/pr9-validation-natural-20261010/responses/trace-reference_4dc200102aa0f35bd220ec20.json,fulltexts/V12.txt,False,True,,,,2d48e13546677de0ac0aeb7a456f187d8e4499b0f2a014731771f76818f32177,2d48e13546677de0ac0aeb7a456f187d8e4499b0f2a014731771f76818f32177,True,True,,True,True,True,,True,,"[""pr9-validation-natural-20261010"", ""igsm-pr9-20261008-0035-op21::noop:front:low"", 0, ""reference""]",/mnt/mydata/wja/reasoning-diff/runs/pr9-validation-natural-20261010/responses/trace-reference_4dc200102aa0f35bd220ec20.json,2c10bf7cc9fc9516158fb4380ce1cee7d3c7c0ef8ca3b18af6d2e6f482042201,2c10bf7cc9fc9516158fb4380ce1cee7d3c7c0ef8ca3b18af6d2e6f482042201,13955,3662
V13,pr9-validation-natural-20261010,trace-reference:d503680b82452b415a3457aa,trace-reference_d503680b82452b415a3457aa,igsm-pr9-20261008-0043-op21::noop:front:high,igsm-pr9-20261008-0043-op21,0,reference,related_noop,original_pr9_response,/mnt/mydata/wja/reasoning-diff/runs/pr9-validation-natural-20261010/responses/trace-reference_d503680b82452b415a3457aa.json,fulltexts/V13.txt,False,True,,,,9e5df1cc8770e06916df02e27594eb81420f9e592613bc478895b9ff8692dfc3,9e5df1cc8770e06916df02e27594eb81420f9e592613bc478895b9ff8692dfc3,True,True,,True,True,True,,True,,"[""pr9-validation-natural-20261010"", ""igsm-pr9-20261008-0043-op21::noop:front:high"", 0, ""reference""]",/mnt/mydata/wja/reasoning-diff/runs/pr9-validation-natural-20261010/responses/trace-reference_d503680b82452b415a3457aa.json,d6e3839a7e14c1aa682763615311f0de476223f45771b074e337d1e50b9193e6,d6e3839a7e14c1aa682763615311f0de476223f45771b074e337d1e50b9193e6,26058,8354
V14,pr9-validation-natural-20261010,trace-reference:4d73e8a70311681ae50d9b94,trace-reference_4d73e8a70311681ae50d9b94,igsm-pr9-20261008-0050-op15,igsm-pr9-20261008-0050-op15,0,reference,base,original_pr9_response,/mnt/mydata/wja/reasoning-diff/runs/pr9-validation-natural-20261010/responses/trace-reference_4d73e8a70311681ae50d9b94.json,fulltexts/V14.txt,False,True,,,,95ef5427fb41251c226f9e2f674c3c0febeb3c1e1306b33b95a38d20ed645937,95ef5427fb41251c226f9e2f674c3c0febeb3c1e1306b33b95a38d20ed645937,True,True,,True,True,True,,True,,"[""pr9-validation-natural-20261010"", ""igsm-pr9-20261008-0050-op15"", 0, ""reference""]",/mnt/mydata/wja/reasoning-diff/runs/pr9-validation-natural-20261010/responses/trace-reference_4d73e8a70311681ae50d9b94.json,85528d451eb7969e7375f82feff0b92f64c1a27080477edd2a67fce867dd71f2,85528d451eb7969e7375f82feff0b92f64c1a27080477edd2a67fce867dd71f2,11096,3113
V15,pr9-validation-natural-20261010,trace-reference:4ae940892963c250c2f45047,trace-reference_4ae940892963c250c2f45047,igsm-pr9-20261008-0018-op15::noop:front:low,igsm-pr9-20261008-0018-op15,0,reference,neutral_noop,original_pr9_response,/mnt/mydata/wja/reasoning-diff/runs/pr9-validation-natural-20261010/responses/trace-reference_4ae940892963c250c2f45047.json,fulltexts/V15.txt,False,True,,,,844c9ec135abf43511e04ac95d6a622b2089738e0d418a5cc0b01870d7c09e58,844c9ec135abf43511e04ac95d6a622b2089738e0d418a5cc0b01870d7c09e58,True,True,,True,True,True,,True,,"[""pr9-validation-natural-20261010"", ""igsm-pr9-20261008-0018-op15::noop:front:low"", 0, ""reference""]",/mnt/mydata/wja/reasoning-diff/runs/pr9-validation-natural-20261010/responses/trace-reference_4ae940892963c250c2f45047.json,f22f362c5855561c10f9e90538be9e70cdc1cd9559484111e5beadad2b6d3629,f22f362c5855561c10f9e90538be9e70cdc1cd9559484111e5beadad2b6d3629,17831,5382
V16,pr9-validation-natural-20261010,trace-reference:2c0fd7f4e9bc4d57a95ba702,trace-reference_2c0fd7f4e9bc4d57a95ba702,igsm-pr9-20261008-0055-op21::noop:front:low,igsm-pr9-20261008-0055-op21,0,reference,neutral_noop,original_pr9_response,/mnt/mydata/wja/reasoning-diff/runs/pr9-validation-natural-20261010/responses/trace-reference_2c0fd7f4e9bc4d57a95ba702.json,fulltexts/V16.txt,False,True,,,,131fd1027241fd8e34b27fb61392db945dce9c071c1fce483d75087ca097571a,131fd1027241fd8e34b27fb61392db945dce9c071c1fce483d75087ca097571a,True,True,,True,True,True,,True,,"[""pr9-validation-natural-20261010"", ""igsm-pr9-20261008-0055-op21::noop:front:low"", 0, ""reference""]",/mnt/mydata/wja/reasoning-diff/runs/pr9-validation-natural-20261010/responses/trace-reference_2c0fd7f4e9bc4d57a95ba702.json,cd5108c701f2107f2509829450892d9c580b36f0ac8ff87fe5f33b78d3dfb386,cd5108c701f2107f2509829450892d9c580b36f0ac8ff87fe5f33b78d3dfb386,13251,3953
V17,pr9-validation-natural-20261010,trace-reference:bb1efb63ce07a7c90c0f2b12,trace-reference_bb1efb63ce07a7c90c0f2b12,igsm-pr9-20261008-0035-op21,igsm-pr9-20261008-0035-op21,0,reference,base,original_pr9_response,/mnt/mydata/wja/reasoning-diff/runs/pr9-validation-natural-20261010/responses/trace-reference_bb1efb63ce07a7c90c0f2b12.json,fulltexts/V17.txt,False,True,,,,15f03bfebc2e1f0cf5866e64e248bfdebcc7350cb02a405a38d9b21be93becd0,15f03bfebc2e1f0cf5866e64e248bfdebcc7350cb02a405a38d9b21be93becd0,True,True,,True,True,True,,True,,"[""pr9-validation-natural-20261010"", ""igsm-pr9-20261008-0035-op21"", 0, ""reference""]",/mnt/mydata/wja/reasoning-diff/runs/pr9-validation-natural-20261010/responses/trace-reference_bb1efb63ce07a7c90c0f2b12.json,cb9701e075b86d50937415a34d6fc4e54c142f4f682a2ba391cf607f87e75cd5,cb9701e075b86d50937415a34d6fc4e54c142f4f682a2ba391cf607f87e75cd5,19929,6385
V18,pr9-validation-natural-20261010,trace-reference:5b65a988fda4523668e5f914,trace-reference_5b65a988fda4523668e5f914,igsm-pr9-20261008-0035-op21::noop:front:high,igsm-pr9-20261008-0035-op21,0,reference,related_noop,original_pr9_response,/mnt/mydata/wja/reasoning-diff/runs/pr9-validation-natural-20261010/responses/trace-reference_5b65a988fda4523668e5f914.json,fulltexts/V18.txt,False,True,,,,cbafcab4708374f79ced926ace48f73ae1617714fd2c0d6b871cafd8ba1498ad,cbafcab4708374f79ced926ace48f73ae1617714fd2c0d6b871cafd8ba1498ad,True,True,,True,True,True,,True,,"[""pr9-validation-natural-20261010"", ""igsm-pr9-20261008-0035-op21::noop:front:high"", 0, ""reference""]",/mnt/mydata/wja/reasoning-diff/runs/pr9-validation-natural-20261010/responses/trace-reference_5b65a988fda4523668e5f914.json,cd1d77e7d027314a8e942de1d41eab2ba800af022e1aaf14d54e36527f17cef6,cd1d77e7d027314a8e942de1d41eab2ba800af022e1aaf14d54e36527f17cef6,21316,5404
V19,pr9-validation-natural-20261010,trace-reference:e759742aa0df3385eda5afea,trace-reference_e759742aa0df3385eda5afea,igsm-pr9-20261008-0032-op5::noop:front:low,igsm-pr9-20261008-0032-op5,0,reference,neutral_noop,original_pr9_response,/mnt/mydata/wja/reasoning-diff/runs/pr9-validation-natural-20261010/responses/trace-reference_e759742aa0df3385eda5afea.json,fulltexts/V19.txt,False,True,,,,fc47c98d6ed9f5e36d4e2fffc2466ccc0a9282a7e71c5b643e0ccc4d4f852ac7,fc47c98d6ed9f5e36d4e2fffc2466ccc0a9282a7e71c5b643e0ccc4d4f852ac7,True,True,,True,True,True,,True,,"[""pr9-validation-natural-20261010"", ""igsm-pr9-20261008-0032-op5::noop:front:low"", 0, ""reference""]",/mnt/mydata/wja/reasoning-diff/runs/pr9-validation-natural-20261010/responses/trace-reference_e759742aa0df3385eda5afea.json,22d0178e76b67e3553b6822561edbecce9a3094d545f63cf38631a9cc028a733,22d0178e76b67e3553b6822561edbecce9a3094d545f63cf38631a9cc028a733,6766,1927
V20,pr9-validation-natural-20261010,trace-reference:a06f96f38d27ec0e18768a16,trace-reference_a06f96f38d27ec0e18768a16,igsm-pr9-20261008-0045-op10::noop:front:high,igsm-pr9-20261008-0045-op10,0,reference,related_noop,original_pr9_response,/mnt/mydata/wja/reasoning-diff/runs/pr9-validation-natural-20261010/responses/trace-reference_a06f96f38d27ec0e18768a16.json,fulltexts/V20.txt,False,True,,,,02f6a21542b95455ffa36d92b3ea95606f3737ca06b8f307089223bb7994ea89,02f6a21542b95455ffa36d92b3ea95606f3737ca06b8f307089223bb7994ea89,True,True,,True,True,True,,True,,"[""pr9-validation-natural-20261010"", ""igsm-pr9-20261008-0045-op10::noop:front:high"", 0, ""reference""]",/mnt/mydata/wja/reasoning-diff/runs/pr9-validation-natural-20261010/responses/trace-reference_a06f96f38d27ec0e18768a16.json,765e0fbb1908d6d76f5439b9b038d386a2b2d53b6f714e3de0c31a6243bf146a,765e0fbb1908d6d76f5439b9b038d386a2b2d53b6f714e3de0c31a6243bf146a,14615,4057
V21,pr9-validation-natural-20261010,trace-reference:f2bbe51c96d10faceeb31743,trace-reference_f2bbe51c96d10faceeb31743,igsm-pr9-20261008-0048-op5::noop:front:high,igsm-pr9-20261008-0048-op5,0,reference,related_noop,original_pr9_response,/mnt/mydata/wja/reasoning-diff/runs/pr9-validation-natural-20261010/responses/trace-reference_f2bbe51c96d10faceeb31743.json,fulltexts/V21.txt,False,True,,,,6b9b3c20a7de15ac18309e7023506d40e1995301f2d89da514b18e35bfcf714c,6b9b3c20a7de15ac18309e7023506d40e1995301f2d89da514b18e35bfcf714c,True,True,,True,True,True,,True,,"[""pr9-validation-natural-20261010"", ""igsm-pr9-20261008-0048-op5::noop:front:high"", 0, ""reference""]",/mnt/mydata/wja/reasoning-diff/runs/pr9-validation-natural-20261010/responses/trace-reference_f2bbe51c96d10faceeb31743.json,4b89d5105c43661646b50fc2fba68df0899d19099764a6b664cf16654903514a,4b89d5105c43661646b50fc2fba68df0899d19099764a6b664cf16654903514a,18176,4700
V22,pr9-validation-natural-20261010,trace-reference:4c62cdaffaf44f40c1e00348,trace-reference_4c62cdaffaf44f40c1e00348,igsm-pr9-20261008-0060-op5::noop:front:low,igsm-pr9-20261008-0060-op5,0,reference,neutral_noop,original_pr9_response,/mnt/mydata/wja/reasoning-diff/runs/pr9-validation-natural-20261010/responses/trace-reference_4c62cdaffaf44f40c1e00348.json,fulltexts/V22.txt,False,True,,,,5261bb350f65b8995088aa8707289b4ef926acde87ea250458ff697832cd528a,5261bb350f65b8995088aa8707289b4ef926acde87ea250458ff697832cd528a,True,True,,True,True,True,,True,,"[""pr9-validation-natural-20261010"", ""igsm-pr9-20261008-0060-op5::noop:front:low"", 0, ""reference""]",/mnt/mydata/wja/reasoning-diff/runs/pr9-validation-natural-20261010/responses/trace-reference_4c62cdaffaf44f40c1e00348.json,52a69080373f97a6557af364a26d97b1dfe22dc59c13af72d62000b3876bf9a2,52a69080373f97a6557af364a26d97b1dfe22dc59c13af72d62000b3876bf9a2,13283,3638
V23,pr9-validation-natural-20261010,trace-reference:b17d2abf34ebe023ae88f124,trace-reference_b17d2abf34ebe023ae88f124,igsm-pr9-20261008-0017-op10,igsm-pr9-20261008-0017-op10,0,reference,base,original_pr9_response,/mnt/mydata/wja/reasoning-diff/runs/pr9-validation-natural-20261010/responses/trace-reference_b17d2abf34ebe023ae88f124.json,fulltexts/V23.txt,False,True,,,,00c46dcaea21b060b98b6a29306b3db04c18066c7f9bd2b76a7c621d5b130e37,00c46dcaea21b060b98b6a29306b3db04c18066c7f9bd2b76a7c621d5b130e37,True,True,,True,True,True,,True,,"[""pr9-validation-natural-20261010"", ""igsm-pr9-20261008-0017-op10"", 0, ""reference""]",/mnt/mydata/wja/reasoning-diff/runs/pr9-validation-natural-20261010/responses/trace-reference_b17d2abf34ebe023ae88f124.json,ff33fecd708cc939295fd459d5040e36a8c8713c75aa1357efb9715e5c564411,ff33fecd708cc939295fd459d5040e36a8c8713c75aa1357efb9715e5c564411,10975,3458
V24,pr9-validation-natural-20261010,trace-reference:fd2be7098ddb158bb82a6aa0,trace-reference_fd2be7098ddb158bb82a6aa0,igsm-pr9-20261008-0050-op15::noop:front:high,igsm-pr9-20261008-0050-op15,0,reference,related_noop,original_pr9_response,/mnt/mydata/wja/reasoning-diff/runs/pr9-validation-natural-20261010/responses/trace-reference_fd2be7098ddb158bb82a6aa0.json,fulltexts/V24.txt,False,True,,,,cabee7c051603c3ae73ab322e485e51ee9d632f81b5f9b903208a4dd970f5d9e,cabee7c051603c3ae73ab322e485e51ee9d632f81b5f9b903208a4dd970f5d9e,True,True,,True,True,True,,True,,"[""pr9-validation-natural-20261010"", ""igsm-pr9-20261008-0050-op15::noop:front:high"", 0, ""reference""]",/mnt/mydata/wja/reasoning-diff/runs/pr9-validation-natural-20261010/responses/trace-reference_fd2be7098ddb158bb82a6aa0.json,f2d0c98044bdbf84c10f30d437186ae1fc15910ae536f1b95276ec8d3352854b,f2d0c98044bdbf84c10f30d437186ae1fc15910ae536f1b95276ec8d3352854b,18503,4997
V25,pr9-validation-natural-20261010,trace-noise:16e79fb30baa737759bd7417,trace-noise_16e79fb30baa737759bd7417,igsm-pr9-20261008-0032-op5,igsm-pr9-20261008-0032-op5,3,noise,base,original_pr9_response,/mnt/mydata/wja/reasoning-diff/runs/pr9-validation-natural-20261010/responses/trace-noise_16e79fb30baa737759bd7417.json,fulltexts/V25.txt,True,True,,,,964a49ac812cfd03e3ad54305a57369e9f4b5f1d471ab0de85b687e390b58f80,964a49ac812cfd03e3ad54305a57369e9f4b5f1d471ab0de85b687e390b58f80,True,True,,True,True,True,,True,,"[""pr9-validation-natural-20261010"", ""igsm-pr9-20261008-0032-op5"", 3, ""noise""]",/mnt/mydata/wja/reasoning-diff/runs/pr9-validation-natural-20261010/responses/trace-noise_16e79fb30baa737759bd7417.json,e44762cc1bffdc07ff9c5063426ed126259ed342e55c1bdf1a323dba978f140a,e44762cc1bffdc07ff9c5063426ed126259ed342e55c1bdf1a323dba978f140a,4713,1377
V26,pr9-validation-natural-20261010,trace-noise:186e8e968a983986c7c58a96,trace-noise_186e8e968a983986c7c58a96,igsm-pr9-20261008-0055-op21,igsm-pr9-20261008-0055-op21,3,noise,base,original_pr9_response,/mnt/mydata/wja/reasoning-diff/runs/pr9-validation-natural-20261010/responses/trace-noise_186e8e968a983986c7c58a96.json,fulltexts/V26.txt,True,True,,,,5f51ac141f2195c9f4d77e6779bf6c387f78527fb5552236b45b0ad3bfdf611f,5f51ac141f2195c9f4d77e6779bf6c387f78527fb5552236b45b0ad3bfdf611f,True,True,,True,True,True,,True,,"[""pr9-validation-natural-20261010"", ""igsm-pr9-20261008-0055-op21"", 3, ""noise""]",/mnt/mydata/wja/reasoning-diff/runs/pr9-validation-natural-20261010/responses/trace-noise_186e8e968a983986c7c58a96.json,f69c1db97b3575752cc103f5079c138211ea15bd0e79bd47c4ed5c11ae4299ce,f69c1db97b3575752cc103f5079c138211ea15bd0e79bd47c4ed5c11ae4299ce,16495,5310
V27,pr9-validation-natural-20261010,trace-noise:1958484b4b3c21734468ec38,trace-noise_1958484b4b3c21734468ec38,igsm-pr9-20261008-0048-op5::noop:front:low,igsm-pr9-20261008-0048-op5,3,noise,neutral_noop,original_pr9_response,/mnt/mydata/wja/reasoning-diff/runs/pr9-validation-natural-20261010/responses/trace-noise_1958484b4b3c21734468ec38.json,fulltexts/V27.txt,True,True,,,,bcd5c3dbe52fccaf09cb55e31d169322f8fb882acc4a449a82736bc8537ee010,bcd5c3dbe52fccaf09cb55e31d169322f8fb882acc4a449a82736bc8537ee010,True,True,,True,True,True,,True,,"[""pr9-validation-natural-20261010"", ""igsm-pr9-20261008-0048-op5::noop:front:low"", 3, ""noise""]",/mnt/mydata/wja/reasoning-diff/runs/pr9-validation-natural-20261010/responses/trace-noise_1958484b4b3c21734468ec38.json,2c4234d15ef28cf43d44245f0de1180b845788fcee548ab0eea2180082192a9b,2c4234d15ef28cf43d44245f0de1180b845788fcee548ab0eea2180082192a9b,9320,2684
V28,pr9-validation-natural-20261010,trace-noise:1bacba477303b4a48584440e,trace-noise_1bacba477303b4a48584440e,igsm-pr9-20261008-0045-op10::noop:front:high,igsm-pr9-20261008-0045-op10,3,noise,related_noop,original_pr9_response,/mnt/mydata/wja/reasoning-diff/runs/pr9-validation-natural-20261010/responses/trace-noise_1bacba477303b4a48584440e.json,fulltexts/V28.txt,True,True,,,,5c0f016537ad154a5f5cd6427bd74984cedfb0688d8354a22a0c014ee5c0a384,5c0f016537ad154a5f5cd6427bd74984cedfb0688d8354a22a0c014ee5c0a384,True,True,,True,True,True,,True,,"[""pr9-validation-natural-20261010"", ""igsm-pr9-20261008-0045-op10::noop:front:high"", 3, ""noise""]",/mnt/mydata/wja/reasoning-diff/runs/pr9-validation-natural-20261010/responses/trace-noise_1bacba477303b4a48584440e.json,419ec0dcb0e64b06f0d4cc9785cb38ec275e924e1a7978eba7a6f68b4dd40e35,419ec0dcb0e64b06f0d4cc9785cb38ec275e924e1a7978eba7a6f68b4dd40e35,9953,2925
V29,pr9-validation-natural-20261010,trace-noise:29fb7b7a6797f71f2597a23e,trace-noise_29fb7b7a6797f71f2597a23e,igsm-pr9-20261008-0017-op10::noop:front:high,igsm-pr9-20261008-0017-op10,3,noise,related_noop,original_pr9_response,/mnt/mydata/wja/reasoning-diff/runs/pr9-validation-natural-20261010/responses/trace-noise_29fb7b7a6797f71f2597a23e.json,fulltexts/V29.txt,True,True,,,,84162987976a117486f81d3e9fadce76181f7187f9d44e9d19c3ac6686e063df,84162987976a117486f81d3e9fadce76181f7187f9d44e9d19c3ac6686e063df,True,True,,True,True,True,,True,,"[""pr9-validation-natural-20261010"", ""igsm-pr9-20261008-0017-op10::noop:front:high"", 3, ""noise""]",/mnt/mydata/wja/reasoning-diff/runs/pr9-validation-natural-20261010/responses/trace-noise_29fb7b7a6797f71f2597a23e.json,a170a5158c2b3b89366b83fa060047a28e3ae596eac4acff70d92afa72e0d991,a170a5158c2b3b89366b83fa060047a28e3ae596eac4acff70d92afa72e0d991,15893,4753
V30,pr9-validation-natural-20261010,trace-noise:2a7c8b61dae5937325b4a278,trace-noise_2a7c8b61dae5937325b4a278,igsm-pr9-20261008-0018-op15::noop:front:low,igsm-pr9-20261008-0018-op15,3,noise,neutral_noop,original_pr9_response,/mnt/mydata/wja/reasoning-diff/runs/pr9-validation-natural-20261010/responses/trace-noise_2a7c8b61dae5937325b4a278.json,fulltexts/V30.txt,True,True,,,,c4819b62d7704a6cd712485186e5d108924ccd23814e43c6571efd1584f759cc,c4819b62d7704a6cd712485186e5d108924ccd23814e43c6571efd1584f759cc,True,True,,True,True,True,,True,,"[""pr9-validation-natural-20261010"", ""igsm-pr9-20261008-0018-op15::noop:front:low"", 3, ""noise""]",/mnt/mydata/wja/reasoning-diff/runs/pr9-validation-natural-20261010/responses/trace-noise_2a7c8b61dae5937325b4a278.json,43df8ce171300916530b57d798ea89b3f5317cc0d9706502edf616930f901581,43df8ce171300916530b57d798ea89b3f5317cc0d9706502edf616930f901581,12406,3790
V31,pr9-validation-natural-20261010,trace-noise:41ccda260b2ba8ab1cf6ff3c,trace-noise_41ccda260b2ba8ab1cf6ff3c,igsm-pr9-20261008-0017-op10,igsm-pr9-20261008-0017-op10,3,noise,base,original_pr9_response,/mnt/mydata/wja/reasoning-diff/runs/pr9-validation-natural-20261010/responses/trace-noise_41ccda260b2ba8ab1cf6ff3c.json,fulltexts/V31.txt,True,True,,,,21a278ec5e06baafcaddf0b460dda5d2d7937e1ce32d6163ccbfc15a8b70f4e5,21a278ec5e06baafcaddf0b460dda5d2d7937e1ce32d6163ccbfc15a8b70f4e5,True,True,,True,True,True,,True,,"[""pr9-validation-natural-20261010"", ""igsm-pr9-20261008-0017-op10"", 3, ""noise""]",/mnt/mydata/wja/reasoning-diff/runs/pr9-validation-natural-20261010/responses/trace-noise_41ccda260b2ba8ab1cf6ff3c.json,d8df234e11e01d658402fef4432fff444e54e5afb2badd95971429d928af9f5d,d8df234e11e01d658402fef4432fff444e54e5afb2badd95971429d928af9f5d,5994,1770
V32,pr9-validation-natural-20261010,trace-noise:41cd655170bffd61e4dc4db2,trace-noise_41cd655170bffd61e4dc4db2,igsm-pr9-20261008-0045-op10,igsm-pr9-20261008-0045-op10,3,noise,base,original_pr9_response,/mnt/mydata/wja/reasoning-diff/runs/pr9-validation-natural-20261010/responses/trace-noise_41cd655170bffd61e4dc4db2.json,fulltexts/V32.txt,True,True,,,,c71a456482a118245878db3aa54b6fae45910d5345e1230faf1206d3543ccf20,c71a456482a118245878db3aa54b6fae45910d5345e1230faf1206d3543ccf20,True,True,,True,True,True,,True,,"[""pr9-validation-natural-20261010"", ""igsm-pr9-20261008-0045-op10"", 3, ""noise""]",/mnt/mydata/wja/reasoning-diff/runs/pr9-validation-natural-20261010/responses/trace-noise_41cd655170bffd61e4dc4db2.json,0d6eae4acc5e5dd8a0883db84ec6dad9314dc1b9f0ca841aae9d5b832cdfe5eb,0d6eae4acc5e5dd8a0883db84ec6dad9314dc1b9f0ca841aae9d5b832cdfe5eb,7462,2081
V33,pr9-validation-natural-20261010,trace-noise:41d693b47828009394ec783c,trace-noise_41d693b47828009394ec783c,igsm-pr9-20261008-0045-op10::noop:front:low,igsm-pr9-20261008-0045-op10,3,noise,neutral_noop,original_pr9_response,/mnt/mydata/wja/reasoning-diff/runs/pr9-validation-natural-20261010/responses/trace-noise_41d693b47828009394ec783c.json,fulltexts/V33.txt,True,True,,,,80e7fbc2c11b130d719a7ab5b7947db2f9eb90e2d478e05877864bde0bb26b06,80e7fbc2c11b130d719a7ab5b7947db2f9eb90e2d478e05877864bde0bb26b06,True,True,,True,True,True,,True,,"[""pr9-validation-natural-20261010"", ""igsm-pr9-20261008-0045-op10::noop:front:low"", 3, ""noise""]",/mnt/mydata/wja/reasoning-diff/runs/pr9-validation-natural-20261010/responses/trace-noise_41d693b47828009394ec783c.json,5c406c1b40a1c355f0f5e9783030763caaa0cc3d1fd84f5d5f20f306702b18b8,5c406c1b40a1c355f0f5e9783030763caaa0cc3d1fd84f5d5f20f306702b18b8,8190,2684
V34,pr9-validation-natural-20261010,trace-noise:45b145b9b829c982981a78d1,trace-noise_45b145b9b829c982981a78d1,igsm-pr9-20261008-0043-op21,igsm-pr9-20261008-0043-op21,3,noise,base,original_pr9_response,/mnt/mydata/wja/reasoning-diff/runs/pr9-validation-natural-20261010/responses/trace-noise_45b145b9b829c982981a78d1.json,fulltexts/V34.txt,True,True,,,,dc6d157bbc669e8399b013e01fb6eff1c39f355c51e6d5344eeadfa9217a45df,dc6d157bbc669e8399b013e01fb6eff1c39f355c51e6d5344eeadfa9217a45df,True,True,,True,True,True,,True,,"[""pr9-validation-natural-20261010"", ""igsm-pr9-20261008-0043-op21"", 3, ""noise""]",/mnt/mydata/wja/reasoning-diff/runs/pr9-validation-natural-20261010/responses/trace-noise_45b145b9b829c982981a78d1.json,517e65f684cfb4d769ed9b9ca90ccf6b051698a0583ee98c597fc1322d729a87,517e65f684cfb4d769ed9b9ca90ccf6b051698a0583ee98c597fc1322d729a87,12049,3602
V35,pr9-validation-natural-20261010,trace-noise:5193924ac01f43e202e03fe6,trace-noise_5193924ac01f43e202e03fe6,igsm-pr9-20261008-0017-op10::noop:front:low,igsm-pr9-20261008-0017-op10,3,noise,neutral_noop,original_pr9_response,/mnt/mydata/wja/reasoning-diff/runs/pr9-validation-natural-20261010/responses/trace-noise_5193924ac01f43e202e03fe6.json,fulltexts/V35.txt,True,True,,,,65276662a92141bce6a5412b5fa0d3a5030eab147ce84573ac02eadc2e65172b,65276662a92141bce6a5412b5fa0d3a5030eab147ce84573ac02eadc2e65172b,True,True,,True,True,True,,True,,"[""pr9-validation-natural-20261010"", ""igsm-pr9-20261008-0017-op10::noop:front:low"", 3, ""noise""]",/mnt/mydata/wja/reasoning-diff/runs/pr9-validation-natural-20261010/responses/trace-noise_5193924ac01f43e202e03fe6.json,377fb599a96fb15ee596f44af249438e66305cbccf34c18b3066549c27f41223,377fb599a96fb15ee596f44af249438e66305cbccf34c18b3066549c27f41223,8614,2440
V36,pr9-validation-natural-20261010,trace-noise:58f1dd9acdebbb06736cf320,trace-noise_58f1dd9acdebbb06736cf320,igsm-pr9-20261008-0032-op5::noop:front:high,igsm-pr9-20261008-0032-op5,3,noise,related_noop,original_pr9_response,/mnt/mydata/wja/reasoning-diff/runs/pr9-validation-natural-20261010/responses/trace-noise_58f1dd9acdebbb06736cf320.json,fulltexts/V36.txt,True,True,,,,0bed994564c8a46ba67b9177ede357096105be43a0cb470f345b7aa90caf64cb,0bed994564c8a46ba67b9177ede357096105be43a0cb470f345b7aa90caf64cb,True,True,,True,True,True,,True,,"[""pr9-validation-natural-20261010"", ""igsm-pr9-20261008-0032-op5::noop:front:high"", 3, ""noise""]",/mnt/mydata/wja/reasoning-diff/runs/pr9-validation-natural-20261010/responses/trace-noise_58f1dd9acdebbb06736cf320.json,c87636b9ee819025ad86fe5b5c71ff4fc614245b0ea0ec2a0039ea4c5cd2deac,c87636b9ee819025ad86fe5b5c71ff4fc614245b0ea0ec2a0039ea4c5cd2deac,7180,1999
V37,pr9-validation-natural-20261010,trace-noise:5eae91a0878cc6f86fb46f73,trace-noise_5eae91a0878cc6f86fb46f73,igsm-pr9-20261008-0018-op15,igsm-pr9-20261008-0018-op15,3,noise,base,original_pr9_response,/mnt/mydata/wja/reasoning-diff/runs/pr9-validation-natural-20261010/responses/trace-noise_5eae91a0878cc6f86fb46f73.json,fulltexts/V37.txt,True,True,,,,4339aee7bb963477f285960bc59aa1341ef6371968b38d01c90fee5ff2d1ff99,4339aee7bb963477f285960bc59aa1341ef6371968b38d01c90fee5ff2d1ff99,True,True,,True,True,True,,True,,"[""pr9-validation-natural-20261010"", ""igsm-pr9-20261008-0018-op15"", 3, ""noise""]",/mnt/mydata/wja/reasoning-diff/runs/pr9-validation-natural-20261010/responses/trace-noise_5eae91a0878cc6f86fb46f73.json,cb315667255255af84f7f26891c6c885aea96cb271caca7f0fddc498adc5f170,cb315667255255af84f7f26891c6c885aea96cb271caca7f0fddc498adc5f170,12693,4056
V38,pr9-validation-natural-20261010,trace-noise:6445c8e9eed41bc48ffe2a24,trace-noise_6445c8e9eed41bc48ffe2a24,igsm-pr9-20261008-0032-op5::noop:front:low,igsm-pr9-20261008-0032-op5,3,noise,neutral_noop,original_pr9_response,/mnt/mydata/wja/reasoning-diff/runs/pr9-validation-natural-20261010/responses/trace-noise_6445c8e9eed41bc48ffe2a24.json,fulltexts/V38.txt,True,True,,,,22d919660a39b31b30b835ac2a9f26ee651a487ebb5f73a6598abf07d3d26f42,22d919660a39b31b30b835ac2a9f26ee651a487ebb5f73a6598abf07d3d26f42,True,True,,True,True,True,,True,,"[""pr9-validation-natural-20261010"", ""igsm-pr9-20261008-0032-op5::noop:front:low"", 3, ""noise""]",/mnt/mydata/wja/reasoning-diff/runs/pr9-validation-natural-20261010/responses/trace-noise_6445c8e9eed41bc48ffe2a24.json,20872cb35b19c522aaa629924e8a9e626dfb4d3a2ac5ca82eb8a16d30c9353e2,20872cb35b19c522aaa629924e8a9e626dfb4d3a2ac5ca82eb8a16d30c9353e2,4271,1179
V39,pr9-validation-natural-20261010,trace-noise:7351c06d7be1070d5c437b75,trace-noise_7351c06d7be1070d5c437b75,igsm-pr9-20261008-0013-op10,igsm-pr9-20261008-0013-op10,3,noise,base,original_pr9_response,/mnt/mydata/wja/reasoning-diff/runs/pr9-validation-natural-20261010/responses/trace-noise_7351c06d7be1070d5c437b75.json,fulltexts/V39.txt,True,True,,,,8739e0afa6cfbc9c8ac335a30589ff01794d3b12e4c6a49d97f7d98d46193a5f,8739e0afa6cfbc9c8ac335a30589ff01794d3b12e4c6a49d97f7d98d46193a5f,True,True,,True,True,True,,True,,"[""pr9-validation-natural-20261010"", ""igsm-pr9-20261008-0013-op10"", 3, ""noise""]",/mnt/mydata/wja/reasoning-diff/runs/pr9-validation-natural-20261010/responses/trace-noise_7351c06d7be1070d5c437b75.json,f1df0afab28a307ea3b6ce3b2882be6cc0c4d8cdf4400b3ac329b0eb64ae93f4,f1df0afab28a307ea3b6ce3b2882be6cc0c4d8cdf4400b3ac329b0eb64ae93f4,6909,1893
V40,pr9-validation-natural-20261010,trace-noise:7463f4d06b661f1e70dc03eb,trace-noise_7463f4d06b661f1e70dc03eb,igsm-pr9-20261008-0055-op21::noop:front:low,igsm-pr9-20261008-0055-op21,3,noise,neutral_noop,original_pr9_response,/mnt/mydata/wja/reasoning-diff/runs/pr9-validation-natural-20261010/responses/trace-noise_7463f4d06b661f1e70dc03eb.json,fulltexts/V40.txt,True,True,,,,c8d6d7ddd599c7c9881b3ed73c588c674eab20a9978d1257f2566797e6f98d7c,c8d6d7ddd599c7c9881b3ed73c588c674eab20a9978d1257f2566797e6f98d7c,True,True,,True,True,True,,True,,"[""pr9-validation-natural-20261010"", ""igsm-pr9-20261008-0055-op21::noop:front:low"", 3, ""noise""]",/mnt/mydata/wja/reasoning-diff/runs/pr9-validation-natural-20261010/responses/trace-noise_7463f4d06b661f1e70dc03eb.json,c44630813f5fafdc6a9420087ec07ae5f2e5ea3a2375837cdb9390c27a4c5bf8,c44630813f5fafdc6a9420087ec07ae5f2e5ea3a2375837cdb9390c27a4c5bf8,14870,4640
V41,pr9-validation-natural-20261010,trace-noise:7ca5691ada7bb37c6279de5f,trace-noise_7ca5691ada7bb37c6279de5f,igsm-pr9-20261008-0013-op10::noop:front:high,igsm-pr9-20261008-0013-op10,3,noise,related_noop,original_pr9_response,/mnt/mydata/wja/reasoning-diff/runs/pr9-validation-natural-20261010/responses/trace-noise_7ca5691ada7bb37c6279de5f.json,fulltexts/V41.txt,True,True,,,,d9bafce03f07bd4e2df904c403399090cbeaa21ef9203527e796a1519a57b39c,d9bafce03f07bd4e2df904c403399090cbeaa21ef9203527e796a1519a57b39c,True,True,,True,True,True,,True,,"[""pr9-validation-natural-20261010"", ""igsm-pr9-20261008-0013-op10::noop:front:high"", 3, ""noise""]",/mnt/mydata/wja/reasoning-diff/runs/pr9-validation-natural-20261010/responses/trace-noise_7ca5691ada7bb37c6279de5f.json,9a80dc7c0df46b46463b118bb93cd78862a9a38ae3d9d451b0feb85b3b4fdd06,9a80dc7c0df46b46463b118bb93cd78862a9a38ae3d9d451b0feb85b3b4fdd06,10445,2965
V42,pr9-validation-natural-20261010,trace-noise:805807b77e75f64b6cff2ab1,trace-noise_805807b77e75f64b6cff2ab1,igsm-pr9-20261008-0050-op15::noop:front:low,igsm-pr9-20261008-0050-op15,3,noise,neutral_noop,original_pr9_response,/mnt/mydata/wja/reasoning-diff/runs/pr9-validation-natural-20261010/responses/trace-noise_805807b77e75f64b6cff2ab1.json,fulltexts/V42.txt,True,True,,,,ccbbe51aec72e776ec1ac9dc9f50e549148ce77f26e6a7748396556131a43503,ccbbe51aec72e776ec1ac9dc9f50e549148ce77f26e6a7748396556131a43503,True,True,,True,True,True,,True,,"[""pr9-validation-natural-20261010"", ""igsm-pr9-20261008-0050-op15::noop:front:low"", 3, ""noise""]",/mnt/mydata/wja/reasoning-diff/runs/pr9-validation-natural-20261010/responses/trace-noise_805807b77e75f64b6cff2ab1.json,13aba6f39ef07d51793756a12ff57c5d8d75a7d65e68160c912ec0224aaeb6d0,13aba6f39ef07d51793756a12ff57c5d8d75a7d65e68160c912ec0224aaeb6d0,9879,2695
V43,pr9-validation-natural-20261010,trace-noise:857ea94ede598eed1ecd5ceb,trace-noise_857ea94ede598eed1ecd5ceb,igsm-pr9-20261008-0043-op21::noop:front:high,igsm-pr9-20261008-0043-op21,3,noise,related_noop,original_pr9_response,/mnt/mydata/wja/reasoning-diff/runs/pr9-validation-natural-20261010/responses/trace-noise_857ea94ede598eed1ecd5ceb.json,fulltexts/V43.txt,True,True,,,,fe1d6370afee95fe634df0341829958defc7ecf60b960dbfbdfc1e77be34aab8,fe1d6370afee95fe634df0341829958defc7ecf60b960dbfbdfc1e77be34aab8,True,True,,True,True,True,,True,,"[""pr9-validation-natural-20261010"", ""igsm-pr9-20261008-0043-op21::noop:front:high"", 3, ""noise""]",/mnt/mydata/wja/reasoning-diff/runs/pr9-validation-natural-20261010/responses/trace-noise_857ea94ede598eed1ecd5ceb.json,453cb189eb661b4a6f77d53eb933133fbb377cd0d4acfcd95b88252daf6affc5,453cb189eb661b4a6f77d53eb933133fbb377cd0d4acfcd95b88252daf6affc5,10106,2965
V44,pr9-validation-natural-20261010,trace-noise:8af67bfe52cebcc11cafb221,trace-noise_8af67bfe52cebcc11cafb221,igsm-pr9-20261008-0060-op5,igsm-pr9-20261008-0060-op5,3,noise,base,original_pr9_response,/mnt/mydata/wja/reasoning-diff/runs/pr9-validation-natural-20261010/responses/trace-noise_8af67bfe52cebcc11cafb221.json,fulltexts/V44.txt,True,True,,,,edb152b66371f3a0ca26144edc24608b6fc690db35639c5fc7c46cc108821165,edb152b66371f3a0ca26144edc24608b6fc690db35639c5fc7c46cc108821165,True,True,,True,True,True,,True,,"[""pr9-validation-natural-20261010"", ""igsm-pr9-20261008-0060-op5"", 3, ""noise""]",/mnt/mydata/wja/reasoning-diff/runs/pr9-validation-natural-20261010/responses/trace-noise_8af67bfe52cebcc11cafb221.json,413218785bbee9d3293a1c760e0163ae2d394807355fb7fd47d0112bae9a5896,413218785bbee9d3293a1c760e0163ae2d394807355fb7fd47d0112bae9a5896,8290,2408
V45,pr9-validation-natural-20261010,trace-noise:8f952c37b6d19a060124c704,trace-noise_8f952c37b6d19a060124c704,igsm-pr9-20261008-0048-op5::noop:front:high,igsm-pr9-20261008-0048-op5,3,noise,related_noop,original_pr9_response,/mnt/mydata/wja/reasoning-diff/runs/pr9-validation-natural-20261010/responses/trace-noise_8f952c37b6d19a060124c704.json,fulltexts/V45.txt,True,True,,,,7db0a2e9a0457cfe9dabd46b6b748ac03fd4d6288439284a004e4c9b250111e8,7db0a2e9a0457cfe9dabd46b6b748ac03fd4d6288439284a004e4c9b250111e8,True,True,,True,True,True,,True,,"[""pr9-validation-natural-20261010"", ""igsm-pr9-20261008-0048-op5::noop:front:high"", 3, ""noise""]",/mnt/mydata/wja/reasoning-diff/runs/pr9-validation-natural-20261010/responses/trace-noise_8f952c37b6d19a060124c704.json,a956b872cf74f804d33d31cd3361c0ecc2cb612968241b0136682ebb05dd522f,a956b872cf74f804d33d31cd3361c0ecc2cb612968241b0136682ebb05dd522f,17223,4393
V46,pr9-validation-natural-20261010,trace-noise:9156b0cfb70728849eb6b09f,trace-noise_9156b0cfb70728849eb6b09f,igsm-pr9-20261008-0050-op15,igsm-pr9-20261008-0050-op15,3,noise,base,original_pr9_response,/mnt/mydata/wja/reasoning-diff/runs/pr9-validation-natural-20261010/responses/trace-noise_9156b0cfb70728849eb6b09f.json,fulltexts/V46.txt,True,True,,,,a43fe9399736500849664adab61b2d4810b34f6805a767089b33d63e9a59502b,a43fe9399736500849664adab61b2d4810b34f6805a767089b33d63e9a59502b,True,True,,True,True,True,,True,,"[""pr9-validation-natural-20261010"", ""igsm-pr9-20261008-0050-op15"", 3, ""noise""]",/mnt/mydata/wja/reasoning-diff/runs/pr9-validation-natural-20261010/responses/trace-noise_9156b0cfb70728849eb6b09f.json,419b4140afac2b1697099b1f96937a2b2be55f7cb6cdd03dc9be9b9baff27e47,419b4140afac2b1697099b1f96937a2b2be55f7cb6cdd03dc9be9b9baff27e47,8985,2463
V47,pr9-validation-natural-20261010,trace-noise:969a4eb7fceb7c92a3936763,trace-noise_969a4eb7fceb7c92a3936763,igsm-pr9-20261008-0035-op21,igsm-pr9-20261008-0035-op21,3,noise,base,original_pr9_response,/mnt/mydata/wja/reasoning-diff/runs/pr9-validation-natural-20261010/responses/trace-noise_969a4eb7fceb7c92a3936763.json,fulltexts/V47.txt,True,True,,,,e49d92c7f4fabefe1f7bf0316ec9b228e63cb7f63bf2ceb0a175d32d89be81c2,e49d92c7f4fabefe1f7bf0316ec9b228e63cb7f63bf2ceb0a175d32d89be81c2,True,True,,True,True,True,,True,,"[""pr9-validation-natural-20261010"", ""igsm-pr9-20261008-0035-op21"", 3, ""noise""]",/mnt/mydata/wja/reasoning-diff/runs/pr9-validation-natural-20261010/responses/trace-noise_969a4eb7fceb7c92a3936763.json,238fa3c203a8b42d809dacbc9abb364547df755a31b4773cc2a615014a5dc054,238fa3c203a8b42d809dacbc9abb364547df755a31b4773cc2a615014a5dc054,17864,5193
V48,pr9-validation-natural-20261010,trace-noise:97c6c7219fc08468348df12e,trace-noise_97c6c7219fc08468348df12e,igsm-pr9-20261008-0060-op5::noop:front:high,igsm-pr9-20261008-0060-op5,3,noise,related_noop,original_pr9_response,/mnt/mydata/wja/reasoning-diff/runs/pr9-validation-natural-20261010/responses/trace-noise_97c6c7219fc08468348df12e.json,fulltexts/V48.txt,True,True,,,,71b1954c6f9b8a0d33b8418c93d87ed8250fc2293bce5e1719404cc1d0b259e6,71b1954c6f9b8a0d33b8418c93d87ed8250fc2293bce5e1719404cc1d0b259e6,True,True,,True,True,True,,True,,"[""pr9-validation-natural-20261010"", ""igsm-pr9-20261008-0060-op5::noop:front:high"", 3, ""noise""]",/mnt/mydata/wja/reasoning-diff/runs/pr9-validation-natural-20261010/responses/trace-noise_97c6c7219fc08468348df12e.json,5f461f5b2f18f1235618fdb755f33be254d0a9c70a10b93cceb4511faafb03cf,5f461f5b2f18f1235618fdb755f33be254d0a9c70a10b93cceb4511faafb03cf,13033,3360
V49,pr9-validation-natural-20261010,trace-noise:9c76214b38228457cb33b305,trace-noise_9c76214b38228457cb33b305,igsm-pr9-20261008-0014-op15,igsm-pr9-20261008-0014-op15,3,noise,base,original_pr9_response,/mnt/mydata/wja/reasoning-diff/runs/pr9-validation-natural-20261010/responses/trace-noise_9c76214b38228457cb33b305.json,fulltexts/V49.txt,True,True,,,,521988e8e7551d1412b05239f232840f8c33964544ca2705c6e7644d731c03b7,521988e8e7551d1412b05239f232840f8c33964544ca2705c6e7644d731c03b7,True,True,,True,True,True,,True,,"[""pr9-validation-natural-20261010"", ""igsm-pr9-20261008-0014-op15"", 3, ""noise""]",/mnt/mydata/wja/reasoning-diff/runs/pr9-validation-natural-20261010/responses/trace-noise_9c76214b38228457cb33b305.json,8321dff554bd53292e30d76bf4d403a2489825a8638e97a92b8b20e47e3993f1,8321dff554bd53292e30d76bf4d403a2489825a8638e97a92b8b20e47e3993f1,10424,3610
V50,pr9-validation-natural-20261010,trace-noise:c4193b609bd3ac672cd5d274,trace-noise_c4193b609bd3ac672cd5d274,igsm-pr9-20261008-0050-op15::noop:front:high,igsm-pr9-20261008-0050-op15,3,noise,related_noop,original_pr9_response,/mnt/mydata/wja/reasoning-diff/runs/pr9-validation-natural-20261010/responses/trace-noise_c4193b609bd3ac672cd5d274.json,fulltexts/V50.txt,True,True,,,,2ab285a269a587a81575fbfd819647f2965b8ddf6967148c4cdd697acc35a85f,2ab285a269a587a81575fbfd819647f2965b8ddf6967148c4cdd697acc35a85f,True,True,,True,True,True,,True,,"[""pr9-validation-natural-20261010"", ""igsm-pr9-20261008-0050-op15::noop:front:high"", 3, ""noise""]",/mnt/mydata/wja/reasoning-diff/runs/pr9-validation-natural-20261010/responses/trace-noise_c4193b609bd3ac672cd5d274.json,0599e6483137411d7e5b1b3b1d9ef2fddcf5c3d43adc9d46314742d5b64e0094,0599e6483137411d7e5b1b3b1d9ef2fddcf5c3d43adc9d46314742d5b64e0094,25334,7388
V51,pr9-validation-natural-20261010,trace-noise:c556cb3be12abb0888a5c5ec,trace-noise_c556cb3be12abb0888a5c5ec,igsm-pr9-20261008-0035-op21::noop:front:high,igsm-pr9-20261008-0035-op21,3,noise,related_noop,original_pr9_response,/mnt/mydata/wja/reasoning-diff/runs/pr9-validation-natural-20261010/responses/trace-noise_c556cb3be12abb0888a5c5ec.json,fulltexts/V51.txt,True,True,,,,accdb55b106a84e324da0e2d42099078c5aa74dcc1d598e3e4873b2b28843d6b,accdb55b106a84e324da0e2d42099078c5aa74dcc1d598e3e4873b2b28843d6b,True,True,,True,True,True,,True,,"[""pr9-validation-natural-20261010"", ""igsm-pr9-20261008-0035-op21::noop:front:high"", 3, ""noise""]",/mnt/mydata/wja/reasoning-diff/runs/pr9-validation-natural-20261010/responses/trace-noise_c556cb3be12abb0888a5c5ec.json,15469a39f403e614c2cd71f687f0016c7e567c368bc36b6e15a8e6af27d75e97,15469a39f403e614c2cd71f687f0016c7e567c368bc36b6e15a8e6af27d75e97,10255,2675
V52,pr9-validation-natural-20261010,trace-noise:c5842b526dc81be8056e3a3a,trace-noise_c5842b526dc81be8056e3a3a,igsm-pr9-20261008-0043-op21::noop:front:low,igsm-pr9-20261008-0043-op21,3,noise,neutral_noop,original_pr9_response,/mnt/mydata/wja/reasoning-diff/runs/pr9-validation-natural-20261010/responses/trace-noise_c5842b526dc81be8056e3a3a.json,fulltexts/V52.txt,True,True,,,,60638864ffeb7075cdadb647128e3a92b98bacebd401830cb47ba4be5e626b64,60638864ffeb7075cdadb647128e3a92b98bacebd401830cb47ba4be5e626b64,True,True,,True,True,True,,True,,"[""pr9-validation-natural-20261010"", ""igsm-pr9-20261008-0043-op21::noop:front:low"", 3, ""noise""]",/mnt/mydata/wja/reasoning-diff/runs/pr9-validation-natural-20261010/responses/trace-noise_c5842b526dc81be8056e3a3a.json,2276333e43a871efdbbdc5fba45afca5ee8523150b2c48b5e1ab8cb0a54c2dad,2276333e43a871efdbbdc5fba45afca5ee8523150b2c48b5e1ab8cb0a54c2dad,11253,3271
V53,pr9-validation-natural-20261010,trace-noise:d28220008105b1a37d89cc34,trace-noise_d28220008105b1a37d89cc34,igsm-pr9-20261008-0013-op10::noop:front:low,igsm-pr9-20261008-0013-op10,3,noise,neutral_noop,original_pr9_response,/mnt/mydata/wja/reasoning-diff/runs/pr9-validation-natural-20261010/responses/trace-noise_d28220008105b1a37d89cc34.json,fulltexts/V53.txt,True,True,,,,fc417a80bb9b9d1ae81d3abb3145592577e225b0c4882495fd67de55a196c831,fc417a80bb9b9d1ae81d3abb3145592577e225b0c4882495fd67de55a196c831,True,True,,True,True,True,,True,,"[""pr9-validation-natural-20261010"", ""igsm-pr9-20261008-0013-op10::noop:front:low"", 3, ""noise""]",/mnt/mydata/wja/reasoning-diff/runs/pr9-validation-natural-20261010/responses/trace-noise_d28220008105b1a37d89cc34.json,5885363da817a13f2acff98ba55d14cecdb98ad9d3a2b7e2708bdeb3c97e434c,5885363da817a13f2acff98ba55d14cecdb98ad9d3a2b7e2708bdeb3c97e434c,7357,2187
V54,pr9-validation-natural-20261010,trace-noise:d4299ffd8e0463bc96b7a2c4,trace-noise_d4299ffd8e0463bc96b7a2c4,igsm-pr9-20261008-0060-op5::noop:front:low,igsm-pr9-20261008-0060-op5,3,noise,neutral_noop,original_pr9_response,/mnt/mydata/wja/reasoning-diff/runs/pr9-validation-natural-20261010/responses/trace-noise_d4299ffd8e0463bc96b7a2c4.json,fulltexts/V54.txt,True,True,,,,4c32677fc3a9b14e75c445c0eb32413ce40901d6a8b2700b53b37cd98eafc3b8,4c32677fc3a9b14e75c445c0eb32413ce40901d6a8b2700b53b37cd98eafc3b8,True,True,,True,True,True,,True,,"[""pr9-validation-natural-20261010"", ""igsm-pr9-20261008-0060-op5::noop:front:low"", 3, ""noise""]",/mnt/mydata/wja/reasoning-diff/runs/pr9-validation-natural-20261010/responses/trace-noise_d4299ffd8e0463bc96b7a2c4.json,8ba3b69f911d9ccc01f2dabc245a9d32b590602ccbf5d76af44d5d9331a68e28,8ba3b69f911d9ccc01f2dabc245a9d32b590602ccbf5d76af44d5d9331a68e28,12896,3297
V55,pr9-validation-natural-20261010,trace-noise:e7464e08c539d39d9deec759,trace-noise_e7464e08c539d39d9deec759,igsm-pr9-20261008-0014-op15::noop:front:low,igsm-pr9-20261008-0014-op15,3,noise,neutral_noop,original_pr9_response,/mnt/mydata/wja/reasoning-diff/runs/pr9-validation-natural-20261010/responses/trace-noise_e7464e08c539d39d9deec759.json,fulltexts/V55.txt,True,True,,,,fee9cf251032ef5e712209c9bdb2d6b7349cf9010bda5fe434736a60a9ea986b,fee9cf251032ef5e712209c9bdb2d6b7349cf9010bda5fe434736a60a9ea986b,True,True,,True,True,True,,True,,"[""pr9-validation-natural-20261010"", ""igsm-pr9-20261008-0014-op15::noop:front:low"", 3, ""noise""]",/mnt/mydata/wja/reasoning-diff/runs/pr9-validation-natural-20261010/responses/trace-noise_e7464e08c539d39d9deec759.json,011e1e5976409b2fc41c0f704b205e2942195f75e1d61b2c5a2b9b51ab86bc36,011e1e5976409b2fc41c0f704b205e2942195f75e1d61b2c5a2b9b51ab86bc36,13289,4723
V56,pr9-validation-natural-20261010,trace-noise:ebb8ddfe59ecac55b2eb3ef4,trace-noise_ebb8ddfe59ecac55b2eb3ef4,igsm-pr9-20261008-0018-op15::noop:front:high,igsm-pr9-20261008-0018-op15,3,noise,related_noop,original_pr9_response,/mnt/mydata/wja/reasoning-diff/runs/pr9-validation-natural-20261010/responses/trace-noise_ebb8ddfe59ecac55b2eb3ef4.json,fulltexts/V56.txt,True,True,,,,6733049205a12f75df0f29acba52267a62359ecb9eabacafe9290294336a5253,6733049205a12f75df0f29acba52267a62359ecb9eabacafe9290294336a5253,True,True,,True,True,True,,True,,"[""pr9-validation-natural-20261010"", ""igsm-pr9-20261008-0018-op15::noop:front:high"", 3, ""noise""]",/mnt/mydata/wja/reasoning-diff/runs/pr9-validation-natural-20261010/responses/trace-noise_ebb8ddfe59ecac55b2eb3ef4.json,eb3213a0764eacdb0e43c25608e6f5b764608462d2f07f4e4e5b65ebd3b15cc1,eb3213a0764eacdb0e43c25608e6f5b764608462d2f07f4e4e5b65ebd3b15cc1,16894,4733
V57,pr9-validation-natural-20261010,trace-noise:f087787cdf32ee672aa13b88,trace-noise_f087787cdf32ee672aa13b88,igsm-pr9-20261008-0048-op5,igsm-pr9-20261008-0048-op5,3,noise,base,original_pr9_response,/mnt/mydata/wja/reasoning-diff/runs/pr9-validation-natural-20261010/responses/trace-noise_f087787cdf32ee672aa13b88.json,fulltexts/V57.txt,True,True,,,,494f365824a4a17c226573cd3e168438348b51cb4aba370472b39414966187e7,494f365824a4a17c226573cd3e168438348b51cb4aba370472b39414966187e7,True,True,,True,True,True,,True,,"[""pr9-validation-natural-20261010"", ""igsm-pr9-20261008-0048-op5"", 3, ""noise""]",/mnt/mydata/wja/reasoning-diff/runs/pr9-validation-natural-20261010/responses/trace-noise_f087787cdf32ee672aa13b88.json,e9994de183a44295417e10d1ada45639c4edfd2957da39afc66110a8a2f43194,e9994de183a44295417e10d1ada45639c4edfd2957da39afc66110a8a2f43194,9960,2898
V58,pr9-validation-natural-20261010,trace-noise:f1ea28d0a457cce23a91c640,trace-noise_f1ea28d0a457cce23a91c640,igsm-pr9-20261008-0014-op15::noop:front:high,igsm-pr9-20261008-0014-op15,3,noise,related_noop,original_pr9_response,/mnt/mydata/wja/reasoning-diff/runs/pr9-validation-natural-20261010/responses/trace-noise_f1ea28d0a457cce23a91c640.json,fulltexts/V58.txt,True,True,,,,5875e2fe3fd8522b82c07eed17428680045da52508ddf9ce26ea32902de6c0d9,5875e2fe3fd8522b82c07eed17428680045da52508ddf9ce26ea32902de6c0d9,True,True,,True,True,True,,True,,"[""pr9-validation-natural-20261010"", ""igsm-pr9-20261008-0014-op15::noop:front:high"", 3, ""noise""]",/mnt/mydata/wja/reasoning-diff/runs/pr9-validation-natural-20261010/responses/trace-noise_f1ea28d0a457cce23a91c640.json,ab742ef107c759c3d82baa1dca4e14eed493cb4c144f84d61b6ea5bea0df7933,ab742ef107c759c3d82baa1dca4e14eed493cb4c144f84d61b6ea5bea0df7933,34403,11142
V59,pr9-validation-natural-20261010,trace-noise:f58399aa088826a9651ac781,trace-noise_f58399aa088826a9651ac781,igsm-pr9-20261008-0055-op21::noop:front:high,igsm-pr9-20261008-0055-op21,3,noise,related_noop,original_pr9_response,/mnt/mydata/wja/reasoning-diff/runs/pr9-validation-natural-20261010/responses/trace-noise_f58399aa088826a9651ac781.json,fulltexts/V59.txt,True,True,,,,23f25771a15447c66c4f85d66f409a3967882f528876a32597b5cdfa527e5f40,23f25771a15447c66c4f85d66f409a3967882f528876a32597b5cdfa527e5f40,True,True,,True,True,True,,True,,"[""pr9-validation-natural-20261010"", ""igsm-pr9-20261008-0055-op21::noop:front:high"", 3, ""noise""]",/mnt/mydata/wja/reasoning-diff/runs/pr9-validation-natural-20261010/responses/trace-noise_f58399aa088826a9651ac781.json,f798c09176c6d2a715df357681d0d72cb3a64137b0942e7e3b08cd7cecb837f9,f798c09176c6d2a715df357681d0d72cb3a64137b0942e7e3b08cd7cecb837f9,22137,6787
V60,pr9-validation-natural-20261010,trace-noise:fc102148b4618b1208313df0,trace-noise_fc102148b4618b1208313df0,igsm-pr9-20261008-0035-op21::noop:front:low,igsm-pr9-20261008-0035-op21,3,noise,neutral_noop,original_pr9_response,/mnt/mydata/wja/reasoning-diff/runs/pr9-validation-natural-20261010/responses/trace-noise_fc102148b4618b1208313df0.json,fulltexts/V60.txt,True,True,,,,8bf3fe9b48ceeed4b58850a0487e20b2851bb0daf5a8dba174665563108854ef,8bf3fe9b48ceeed4b58850a0487e20b2851bb0daf5a8dba174665563108854ef,True,True,,True,True,True,,True,,"[""pr9-validation-natural-20261010"", ""igsm-pr9-20261008-0035-op21::noop:front:low"", 3, ""noise""]",/mnt/mydata/wja/reasoning-diff/runs/pr9-validation-natural-20261010/responses/trace-noise_fc102148b4618b1208313df0.json,7e38b61164fd9c7ff4e68cdc5ee424307f4cacb93d39cf9292a4260c1c6d9bf5,7e38b61164fd9c7ff4e68cdc5ee424307f4cacb93d39cf9292a4260c1c6d9bf5,12517,3417
V61,pr9-validation-natural-20261010,trace-reference:0d18c10907744a483e7f256b,trace-reference_0d18c10907744a483e7f256b,igsm-pr9-20261008-0013-op10,igsm-pr9-20261008-0013-op10,0,reference,base,original_pr9_response,/mnt/mydata/wja/reasoning-diff/runs/pr9-validation-natural-20261010/responses/trace-reference_0d18c10907744a483e7f256b.json,fulltexts/V61.txt,True,True,,,,5e68f680360789c65503cd235e39a3c3f6217859dc4c226b16f3f979fb6ca719,5e68f680360789c65503cd235e39a3c3f6217859dc4c226b16f3f979fb6ca719,True,True,,True,True,True,,True,,"[""pr9-validation-natural-20261010"", ""igsm-pr9-20261008-0013-op10"", 0, ""reference""]",/mnt/mydata/wja/reasoning-diff/runs/pr9-validation-natural-20261010/responses/trace-reference_0d18c10907744a483e7f256b.json,58bc921be164a1c84cb4a3f620adacedddbf08b0e683e1cee64bf8a686dcb068,58bc921be164a1c84cb4a3f620adacedddbf08b0e683e1cee64bf8a686dcb068,9802,3043
V62,pr9-validation-natural-20261010,trace-reference:2cbaf8024bf13f4f99765e3e,trace-reference_2cbaf8024bf13f4f99765e3e,igsm-pr9-20261008-0017-op10::noop:front:high,igsm-pr9-20261008-0017-op10,0,reference,related_noop,original_pr9_response,/mnt/mydata/wja/reasoning-diff/runs/pr9-validation-natural-20261010/responses/trace-reference_2cbaf8024bf13f4f99765e3e.json,fulltexts/V62.txt,True,True,,,,79a6e040323ace8c2b74c07b5f1c7d29500bb7fdd4476590386ab1b0a36d0f5a,79a6e040323ace8c2b74c07b5f1c7d29500bb7fdd4476590386ab1b0a36d0f5a,True,True,,True,True,True,,True,,"[""pr9-validation-natural-20261010"", ""igsm-pr9-20261008-0017-op10::noop:front:high"", 0, ""reference""]",/mnt/mydata/wja/reasoning-diff/runs/pr9-validation-natural-20261010/responses/trace-reference_2cbaf8024bf13f4f99765e3e.json,9e7f1f140b986f10d1fd0fc68b7a9af2a18c3168e10c6002777d2785004675ed,9e7f1f140b986f10d1fd0fc68b7a9af2a18c3168e10c6002777d2785004675ed,13259,3719
V63,pr9-validation-natural-20261010,trace-reference:4843f10095f110225bffb1a8,trace-reference_4843f10095f110225bffb1a8,igsm-pr9-20261008-0014-op15::noop:front:low,igsm-pr9-20261008-0014-op15,0,reference,neutral_noop,original_pr9_response,/mnt/mydata/wja/reasoning-diff/runs/pr9-validation-natural-20261010/responses/trace-reference_4843f10095f110225bffb1a8.json,fulltexts/V63.txt,True,True,,,,2823129df600f03217d521486513b28f478facf74a90d84b32f872c2c95ded69,2823129df600f03217d521486513b28f478facf74a90d84b32f872c2c95ded69,True,True,,True,True,True,,True,,"[""pr9-validation-natural-20261010"", ""igsm-pr9-20261008-0014-op15::noop:front:low"", 0, ""reference""]",/mnt/mydata/wja/reasoning-diff/runs/pr9-validation-natural-20261010/responses/trace-reference_4843f10095f110225bffb1a8.json,686e242addfaebac4bb12fdd78264a7adf3e195ee9c757dd29b7878573943b6c,686e242addfaebac4bb12fdd78264a7adf3e195ee9c757dd29b7878573943b6c,14275,4869
V64,pr9-validation-natural-20261010,trace-reference:4fc0ba295ac68a6fe171bbaf,trace-reference_4fc0ba295ac68a6fe171bbaf,igsm-pr9-20261008-0013-op10::noop:front:low,igsm-pr9-20261008-0013-op10,0,reference,neutral_noop,original_pr9_response,/mnt/mydata/wja/reasoning-diff/runs/pr9-validation-natural-20261010/responses/trace-reference_4fc0ba295ac68a6fe171bbaf.json,fulltexts/V64.txt,True,True,,,,89a289ad9b00068e456f0901958d76db966b6fea089069eaca16208d50ab3e4e,89a289ad9b00068e456f0901958d76db966b6fea089069eaca16208d50ab3e4e,True,True,,True,True,True,,True,,"[""pr9-validation-natural-20261010"", ""igsm-pr9-20261008-0013-op10::noop:front:low"", 0, ""reference""]",/mnt/mydata/wja/reasoning-diff/runs/pr9-validation-natural-20261010/responses/trace-reference_4fc0ba295ac68a6fe171bbaf.json,8c4b62429a8e13779e91ba8c90d88d0d9669f167409ab01730ca4c315c2fdf3d,8c4b62429a8e13779e91ba8c90d88d0d9669f167409ab01730ca4c315c2fdf3d,7892,2376
V65,pr9-validation-natural-20261010,trace-reference:96985dd1742e36db1cfab461,trace-reference_96985dd1742e36db1cfab461,igsm-pr9-20261008-0032-op5,igsm-pr9-20261008-0032-op5,0,reference,base,original_pr9_response,/mnt/mydata/wja/reasoning-diff/runs/pr9-validation-natural-20261010/responses/trace-reference_96985dd1742e36db1cfab461.json,fulltexts/V65.txt,True,True,,,,6315367ce6b9aa687f6cb84da0c3b151dd80c9333b6075c785e3a1ed165b2b80,6315367ce6b9aa687f6cb84da0c3b151dd80c9333b6075c785e3a1ed165b2b80,True,True,,True,True,True,,True,,"[""pr9-validation-natural-20261010"", ""igsm-pr9-20261008-0032-op5"", 0, ""reference""]",/mnt/mydata/wja/reasoning-diff/runs/pr9-validation-natural-20261010/responses/trace-reference_96985dd1742e36db1cfab461.json,da9beaaa41ca46e7e4aac544bddd1be1e4be8cb8f8fd21a1ab6e07e18d9a6aa6,da9beaaa41ca46e7e4aac544bddd1be1e4be8cb8f8fd21a1ab6e07e18d9a6aa6,6279,1690
V66,pr9-validation-natural-20261010,trace-reference:9dcee584643fba33cfb800fb,trace-reference_9dcee584643fba33cfb800fb,igsm-pr9-20261008-0018-op15,igsm-pr9-20261008-0018-op15,0,reference,base,original_pr9_response,/mnt/mydata/wja/reasoning-diff/runs/pr9-validation-natural-20261010/responses/trace-reference_9dcee584643fba33cfb800fb.json,fulltexts/V66.txt,True,True,,,,b7ba49fe7755b3b2a9692bf173df7f1de6e8cf72fdd8990166df73fc826962b6,b7ba49fe7755b3b2a9692bf173df7f1de6e8cf72fdd8990166df73fc826962b6,True,True,,True,True,True,,True,,"[""pr9-validation-natural-20261010"", ""igsm-pr9-20261008-0018-op15"", 0, ""reference""]",/mnt/mydata/wja/reasoning-diff/runs/pr9-validation-natural-20261010/responses/trace-reference_9dcee584643fba33cfb800fb.json,a93cc2794ac80714265a9cf8aa5ff5b8917853c5a0816b027dcd41628cf3c832,a93cc2794ac80714265a9cf8aa5ff5b8917853c5a0816b027dcd41628cf3c832,12727,4021
V67,pr9-validation-natural-20261010,trace-reference:a881bee7c60c73b06149d80a,trace-reference_a881bee7c60c73b06149d80a,igsm-pr9-20261008-0050-op15::noop:front:low,igsm-pr9-20261008-0050-op15,0,reference,neutral_noop,original_pr9_response,/mnt/mydata/wja/reasoning-diff/runs/pr9-validation-natural-20261010/responses/trace-reference_a881bee7c60c73b06149d80a.json,fulltexts/V67.txt,True,True,,,,018b679ce07271f297527aa6913d8c719208ac0047d839e3c4ad0ee7eac585d7,018b679ce07271f297527aa6913d8c719208ac0047d839e3c4ad0ee7eac585d7,True,True,,True,True,True,,True,,"[""pr9-validation-natural-20261010"", ""igsm-pr9-20261008-0050-op15::noop:front:low"", 0, ""reference""]",/mnt/mydata/wja/reasoning-diff/runs/pr9-validation-natural-20261010/responses/trace-reference_a881bee7c60c73b06149d80a.json,63f21f343c21eed8ea2dc9f194a3fdd504abf770931d3964e57afff589949866,63f21f343c21eed8ea2dc9f194a3fdd504abf770931d3964e57afff589949866,9974,2961
V68,pr9-validation-natural-20261010,trace-reference:b3057ac8336d532203c2f651,trace-reference_b3057ac8336d532203c2f651,igsm-pr9-20261008-0043-op21,igsm-pr9-20261008-0043-op21,0,reference,base,original_pr9_response,/mnt/mydata/wja/reasoning-diff/runs/pr9-validation-natural-20261010/responses/trace-reference_b3057ac8336d532203c2f651.json,fulltexts/V68.txt,True,True,,,,40eac8639ecb6f9f4f06bb9eccf1a01c85c0c6288ad7dfbab54173acac32328f,40eac8639ecb6f9f4f06bb9eccf1a01c85c0c6288ad7dfbab54173acac32328f,True,True,,True,True,True,,True,,"[""pr9-validation-natural-20261010"", ""igsm-pr9-20261008-0043-op21"", 0, ""reference""]",/mnt/mydata/wja/reasoning-diff/runs/pr9-validation-natural-20261010/responses/trace-reference_b3057ac8336d532203c2f651.json,d27440091b42a74b74c08a408b551b393a1a414a71012a7722ed46c0e5d5f496,d27440091b42a74b74c08a408b551b393a1a414a71012a7722ed46c0e5d5f496,14177,4458
V69,pr9-validation-natural-20261010,trace-reference:cb97c8eb2fe1785c8af8419a,trace-reference_cb97c8eb2fe1785c8af8419a,igsm-pr9-20261008-0018-op15::noop:front:high,igsm-pr9-20261008-0018-op15,0,reference,related_noop,original_pr9_response,/mnt/mydata/wja/reasoning-diff/runs/pr9-validation-natural-20261010/responses/trace-reference_cb97c8eb2fe1785c8af8419a.json,fulltexts/V69.txt,True,True,,,,e86a3979fadfdeab60b696384cdebcbfb7b9c77327dec78c82ef31c8cb0406a9,e86a3979fadfdeab60b696384cdebcbfb7b9c77327dec78c82ef31c8cb0406a9,True,True,,True,True,True,,True,,"[""pr9-validation-natural-20261010"", ""igsm-pr9-20261008-0018-op15::noop:front:high"", 0, ""reference""]",/mnt/mydata/wja/reasoning-diff/runs/pr9-validation-natural-20261010/responses/trace-reference_cb97c8eb2fe1785c8af8419a.json,28d5c4ccb3f91953369f978e05228e0900ec062a3f8499ecac8e97ac0e7aeb1a,28d5c4ccb3f91953369f978e05228e0900ec062a3f8499ecac8e97ac0e7aeb1a,13085,4106
V70,pr9-validation-natural-20261010,trace-reference:e3b58ffed41312a0670bd6c6,trace-reference_e3b58ffed41312a0670bd6c6,igsm-pr9-20261008-0014-op15::noop:front:high,igsm-pr9-20261008-0014-op15,0,reference,related_noop,original_pr9_response,/mnt/mydata/wja/reasoning-diff/runs/pr9-validation-natural-20261010/responses/trace-reference_e3b58ffed41312a0670bd6c6.json,fulltexts/V70.txt,True,True,,,,897a09afc450447a40f101e7daccc0d3d3b527442fdf17bcffcb663442a0804d,897a09afc450447a40f101e7daccc0d3d3b527442fdf17bcffcb663442a0804d,True,True,,True,True,True,,True,,"[""pr9-validation-natural-20261010"", ""igsm-pr9-20261008-0014-op15::noop:front:high"", 0, ""reference""]",/mnt/mydata/wja/reasoning-diff/runs/pr9-validation-natural-20261010/responses/trace-reference_e3b58ffed41312a0670bd6c6.json,5c49e2c2d801efce416c9cfcaa92977e53ad01ff319bb6ce8628515f8041b256,5c49e2c2d801efce416c9cfcaa92977e53ad01ff319bb6ce8628515f8041b256,16993,5269
V71,pr9-validation-natural-20261010,trace-reference:e59cdf16f509c116c4c36018,trace-reference_e59cdf16f509c116c4c36018,igsm-pr9-20261008-0032-op5::noop:front:high,igsm-pr9-20261008-0032-op5,0,reference,related_noop,original_pr9_response,/mnt/mydata/wja/reasoning-diff/runs/pr9-validation-natural-20261010/responses/trace-reference_e59cdf16f509c116c4c36018.json,fulltexts/V71.txt,True,True,,,,889936b933adebc31f94519c63f024a699f7220a30820a07195b0993c84c2c1b,889936b933adebc31f94519c63f024a699f7220a30820a07195b0993c84c2c1b,True,True,,True,True,True,,True,,"[""pr9-validation-natural-20261010"", ""igsm-pr9-20261008-0032-op5::noop:front:high"", 0, ""reference""]",/mnt/mydata/wja/reasoning-diff/runs/pr9-validation-natural-20261010/responses/trace-reference_e59cdf16f509c116c4c36018.json,747b7fc6980829b3b6617dd95bcc092792f22a96b711fb4457b883a1b223b5f8,747b7fc6980829b3b6617dd95bcc092792f22a96b711fb4457b883a1b223b5f8,5424,1522
V72,pr9-validation-natural-20261010,trace-reference:fb9723830245ca74fdbb8e25,trace-reference_fb9723830245ca74fdbb8e25,igsm-pr9-20261008-0043-op21::noop:front:low,igsm-pr9-20261008-0043-op21,0,reference,neutral_noop,original_pr9_response,/mnt/mydata/wja/reasoning-diff/runs/pr9-validation-natural-20261010/responses/trace-reference_fb9723830245ca74fdbb8e25.json,fulltexts/V72.txt,True,True,,,,e3704a3c64f0a4afe7ca2be3109774cf09dee020924efb4dbd154a70baada89c,e3704a3c64f0a4afe7ca2be3109774cf09dee020924efb4dbd154a70baada89c,True,True,,True,True,True,,True,,"[""pr9-validation-natural-20261010"", ""igsm-pr9-20261008-0043-op21::noop:front:low"", 0, ""reference""]",/mnt/mydata/wja/reasoning-diff/runs/pr9-validation-natural-20261010/responses/trace-reference_fb9723830245ca74fdbb8e25.json,a1cdd7c84faf58a6cb53b819603183386a3dee38e3099f31accb592166178602,a1cdd7c84faf58a6cb53b819603183386a3dee38e3099f31accb592166178602,13751,4435
