Traceback (most recent call last):
  File "/home/wja/reasoning-diff-pr7/scripts/download_frozen_model.py", line 66, in <module>
    main()
  File "/home/wja/reasoning-diff-pr7/scripts/download_frozen_model.py", line 25, in main
    with urlopen(f"{endpoint}/api/models/{info['id']}/revision/{info['revision']}?blobs=true", timeout=60) as response:
         ^^^^^^^^^^^^^^^^^^^^^^^^^^^^^^^^^^^^^^^^^^^^^^^^^^^^^^^^^^^^^^^^^^^^^^^^^^^^^^^^^^^^^^^^^^^^^^^^^
  File "/home/zm/.local/share/uv/python/cpython-3.11.15-linux-x86_64-gnu/lib/python3.11/urllib/request.py", line 216, in urlopen
    return opener.open(url, data, timeout)
           ^^^^^^^^^^^^^^^^^^^^^^^^^^^^^^^
  File "/home/zm/.local/share/uv/python/cpython-3.11.15-linux-x86_64-gnu/lib/python3.11/urllib/request.py", line 525, in open
    response = meth(req, response)
               ^^^^^^^^^^^^^^^^^^^
  File "/home/zm/.local/share/uv/python/cpython-3.11.15-linux-x86_64-gnu/lib/python3.11/urllib/request.py", line 634, in http_response
    response = self.parent.error(
               ^^^^^^^^^^^^^^^^^^
  File "/home/zm/.local/share/uv/python/cpython-3.11.15-linux-x86_64-gnu/lib/python3.11/urllib/request.py", line 563, in error
    return self._call_chain(*args)
           ^^^^^^^^^^^^^^^^^^^^^^^
  File "/home/zm/.local/share/uv/python/cpython-3.11.15-linux-x86_64-gnu/lib/python3.11/urllib/request.py", line 496, in _call_chain
    result = func(*args)
             ^^^^^^^^^^^
  File "/home/zm/.local/share/uv/python/cpython-3.11.15-linux-x86_64-gnu/lib/python3.11/urllib/request.py", line 643, in http_error_default
    raise HTTPError(req.full_url, code, msg, hdrs, fp)
urllib.error.HTTPError: HTTP Error 403: Forbidden
[#257c4a 0B/0B CN:1 DL:0B]
verified generation_config.json (239 bytes)
[#f26471 0B/0B CN:1 DL:0B]
verified config.json (728 bytes)
[#947dcb 0B/0B CN:1 DL:0B]
[#947dcb 163KiB/0B CN:1 DL:168KiB]
[#947dcb 435KiB/0B CN:1 DL:215KiB]
[#947dcb 659KiB/0B CN:1 DL:214KiB]
[#947dcb 851KiB/0B CN:1 DL:209KiB]
[#947dcb 0.9MiB/0B CN:1 DL:184KiB]
[#947dcb 1.1MiB/0B CN:1 DL:182KiB]
[#947dcb 1.2MiB/0B CN:1 DL:170KiB]
[#947dcb 1.3MiB/0B CN:1 DL:169KiB]
[#947dcb 1.5MiB/0B CN:1 DL:168KiB]
verified merges.txt (1671853 bytes)
[#8a3441 0B/0B CN:1 DL:0B]
[#8a3441 592KiB/3.7GiB(0%) CN:8 DL:911KiB ETA:1h11m18s]
[#8a3441 5.5MiB/3.7GiB(0%) CN:8 DL:3.4MiB ETA:18m38s]
[#8a3441 10MiB/3.7GiB(0%) CN:8 DL:4.0MiB ETA:15m33s]
[#8a3441 14MiB/3.7GiB(0%) CN:8 DL:3.9MiB ETA:15m56s]
[#8a3441 17MiB/3.7GiB(0%) CN:8 DL:3.8MiB ETA:16m23s]
[#8a3441 21MiB/3.7GiB(0%) CN:8 DL:3.7MiB ETA:16m40s]
[#8a3441 25MiB/3.7GiB(0%) CN:8 DL:3.7MiB ETA:16m48s]
[#8a3441 29MiB/3.7GiB(0%) CN:8 DL:3.8MiB ETA:16m33s]
[#8a3441 33MiB/3.7GiB(0%) CN:8 DL:3.7MiB ETA:16m35s]
[#8a3441 36MiB/3.7GiB(0%) CN:8 DL:3.7MiB ETA:16m40s]
[#8a3441 40MiB/3.7GiB(1%) CN:8 DL:3.9MiB ETA:15m53s]
[#8a3441 43MiB/3.7GiB(1%) CN:8 DL:3.6MiB ETA:17m6s]
[#8a3441 47MiB/3.7GiB(1%) CN:8 DL:3.6MiB ETA:17m23s]
[#8a3441 49MiB/3.7GiB(1%) CN:8 DL:3.5MiB ETA:17m50s]
[#8a3441 52MiB/3.7GiB(1%) CN:8 DL:3.4MiB ETA:18m13s]
[#8a3441 55MiB/3.7GiB(1%) CN:8 DL:3.3MiB ETA:18m34s]
[#8a3441 58MiB/3.7GiB(1%) CN:8 DL:3.2MiB ETA:19m25s]
[#8a3441 61MiB/3.7GiB(1%) CN:8 DL:3.1MiB ETA:19m59s]
[#8a3441 64MiB/3.7GiB(1%) CN:8 DL:2.9MiB ETA:20m56s]
[#8a3441 67MiB/3.7GiB(1%) CN:8 DL:2.8MiB ETA:21m34s]
[#8a3441 70MiB/3.7GiB(1%) CN:8 DL:2.7MiB ETA:22m24s]
[#8a3441 73MiB/3.7GiB(1%) CN:8 DL:2.7MiB ETA:22m20s]
[#8a3441 75MiB/3.7GiB(1%) CN:8 DL:2.7MiB ETA:22m54s]
[#8a3441 78MiB/3.7GiB(2%) CN:8 DL:2.7MiB ETA:22m53s]
[#8a3441 81MiB/3.7GiB(2%) CN:8 DL:2.7MiB ETA:22m35s]
[#8a3441 84MiB/3.7GiB(2%) CN:8 DL:2.7MiB ETA:22m35s]
[#8a3441 87MiB/3.7GiB(2%) CN:8 DL:2.7MiB ETA:22m38s]
[#8a3441 89MiB/3.7GiB(2%) CN:8 DL:2.7MiB ETA:22m36s]
 *** Download Progress Summary as of Sun Oct  4 11:12:59 2026 *** 
===============================================================================
[#8a3441 92MiB/3.7GiB(2%) CN:8 DL:2.7MiB ETA:22m31s]
FILE: /mnt/mydata/wja/reasoning-diff/assets/models/Qwen3-8B/model-00001-of-00005.safetensors
-------------------------------------------------------------------------------

[#9f16c5 0B/0B CN:1 DL:0B]
[#9f16c5 752KiB/3.7GiB(0%) CN:8 DL:871KiB ETA:1h14m34s]
[#9f16c5 3.3MiB/3.7GiB(0%) CN:8 DL:1.8MiB ETA:34m25s]
[#9f16c5 5.5MiB/3.7GiB(0%) CN:8 DL:1.9MiB ETA:32m31s]
[#9f16c5 7.7MiB/3.7GiB(0%) CN:8 DL:2.0MiB ETA:31m38s]
[#9f16c5 10MiB/3.7GiB(0%) CN:8 DL:2.1MiB ETA:29m50s]
[#9f16c5 12MiB/3.7GiB(0%) CN:8 DL:2.1MiB ETA:29m26s]
[#9f16c5 14MiB/3.7GiB(0%) CN:8 DL:2.1MiB ETA:29m46s]
[#9f16c5 16MiB/3.7GiB(0%) CN:8 DL:2.1MiB ETA:29m28s]
[#9f16c5 19MiB/3.7GiB(0%) CN:8 DL:2.1MiB ETA:29m17s]
[#9f16c5 21MiB/3.7GiB(0%) CN:8 DL:2.2MiB ETA:28m38s]
[#9f16c5 23MiB/3.7GiB(0%) CN:8 DL:2.2MiB ETA:27m29s]
[#9f16c5 25MiB/3.7GiB(0%) CN:8 DL:2.2MiB ETA:28m27s]
[#9f16c5 27MiB/3.7GiB(0%) CN:8 DL:2.1MiB ETA:29m21s]
[#9f16c5 29MiB/3.7GiB(0%) CN:8 DL:2.1MiB ETA:29m34s]
[#9f16c5 31MiB/3.7GiB(0%) CN:8 DL:2.0MiB ETA:30m9s]
[#9f16c5 33MiB/3.7GiB(0%) CN:8 DL:2.0MiB ETA:30m45s]
[#9f16c5 35MiB/3.7GiB(0%) CN:8 DL:1.9MiB ETA:31m28s]
[#9f16c5 37MiB/3.7GiB(0%) CN:8 DL:1.9MiB ETA:32m6s]
[#9f16c5 39MiB/3.7GiB(1%) CN:8 DL:1.8MiB ETA:33m30s]
[#9f16c5 42MiB/3.7GiB(1%) CN:8 DL:1.8MiB ETA:33m19s]
[#9f16c5 44MiB/3.7GiB(1%) CN:8 DL:1.9MiB ETA:32m17s]
[#9f16c5 46MiB/3.7GiB(1%) CN:8 DL:1.9MiB ETA:32m40s]
[#9f16c5 47MiB/3.7GiB(1%) CN:8 DL:1.9MiB ETA:32m34s]
[#9f16c5 49MiB/3.7GiB(1%) CN:8 DL:1.9MiB ETA:32m40s]
[#9f16c5 51MiB/3.7GiB(1%) CN:8 DL:1.9MiB ETA:32m31s]
[#9f16c5 53MiB/3.7GiB(1%) CN:8 DL:1.9MiB ETA:32m27s]
[#9f16c5 55MiB/3.7GiB(1%) CN:8 DL:1.8MiB ETA:32m55s]
[#9f16c5 57MiB/3.7GiB(1%) CN:8 DL:1.8MiB ETA:32m59s]
 *** Download Progress Summary as of Sun Oct  4 11:13:01 2026 *** 
===============================================================================
[#9f16c5 59MiB/3.7GiB(1%) CN:8 DL:1.8MiB ETA:33m11s]
FILE: /mnt/mydata/wja/reasoning-diff/assets/models/Qwen3-8B/model-00002-of-00005.safetensors
-------------------------------------------------------------------------------

[#c81886 112KiB/3.6GiB(0%) CN:8 DL:887KiB ETA:1h12m37s]
[#c81886 1.6MiB/3.6GiB(0%) CN:8 DL:1.5MiB ETA:40m50s]
[#c81886 5.2MiB/3.6GiB(0%) CN:8 DL:2.4MiB ETA:25m20s]
[#c81886 8.7MiB/3.6GiB(0%) CN:8 DL:2.7MiB ETA:22m25s]
[#c81886 12MiB/3.6GiB(0%) CN:8 DL:2.9MiB ETA:21m24s]
[#c81886 16MiB/3.6GiB(0%) CN:8 DL:3.1MiB ETA:19m58s]
[#c81886 19MiB/3.6GiB(0%) CN:8 DL:3.1MiB ETA:19m36s]
[#c81886 23MiB/3.6GiB(0%) CN:8 DL:3.2MiB ETA:19m16s]
[#c81886 26MiB/3.6GiB(0%) CN:8 DL:3.2MiB ETA:19m15s]
[#c81886 30MiB/3.6GiB(0%) CN:8 DL:3.3MiB ETA:18m38s]
[#c81886 34MiB/3.6GiB(0%) CN:8 DL:3.5MiB ETA:17m20s]
[#c81886 37MiB/3.6GiB(0%) CN:8 DL:3.5MiB ETA:17m26s]
[#c81886 40MiB/3.6GiB(1%) CN:8 DL:3.5MiB ETA:17m30s]
[#c81886 43MiB/3.6GiB(1%) CN:8 DL:3.4MiB ETA:18m4s]
[#c81886 46MiB/3.6GiB(1%) CN:8 DL:3.3MiB ETA:18m28s]
[#c81886 49MiB/3.6GiB(1%) CN:8 DL:3.3MiB ETA:18m46s]
[#c81886 51MiB/3.6GiB(1%) CN:8 DL:3.1MiB ETA:19m25s]
[#c81886 54MiB/3.6GiB(1%) CN:8 DL:3.1MiB ETA:19m55s]
[#c81886 57MiB/3.6GiB(1%) CN:8 DL:2.9MiB ETA:20m57s]
[#c81886 60MiB/3.6GiB(1%) CN:8 DL:2.8MiB ETA:21m30s]
[#c81886 63MiB/3.6GiB(1%) CN:8 DL:2.8MiB ETA:22m3s]
[#c81886 67MiB/3.6GiB(1%) CN:8 DL:2.8MiB ETA:21m46s]
[#c81886 69MiB/3.6GiB(1%) CN:8 DL:2.8MiB ETA:21m48s]
[#c81886 72MiB/3.6GiB(1%) CN:8 DL:2.8MiB ETA:22m]
[#c81886 75MiB/3.6GiB(1%) CN:8 DL:2.8MiB ETA:21m59s]
[#c81886 77MiB/3.6GiB(2%) CN:8 DL:2.7MiB ETA:22m4s]
[#c81886 80MiB/3.6GiB(2%) CN:8 DL:2.7MiB ETA:22m6s]
[#c81886 83MiB/3.6GiB(2%) CN:8 DL:2.7MiB ETA:22m6s]
[#c81886 86MiB/3.6GiB(2%) CN:8 DL:2.7MiB ETA:22m9s]
 *** Download Progress Summary as of Sun Oct  4 11:13:01 2026 *** 
===============================================================================
[#c81886 89MiB/3.6GiB(2%) CN:8 DL:2.7MiB ETA:22m3s]
FILE: /mnt/mydata/wja/reasoning-diff/assets/models/Qwen3-8B/model-00003-of-00005.safetensors
-------------------------------------------------------------------------------

[#846b82 0B/0B CN:1 DL:0B]
[#846b82 496KiB/2.9GiB(0%) CN:8 DL:571KiB ETA:1h30m42s]
[#846b82 2.5MiB/2.9GiB(0%) CN:8 DL:1.4MiB ETA:35m48s]
[#846b82 5.4MiB/2.9GiB(0%) CN:8 DL:1.8MiB ETA:27m16s]
[#846b82 8.5MiB/2.9GiB(0%) CN:8 DL:2.1MiB ETA:23m20s]
[#846b82 11MiB/2.9GiB(0%) CN:8 DL:2.3MiB ETA:21m18s]
[#846b82 15MiB/2.9GiB(0%) CN:8 DL:2.4MiB ETA:20m13s]
[#846b82 18MiB/2.9GiB(0%) CN:8 DL:2.6MiB ETA:19m11s]
[#846b82 21MiB/2.9GiB(0%) CN:8 DL:2.6MiB ETA:18m38s]
[#846b82 25MiB/2.9GiB(0%) CN:8 DL:2.7MiB ETA:18m15s]
[#846b82 27MiB/2.9GiB(0%) CN:8 DL:3.0MiB ETA:16m41s]
[#846b82 31MiB/2.9GiB(1%) CN:8 DL:3.1MiB ETA:15m59s]
[#846b82 33MiB/2.9GiB(1%) CN:8 DL:3.0MiB ETA:16m14s]
[#846b82 37MiB/2.9GiB(1%) CN:8 DL:3.0MiB ETA:16m9s]
[#846b82 40MiB/2.9GiB(1%) CN:8 DL:3.1MiB ETA:15m55s]
[#846b82 43MiB/2.9GiB(1%) CN:8 DL:3.1MiB ETA:15m47s]
[#846b82 47MiB/2.9GiB(1%) CN:8 DL:3.1MiB ETA:15m50s]
[#846b82 50MiB/2.9GiB(1%) CN:8 DL:3.1MiB ETA:15m49s]
[#846b82 54MiB/2.9GiB(1%) CN:8 DL:3.1MiB ETA:15m45s]
[#846b82 57MiB/2.9GiB(1%) CN:8 DL:3.1MiB ETA:15m36s]
[#846b82 61MiB/2.9GiB(2%) CN:8 DL:3.2MiB ETA:15m28s]
[#846b82 64MiB/2.9GiB(2%) CN:8 DL:3.2MiB ETA:15m18s]
[#846b82 68MiB/2.9GiB(2%) CN:8 DL:3.2MiB ETA:15m7s]
[#846b82 71MiB/2.9GiB(2%) CN:8 DL:3.2MiB ETA:15m7s]
[#846b82 74MiB/2.9GiB(2%) CN:8 DL:3.2MiB ETA:15m9s]
[#846b82 77MiB/2.9GiB(2%) CN:8 DL:3.2MiB ETA:15m15s]
[#846b82 80MiB/2.9GiB(2%) CN:8 DL:3.2MiB ETA:15m23s]
[#846b82 83MiB/2.9GiB(2%) CN:8 DL:3.1MiB ETA:15m33s]
[#846b82 86MiB/2.9GiB(2%) CN:8 DL:3.1MiB ETA:15m37s]
 *** Download Progress Summary as of Sun Oct  4 11:13:11 2026 *** 
===============================================================================
[#846b82 90MiB/2.9GiB(2%) CN:8 DL:3.1MiB ETA:15m40s]
FILE: /mnt/mydata/wja/reasoning-diff/assets/models/Qwen3-8B/model-00004-of-00005.safetensors
-------------------------------------------------------------------------------

[#8a3441 92MiB/3.7GiB(2%) CN:8 DL:2.7MiB ETA:22m31s]
[#8a3441 95MiB/3.7GiB(2%) CN:8 DL:2.7MiB ETA:22m29s]
[#8a3441 98MiB/3.7GiB(2%) CN:8 DL:2.7MiB ETA:22m34s]
[#8a3441 101MiB/3.7GiB(2%) CN:8 DL:2.7MiB ETA:22m51s]
[#8a3441 104MiB/3.7GiB(2%) CN:8 DL:2.7MiB ETA:22m48s]
[#8a3441 107MiB/3.7GiB(2%) CN:8 DL:2.7MiB ETA:22m20s]
[#8a3441 110MiB/3.7GiB(2%) CN:8 DL:2.7MiB ETA:22m23s]
[#8a3441 112MiB/3.7GiB(2%) CN:8 DL:2.7MiB ETA:22m18s]
[#8a3441 115MiB/3.7GiB(3%) CN:8 DL:2.7MiB ETA:22m27s]
[#8a3441 118MiB/3.7GiB(3%) CN:8 DL:2.7MiB ETA:22m31s]
[#8a3441 121MiB/3.7GiB(3%) CN:8 DL:2.7MiB ETA:22m28s]
[#8a3441 124MiB/3.7GiB(3%) CN:8 DL:2.7MiB ETA:22m18s]
[#8a3441 127MiB/3.7GiB(3%) CN:8 DL:2.7MiB ETA:22m8s]
[#8a3441 130MiB/3.7GiB(3%) CN:8 DL:2.8MiB ETA:21m43s]
[#8a3441 133MiB/3.7GiB(3%) CN:8 DL:2.8MiB ETA:21m36s]
[#8a3441 136MiB/3.7GiB(3%) CN:8 DL:2.8MiB ETA:21m39s]
[#8a3441 138MiB/3.7GiB(3%) CN:8 DL:2.8MiB ETA:21m39s]
[#8a3441 141MiB/3.7GiB(3%) CN:8 DL:2.8MiB ETA:21m26s]
[#8a3441 145MiB/3.7GiB(3%) CN:8 DL:2.9MiB ETA:20m59s]
[#8a3441 148MiB/3.7GiB(3%) CN:8 DL:2.9MiB ETA:21m1s]
[#8a3441 150MiB/3.7GiB(3%) CN:8 DL:2.9MiB ETA:20m58s]
[#8a3441 153MiB/3.7GiB(4%) CN:8 DL:2.8MiB ETA:21m9s]
[#8a3441 156MiB/3.7GiB(4%) CN:8 DL:2.9MiB ETA:20m58s]
[#8a3441 159MiB/3.7GiB(4%) CN:8 DL:2.8MiB ETA:21m6s]
[#8a3441 162MiB/3.7GiB(4%) CN:8 DL:2.8MiB ETA:20m58s]
[#8a3441 165MiB/3.7GiB(4%) CN:8 DL:2.9MiB ETA:20m56s]
[#8a3441 168MiB/3.7GiB(4%) CN:8 DL:2.9MiB ETA:20m50s]
[#8a3441 171MiB/3.7GiB(4%) CN:8 DL:2.9MiB ETA:20m48s]
[#8a3441 174MiB/3.7GiB(4%) CN:8 DL:2.9MiB ETA:20m51s]
[#8a3441 177MiB/3.7GiB(4%) CN:8 DL:2.9MiB ETA:20m36s]
 *** Download Progress Summary as of Sun Oct  4 11:13:30 2026 *** 
===============================================================================
[#8a3441 180MiB/3.7GiB(4%) CN:8 DL:2.9MiB ETA:20m24s]
FILE: /mnt/mydata/wja/reasoning-diff/assets/models/Qwen3-8B/model-00001-of-00005.safetensors
-------------------------------------------------------------------------------

[#9f16c5 59MiB/3.7GiB(1%) CN:8 DL:1.8MiB ETA:33m11s]
[#9f16c5 60MiB/3.7GiB(1%) CN:8 DL:1.8MiB ETA:33m36s]
[#9f16c5 62MiB/3.7GiB(1%) CN:8 DL:1.8MiB ETA:33m54s]
[#9f16c5 64MiB/3.7GiB(1%) CN:8 DL:1.8MiB ETA:34m9s]
[#9f16c5 67MiB/3.7GiB(1%) CN:8 DL:1.8MiB ETA:32m55s]
[#9f16c5 69MiB/3.7GiB(1%) CN:8 DL:1.8MiB ETA:33m10s]
[#9f16c5 71MiB/3.7GiB(1%) CN:8 DL:1.8MiB ETA:32m52s]
[#9f16c5 73MiB/3.7GiB(1%) CN:8 DL:1.9MiB ETA:32m36s]
[#9f16c5 75MiB/3.7GiB(1%) CN:8 DL:1.9MiB ETA:32m22s]
[#9f16c5 76MiB/3.7GiB(2%) CN:8 DL:1.9MiB ETA:32m35s]
[#9f16c5 78MiB/3.7GiB(2%) CN:8 DL:1.8MiB ETA:33m2s]
[#9f16c5 80MiB/3.7GiB(2%) CN:8 DL:1.8MiB ETA:33m44s]
[#9f16c5 81MiB/3.7GiB(2%) CN:8 DL:1.8MiB ETA:34m7s]
[#9f16c5 83MiB/3.7GiB(2%) CN:8 DL:1.8MiB ETA:33m58s]
[#9f16c5 85MiB/3.7GiB(2%) CN:8 DL:1.8MiB ETA:34m23s]
[#9f16c5 87MiB/3.7GiB(2%) CN:8 DL:1.7MiB ETA:34m54s]
[#9f16c5 88MiB/3.7GiB(2%) CN:8 DL:1.7MiB ETA:35m47s]
[#9f16c5 90MiB/3.7GiB(2%) CN:8 DL:1.7MiB ETA:35m37s]
[#9f16c5 92MiB/3.7GiB(2%) CN:8 DL:1.7MiB ETA:35m42s]
[#9f16c5 94MiB/3.7GiB(2%) CN:8 DL:1.7MiB ETA:36m7s]
[#9f16c5 95MiB/3.7GiB(2%) CN:8 DL:1.7MiB ETA:36m11s]
[#9f16c5 97MiB/3.7GiB(2%) CN:8 DL:1.6MiB ETA:36m46s]
[#9f16c5 99MiB/3.7GiB(2%) CN:8 DL:1.6MiB ETA:36m36s]
[#9f16c5 100MiB/3.7GiB(2%) CN:8 DL:1.7MiB ETA:36m12s]
[#9f16c5 102MiB/3.7GiB(2%) CN:8 DL:1.6MiB ETA:37m2s]
[#9f16c5 103MiB/3.7GiB(2%) CN:8 DL:1.6MiB ETA:37m48s]
[#9f16c5 105MiB/3.7GiB(2%) CN:8 DL:1.6MiB ETA:37m35s]
[#9f16c5 107MiB/3.7GiB(2%) CN:8 DL:1.6MiB ETA:37m55s]
[#9f16c5 108MiB/3.7GiB(2%) CN:8 DL:1.6MiB ETA:37m55s]
[#9f16c5 110MiB/3.7GiB(2%) CN:8 DL:1.6MiB ETA:37m59s]
 *** Download Progress Summary as of Sun Oct  4 11:13:31 2026 *** 
===============================================================================
[#9f16c5 112MiB/3.7GiB(2%) CN:8 DL:1.6MiB ETA:37m48s]
FILE: /mnt/mydata/wja/reasoning-diff/assets/models/Qwen3-8B/model-00002-of-00005.safetensors
-------------------------------------------------------------------------------

[#c81886 89MiB/3.6GiB(2%) CN:8 DL:2.7MiB ETA:22m3s]
[#c81886 92MiB/3.6GiB(2%) CN:8 DL:2.7MiB ETA:22m21s]
[#c81886 95MiB/3.6GiB(2%) CN:8 DL:2.7MiB ETA:22m4s]
[#c81886 98MiB/3.6GiB(2%) CN:8 DL:2.8MiB ETA:21m39s]
[#c81886 101MiB/3.6GiB(2%) CN:8 DL:2.8MiB ETA:21m34s]
[#c81886 104MiB/3.6GiB(2%) CN:8 DL:2.8MiB ETA:21m30s]
[#c81886 107MiB/3.6GiB(2%) CN:8 DL:2.8MiB ETA:21m38s]
[#c81886 109MiB/3.6GiB(2%) CN:8 DL:2.8MiB ETA:21m26s]
[#c81886 113MiB/3.6GiB(2%) CN:8 DL:2.8MiB ETA:21m13s]
[#c81886 115MiB/3.6GiB(3%) CN:8 DL:2.8MiB ETA:21m10s]
[#c81886 118MiB/3.6GiB(3%) CN:8 DL:2.8MiB ETA:21m8s]
[#c81886 121MiB/3.6GiB(3%) CN:8 DL:2.8MiB ETA:21m12s]
[#c81886 124MiB/3.6GiB(3%) CN:8 DL:2.9MiB ETA:20m45s]
[#c81886 127MiB/3.6GiB(3%) CN:8 DL:2.9MiB ETA:20m48s]
[#c81886 130MiB/3.6GiB(3%) CN:8 DL:2.9MiB ETA:20m44s]
[#c81886 133MiB/3.6GiB(3%) CN:8 DL:2.9MiB ETA:20m46s]
[#c81886 136MiB/3.6GiB(3%) CN:8 DL:2.9MiB ETA:20m22s]
[#c81886 139MiB/3.6GiB(3%) CN:8 DL:2.9MiB ETA:20m31s]
[#c81886 142MiB/3.6GiB(3%) CN:8 DL:2.9MiB ETA:20m23s]
[#c81886 145MiB/3.6GiB(3%) CN:8 DL:2.9MiB ETA:20m14s]
[#c81886 148MiB/3.6GiB(3%) CN:8 DL:2.9MiB ETA:20m12s]
[#c81886 151MiB/3.6GiB(4%) CN:8 DL:2.9MiB ETA:20m13s]
[#c81886 154MiB/3.6GiB(4%) CN:8 DL:2.9MiB ETA:20m9s]
[#c81886 157MiB/3.6GiB(4%) CN:8 DL:2.9MiB ETA:20m14s]
[#c81886 160MiB/3.6GiB(4%) CN:8 DL:2.9MiB ETA:20m12s]
[#c81886 163MiB/3.6GiB(4%) CN:8 DL:2.9MiB ETA:20m43s]
[#c81886 166MiB/3.6GiB(4%) CN:8 DL:2.9MiB ETA:20m36s]
[#c81886 169MiB/3.6GiB(4%) CN:8 DL:2.9MiB ETA:20m34s]
[#c81886 172MiB/3.6GiB(4%) CN:8 DL:2.9MiB ETA:20m31s]
[#c81886 175MiB/3.6GiB(4%) CN:8 DL:2.9MiB ETA:20m28s]
 *** Download Progress Summary as of Sun Oct  4 11:13:31 2026 *** 
===============================================================================
[#c81886 177MiB/3.6GiB(4%) CN:8 DL:2.9MiB ETA:20m35s]
FILE: /mnt/mydata/wja/reasoning-diff/assets/models/Qwen3-8B/model-00003-of-00005.safetensors
-------------------------------------------------------------------------------

[#846b82 90MiB/2.9GiB(2%) CN:8 DL:3.1MiB ETA:15m40s]
[#846b82 93MiB/2.9GiB(3%) CN:8 DL:3.1MiB ETA:15m44s]
[#846b82 96MiB/2.9GiB(3%) CN:8 DL:3.0MiB ETA:16m2s]
[#846b82 98MiB/2.9GiB(3%) CN:8 DL:3.0MiB ETA:16m16s]
[#846b82 101MiB/2.9GiB(3%) CN:8 DL:2.9MiB ETA:16m29s]
[#846b82 104MiB/2.9GiB(3%) CN:8 DL:2.9MiB ETA:16m25s]
[#846b82 107MiB/2.9GiB(3%) CN:8 DL:2.9MiB ETA:16m33s]
[#846b82 110MiB/2.9GiB(3%) CN:8 DL:2.9MiB ETA:16m47s]
[#846b82 113MiB/2.9GiB(3%) CN:8 DL:2.8MiB ETA:16m50s]
[#846b82 115MiB/2.9GiB(3%) CN:8 DL:2.8MiB ETA:17m11s]
[#846b82 118MiB/2.9GiB(3%) CN:8 DL:2.8MiB ETA:17m18s]
[#846b82 120MiB/2.9GiB(3%) CN:8 DL:2.7MiB ETA:17m35s]
[#846b82 124MiB/2.9GiB(4%) CN:8 DL:2.7MiB ETA:17m24s]
[#846b82 127MiB/2.9GiB(4%) CN:8 DL:2.8MiB ETA:17m17s]
[#846b82 130MiB/2.9GiB(4%) CN:8 DL:2.8MiB ETA:17m15s]
[#846b82 133MiB/2.9GiB(4%) CN:8 DL:2.8MiB ETA:17m6s]
[#846b82 136MiB/2.9GiB(4%) CN:8 DL:2.8MiB ETA:17m13s]
[#846b82 139MiB/2.9GiB(4%) CN:8 DL:2.8MiB ETA:16m58s]
[#846b82 142MiB/2.9GiB(4%) CN:8 DL:2.8MiB ETA:16m47s]
[#846b82 145MiB/2.9GiB(4%) CN:8 DL:2.9MiB ETA:16m26s]
[#846b82 148MiB/2.9GiB(4%) CN:8 DL:2.9MiB ETA:16m33s]
[#846b82 151MiB/2.9GiB(4%) CN:8 DL:2.9MiB ETA:16m35s]
[#846b82 155MiB/2.9GiB(5%) CN:8 DL:2.9MiB ETA:16m24s]
[#846b82 158MiB/2.9GiB(5%) CN:8 DL:2.9MiB ETA:16m22s]
[#846b82 160MiB/2.9GiB(5%) CN:8 DL:2.9MiB ETA:16m25s]
[#846b82 163MiB/2.9GiB(5%) CN:8 DL:2.9MiB ETA:16m26s]
[#846b82 166MiB/2.9GiB(5%) CN:8 DL:2.8MiB ETA:16m38s]
[#846b82 169MiB/2.9GiB(5%) CN:8 DL:2.8MiB ETA:16m42s]
[#846b82 172MiB/2.9GiB(5%) CN:8 DL:2.8MiB ETA:16m50s]
[#846b82 175MiB/2.9GiB(5%) CN:8 DL:2.8MiB ETA:16m48s]
 *** Download Progress Summary as of Sun Oct  4 11:13:42 2026 *** 
===============================================================================
[#846b82 178MiB/2.9GiB(5%) CN:8 DL:2.8MiB ETA:16m40s]
FILE: /mnt/mydata/wja/reasoning-diff/assets/models/Qwen3-8B/model-00004-of-00005.safetensors
-------------------------------------------------------------------------------

[#8a3441 180MiB/3.7GiB(4%) CN:8 DL:2.9MiB ETA:20m24s]
[#8a3441 183MiB/3.7GiB(4%) CN:8 DL:2.9MiB ETA:20m15s]
[#8a3441 186MiB/3.7GiB(4%) CN:8 DL:2.9MiB ETA:20m19s]
[#8a3441 189MiB/3.7GiB(4%) CN:8 DL:2.9MiB ETA:20m10s]
[#8a3441 192MiB/3.7GiB(5%) CN:8 DL:2.9MiB ETA:20m13s]
[#8a3441 195MiB/3.7GiB(5%) CN:8 DL:2.9MiB ETA:20m12s]
[#8a3441 199MiB/3.7GiB(5%) CN:8 DL:2.9MiB ETA:20m8s]
[#8a3441 202MiB/3.7GiB(5%) CN:8 DL:2.9MiB ETA:20m9s]
[#8a3441 205MiB/3.7GiB(5%) CN:8 DL:2.9MiB ETA:20m8s]
[#8a3441 208MiB/3.7GiB(5%) CN:8 DL:2.9MiB ETA:20m6s]
[#8a3441 211MiB/3.7GiB(5%) CN:8 DL:2.9MiB ETA:20m2s]
[#8a3441 214MiB/3.7GiB(5%) CN:8 DL:3.0MiB ETA:19m57s]
[#8a3441 217MiB/3.7GiB(5%) CN:8 DL:2.9MiB ETA:19m59s]
[#8a3441 220MiB/3.7GiB(5%) CN:8 DL:3.0MiB ETA:19m48s]
[#8a3441 224MiB/3.7GiB(5%) CN:8 DL:3.0MiB ETA:19m37s]
[#8a3441 227MiB/3.7GiB(5%) CN:8 DL:3.0MiB ETA:19m29s]
[#8a3441 230MiB/3.7GiB(6%) CN:8 DL:3.0MiB ETA:19m16s]
[#8a3441 234MiB/3.7GiB(6%) CN:8 DL:3.1MiB ETA:19m9s]
[#8a3441 238MiB/3.7GiB(6%) CN:8 DL:3.1MiB ETA:19m3s]
[#8a3441 241MiB/3.7GiB(6%) CN:8 DL:3.1MiB ETA:18m49s]
[#8a3441 244MiB/3.7GiB(6%) CN:8 DL:3.1MiB ETA:18m51s]
[#8a3441 248MiB/3.7GiB(6%) CN:8 DL:3.2MiB ETA:18m21s]
[#8a3441 251MiB/3.7GiB(6%) CN:8 DL:3.2MiB ETA:18m8s]
[#8a3441 254MiB/3.7GiB(6%) CN:8 DL:3.2MiB ETA:18m6s]
[#8a3441 258MiB/3.7GiB(6%) CN:8 DL:3.2MiB ETA:17m59s]
[#8a3441 262MiB/3.7GiB(6%) CN:8 DL:3.3MiB ETA:17m53s]
[#8a3441 265MiB/3.7GiB(6%) CN:8 DL:3.2MiB ETA:17m56s]
[#8a3441 268MiB/3.7GiB(7%) CN:8 DL:3.2MiB ETA:17m59s]
[#8a3441 272MiB/3.7GiB(7%) CN:8 DL:3.2MiB ETA:17m58s]
 *** Download Progress Summary as of Sun Oct  4 11:14:00 2026 *** 
===============================================================================
[#8a3441 275MiB/3.7GiB(7%) CN:8 DL:3.2MiB ETA:17m54s]
FILE: /mnt/mydata/wja/reasoning-diff/assets/models/Qwen3-8B/model-00001-of-00005.safetensors
-------------------------------------------------------------------------------

[#9f16c5 112MiB/3.7GiB(2%) CN:8 DL:1.6MiB ETA:37m48s]
[#9f16c5 114MiB/3.7GiB(2%) CN:8 DL:1.6MiB ETA:38m22s]
[#9f16c5 116MiB/3.7GiB(3%) CN:8 DL:1.6MiB ETA:37m29s]
[#9f16c5 117MiB/3.7GiB(3%) CN:8 DL:1.6MiB ETA:37m2s]
[#9f16c5 119MiB/3.7GiB(3%) CN:8 DL:1.6MiB ETA:36m51s]
[#9f16c5 121MiB/3.7GiB(3%) CN:8 DL:1.6MiB ETA:37m]
[#9f16c5 122MiB/3.7GiB(3%) CN:8 DL:1.6MiB ETA:36m48s]
[#9f16c5 124MiB/3.7GiB(3%) CN:8 DL:1.6MiB ETA:36m51s]
[#9f16c5 126MiB/3.7GiB(3%) CN:8 DL:1.6MiB ETA:37m10s]
[#9f16c5 127MiB/3.7GiB(3%) CN:8 DL:1.6MiB ETA:37m9s]
[#9f16c5 129MiB/3.7GiB(3%) CN:8 DL:1.6MiB ETA:37m1s]
[#9f16c5 131MiB/3.7GiB(3%) CN:8 DL:1.6MiB ETA:37m16s]
[#9f16c5 132MiB/3.7GiB(3%) CN:8 DL:1.6MiB ETA:37m2s]
[#9f16c5 134MiB/3.7GiB(3%) CN:8 DL:1.6MiB ETA:36m51s]
[#9f16c5 136MiB/3.7GiB(3%) CN:8 DL:1.6MiB ETA:36m25s]
[#9f16c5 137MiB/3.7GiB(3%) CN:8 DL:1.6MiB ETA:36m11s]
[#9f16c5 139MiB/3.7GiB(3%) CN:8 DL:1.6MiB ETA:36m4s]
[#9f16c5 141MiB/3.7GiB(3%) CN:8 DL:1.6MiB ETA:36m46s]
[#9f16c5 142MiB/3.7GiB(3%) CN:8 DL:1.6MiB ETA:36m53s]
[#9f16c5 144MiB/3.7GiB(3%) CN:8 DL:1.6MiB ETA:36m39s]
[#9f16c5 146MiB/3.7GiB(3%) CN:8 DL:1.6MiB ETA:37m2s]
[#9f16c5 147MiB/3.7GiB(3%) CN:8 DL:1.6MiB ETA:36m35s]
[#9f16c5 149MiB/3.7GiB(3%) CN:8 DL:1.6MiB ETA:36m23s]
[#9f16c5 151MiB/3.7GiB(3%) CN:8 DL:1.6MiB ETA:36m39s]
[#9f16c5 153MiB/3.7GiB(4%) CN:8 DL:1.6MiB ETA:36m40s]
[#9f16c5 154MiB/3.7GiB(4%) CN:8 DL:1.6MiB ETA:36m40s]
[#9f16c5 156MiB/3.7GiB(4%) CN:8 DL:1.6MiB ETA:36m49s]
[#9f16c5 158MiB/3.7GiB(4%) CN:8 DL:1.6MiB ETA:36m35s]
[#9f16c5 160MiB/3.7GiB(4%) CN:8 DL:1.6MiB ETA:36m6s]
[#9f16c5 161MiB/3.7GiB(4%) CN:8 DL:1.6MiB ETA:36m26s]
 *** Download Progress Summary as of Sun Oct  4 11:14:02 2026 *** 
===============================================================================
[#9f16c5 163MiB/3.7GiB(4%) CN:8 DL:1.6MiB ETA:36m19s]
FILE: /mnt/mydata/wja/reasoning-diff/assets/models/Qwen3-8B/model-00002-of-00005.safetensors
-------------------------------------------------------------------------------

[#c81886 177MiB/3.6GiB(4%) CN:8 DL:2.9MiB ETA:20m35s]
[#c81886 180MiB/3.6GiB(4%) CN:8 DL:2.8MiB ETA:20m49s]
[#c81886 183MiB/3.6GiB(4%) CN:8 DL:2.8MiB ETA:20m54s]
[#c81886 186MiB/3.6GiB(4%) CN:8 DL:2.8MiB ETA:20m49s]
[#c81886 189MiB/3.6GiB(5%) CN:8 DL:2.8MiB ETA:20m44s]
[#c81886 192MiB/3.6GiB(5%) CN:8 DL:2.8MiB ETA:20m41s]
[#c81886 195MiB/3.6GiB(5%) CN:8 DL:2.8MiB ETA:20m45s]
[#c81886 197MiB/3.6GiB(5%) CN:8 DL:2.8MiB ETA:20m53s]
[#c81886 200MiB/3.6GiB(5%) CN:8 DL:2.7MiB ETA:21m26s]
[#c81886 203MiB/3.6GiB(5%) CN:8 DL:2.7MiB ETA:21m27s]
[#c81886 206MiB/3.6GiB(5%) CN:8 DL:2.7MiB ETA:21m33s]
[#c81886 209MiB/3.6GiB(5%) CN:8 DL:2.7MiB ETA:21m15s]
[#c81886 211MiB/3.6GiB(5%) CN:8 DL:2.7MiB ETA:21m19s]
[#c81886 214MiB/3.6GiB(5%) CN:8 DL:2.7MiB ETA:21m28s]
[#c81886 217MiB/3.6GiB(5%) CN:8 DL:2.7MiB ETA:21m34s]
[#c81886 219MiB/3.6GiB(5%) CN:8 DL:2.7MiB ETA:21m47s]
[#c81886 222MiB/3.6GiB(5%) CN:8 DL:2.7MiB ETA:21m41s]
[#c81886 225MiB/3.6GiB(5%) CN:8 DL:2.7MiB ETA:21m31s]
[#c81886 228MiB/3.6GiB(6%) CN:8 DL:2.7MiB ETA:21m38s]
[#c81886 231MiB/3.6GiB(6%) CN:8 DL:2.7MiB ETA:21m37s]
[#c81886 234MiB/3.6GiB(6%) CN:8 DL:2.7MiB ETA:21m36s]
[#c81886 237MiB/3.6GiB(6%) CN:8 DL:2.7MiB ETA:21m28s]
[#c81886 240MiB/3.6GiB(6%) CN:8 DL:2.7MiB ETA:21m10s]
[#c81886 243MiB/3.6GiB(6%) CN:8 DL:2.7MiB ETA:21m5s]
[#c81886 246MiB/3.6GiB(6%) CN:8 DL:2.7MiB ETA:21m3s]
[#c81886 248MiB/3.6GiB(6%) CN:8 DL:2.7MiB ETA:21m3s]
[#c81886 251MiB/3.6GiB(6%) CN:8 DL:2.7MiB ETA:21m5s]
[#c81886 254MiB/3.6GiB(6%) CN:8 DL:2.8MiB ETA:20m56s]
[#c81886 257MiB/3.6GiB(6%) CN:8 DL:2.8MiB ETA:20m44s]
[#c81886 260MiB/3.6GiB(6%) CN:8 DL:2.8MiB ETA:20m39s]
 *** Download Progress Summary as of Sun Oct  4 11:14:02 2026 *** 
===============================================================================
[#c81886 263MiB/3.6GiB(6%) CN:8 DL:2.8MiB ETA:20m31s]
FILE: /mnt/mydata/wja/reasoning-diff/assets/models/Qwen3-8B/model-00003-of-00005.safetensors
-------------------------------------------------------------------------------

[#846b82 178MiB/2.9GiB(5%) CN:8 DL:2.8MiB ETA:16m40s]
[#846b82 181MiB/2.9GiB(5%) CN:8 DL:2.8MiB ETA:16m36s]
[#846b82 184MiB/2.9GiB(6%) CN:8 DL:2.8MiB ETA:16m32s]
[#846b82 187MiB/2.9GiB(6%) CN:8 DL:2.8MiB ETA:16m28s]
[#846b82 190MiB/2.9GiB(6%) CN:8 DL:2.8MiB ETA:16m38s]
[#846b82 193MiB/2.9GiB(6%) CN:8 DL:2.8MiB ETA:16m31s]
[#846b82 195MiB/2.9GiB(6%) CN:8 DL:2.8MiB ETA:16m39s]
[#846b82 198MiB/2.9GiB(6%) CN:8 DL:2.7MiB ETA:16m58s]
[#846b82 200MiB/2.9GiB(6%) CN:8 DL:2.7MiB ETA:17m11s]
[#846b82 203MiB/2.9GiB(6%) CN:8 DL:2.7MiB ETA:17m22s]
[#846b82 206MiB/2.9GiB(6%) CN:8 DL:2.7MiB ETA:17m25s]
[#846b82 209MiB/2.9GiB(6%) CN:8 DL:2.6MiB ETA:17m37s]
[#846b82 211MiB/2.9GiB(6%) CN:8 DL:2.6MiB ETA:17m41s]
[#846b82 214MiB/2.9GiB(7%) CN:8 DL:2.6MiB ETA:17m40s]
[#846b82 217MiB/2.9GiB(7%) CN:8 DL:2.6MiB ETA:17m40s]
[#846b82 220MiB/2.9GiB(7%) CN:8 DL:2.6MiB ETA:17m49s]
[#846b82 222MiB/2.9GiB(7%) CN:8 DL:2.6MiB ETA:17m48s]
[#846b82 225MiB/2.9GiB(7%) CN:8 DL:2.6MiB ETA:17m25s]
[#846b82 228MiB/2.9GiB(7%) CN:8 DL:2.6MiB ETA:17m31s]
[#846b82 231MiB/2.9GiB(7%) CN:8 DL:2.6MiB ETA:17m32s]
[#846b82 234MiB/2.9GiB(7%) CN:8 DL:2.6MiB ETA:17m26s]
[#846b82 236MiB/2.9GiB(7%) CN:8 DL:2.6MiB ETA:17m37s]
[#846b82 239MiB/2.9GiB(7%) CN:8 DL:2.6MiB ETA:17m33s]
[#846b82 242MiB/2.9GiB(7%) CN:8 DL:2.6MiB ETA:17m30s]
[#846b82 245MiB/2.9GiB(8%) CN:8 DL:2.6MiB ETA:17m27s]
[#846b82 248MiB/2.9GiB(8%) CN:8 DL:2.6MiB ETA:17m26s]
[#846b82 251MiB/2.9GiB(8%) CN:8 DL:2.6MiB ETA:17m21s]
[#846b82 253MiB/2.9GiB(8%) CN:8 DL:2.6MiB ETA:17m19s]
[#846b82 256MiB/2.9GiB(8%) CN:8 DL:2.6MiB ETA:17m12s]
 *** Download Progress Summary as of Sun Oct  4 11:14:12 2026 *** 
===============================================================================
[#846b82 259MiB/2.9GiB(8%) CN:8 DL:2.6MiB ETA:17m14s]
FILE: /mnt/mydata/wja/reasoning-diff/assets/models/Qwen3-8B/model-00004-of-00005.safetensors
-------------------------------------------------------------------------------

[#8a3441 275MiB/3.7GiB(7%) CN:8 DL:3.2MiB ETA:17m54s]
[#8a3441 278MiB/3.7GiB(7%) CN:8 DL:3.2MiB ETA:17m56s]
[#8a3441 282MiB/3.7GiB(7%) CN:8 DL:3.2MiB ETA:17m55s]
[#8a3441 285MiB/3.7GiB(7%) CN:8 DL:3.2MiB ETA:17m53s]
[#8a3441 289MiB/3.7GiB(7%) CN:8 DL:3.2MiB ETA:18m3s]
[#8a3441 292MiB/3.7GiB(7%) CN:8 DL:3.2MiB ETA:18m4s]
[#8a3441 295MiB/3.7GiB(7%) CN:8 DL:3.2MiB ETA:18m6s]
[#8a3441 298MiB/3.7GiB(7%) CN:8 DL:3.2MiB ETA:18m6s]
[#8a3441 302MiB/3.7GiB(7%) CN:8 DL:3.2MiB ETA:18m7s]
[#8a3441 305MiB/3.7GiB(8%) CN:8 DL:3.2MiB ETA:18m1s]
[#8a3441 309MiB/3.7GiB(8%) CN:8 DL:3.2MiB ETA:18m3s]
[#8a3441 312MiB/3.7GiB(8%) CN:8 DL:3.1MiB ETA:18m16s]
[#8a3441 315MiB/3.7GiB(8%) CN:8 DL:3.1MiB ETA:18m21s]
[#8a3441 319MiB/3.7GiB(8%) CN:8 DL:3.1MiB ETA:18m15s]
[#8a3441 322MiB/3.7GiB(8%) CN:8 DL:3.1MiB ETA:18m13s]
[#8a3441 325MiB/3.7GiB(8%) CN:8 DL:3.1MiB ETA:18m22s]
[#8a3441 328MiB/3.7GiB(8%) CN:8 DL:3.1MiB ETA:18m22s]
[#8a3441 331MiB/3.7GiB(8%) CN:8 DL:3.1MiB ETA:18m31s]
[#8a3441 334MiB/3.7GiB(8%) CN:8 DL:3.0MiB ETA:18m46s]
[#8a3441 337MiB/3.7GiB(8%) CN:8 DL:3.0MiB ETA:18m52s]
[#8a3441 340MiB/3.7GiB(8%) CN:8 DL:3.0MiB ETA:18m43s]
[#8a3441 343MiB/3.7GiB(9%) CN:8 DL:3.0MiB ETA:18m50s]
[#8a3441 347MiB/3.7GiB(9%) CN:8 DL:3.0MiB ETA:18m52s]
[#8a3441 350MiB/3.7GiB(9%) CN:8 DL:3.0MiB ETA:18m50s]
[#8a3441 353MiB/3.7GiB(9%) CN:8 DL:3.0MiB ETA:18m49s]
[#8a3441 356MiB/3.7GiB(9%) CN:8 DL:3.0MiB ETA:18m49s]
[#8a3441 359MiB/3.7GiB(9%) CN:8 DL:3.0MiB ETA:18m49s]
[#8a3441 363MiB/3.7GiB(9%) CN:8 DL:3.0MiB ETA:18m49s]
[#8a3441 366MiB/3.7GiB(9%) CN:8 DL:3.0MiB ETA:18m54s]
 *** Download Progress Summary as of Sun Oct  4 11:14:30 2026 *** 
===============================================================================
[#8a3441 369MiB/3.7GiB(9%) CN:8 DL:3.0MiB ETA:18m50s]
FILE: /mnt/mydata/wja/reasoning-diff/assets/models/Qwen3-8B/model-00001-of-00005.safetensors
-------------------------------------------------------------------------------

[#c81886 263MiB/3.6GiB(6%) CN:8 DL:2.8MiB ETA:20m31s]
[#c81886 265MiB/3.6GiB(7%) CN:8 DL:2.8MiB ETA:20m46s]
[#c81886 268MiB/3.6GiB(7%) CN:8 DL:2.8MiB ETA:20m43s]
[#c81886 271MiB/3.6GiB(7%) CN:8 DL:2.8MiB ETA:20m47s]
[#c81886 274MiB/3.6GiB(7%) CN:8 DL:2.8MiB ETA:20m45s]
[#c81886 277MiB/3.6GiB(7%) CN:8 DL:2.8MiB ETA:20m47s]
[#c81886 280MiB/3.6GiB(7%) CN:8 DL:2.8MiB ETA:20m47s]
[#c81886 282MiB/3.6GiB(7%) CN:8 DL:2.7MiB ETA:21m1s]
[#c81886 286MiB/3.6GiB(7%) CN:8 DL:2.8MiB ETA:20m42s]
[#c81886 288MiB/3.6GiB(7%) CN:8 DL:2.8MiB ETA:20m38s]
[#c81886 291MiB/3.6GiB(7%) CN:8 DL:2.8MiB ETA:20m37s]
[#c81886 294MiB/3.6GiB(7%) CN:8 DL:2.8MiB ETA:20m40s]
[#c81886 297MiB/3.6GiB(7%) CN:8 DL:2.7MiB ETA:20m46s]
[#c81886 300MiB/3.6GiB(7%) CN:8 DL:2.7MiB ETA:20m43s]
[#c81886 303MiB/3.6GiB(8%) CN:8 DL:2.8MiB ETA:20m34s]
[#c81886 305MiB/3.6GiB(8%) CN:8 DL:2.8MiB ETA:20m36s]
[#c81886 308MiB/3.6GiB(8%) CN:8 DL:2.8MiB ETA:20m20s]
[#c81886 311MiB/3.6GiB(8%) CN:8 DL:2.8MiB ETA:20m32s]
[#c81886 314MiB/3.6GiB(8%) CN:8 DL:2.8MiB ETA:20m27s]
[#c81886 316MiB/3.6GiB(8%) CN:8 DL:2.8MiB ETA:20m30s]
[#c81886 319MiB/3.6GiB(8%) CN:8 DL:2.7MiB ETA:20m42s]
[#c81886 322MiB/3.6GiB(8%) CN:8 DL:2.7MiB ETA:20m44s]
[#c81886 325MiB/3.6GiB(8%) CN:8 DL:2.7MiB ETA:21m2s]
[#c81886 328MiB/3.6GiB(8%) CN:8 DL:2.7MiB ETA:21m1s]
[#c81886 331MiB/3.6GiB(8%) CN:8 DL:2.7MiB ETA:20m52s]
[#c81886 334MiB/3.6GiB(8%) CN:8 DL:2.7MiB ETA:20m39s]
[#c81886 337MiB/3.6GiB(8%) CN:8 DL:2.7MiB ETA:20m30s]
[#c81886 340MiB/3.6GiB(9%) CN:8 DL:2.8MiB ETA:20m13s]
[#c81886 342MiB/3.6GiB(9%) CN:8 DL:2.8MiB ETA:20m16s]
[#c81886 345MiB/3.6GiB(9%) CN:8 DL:2.8MiB ETA:20m11s]
 *** Download Progress Summary as of Sun Oct  4 11:14:33 2026 *** 
===============================================================================
[#c81886 348MiB/3.6GiB(9%) CN:8 DL:2.7MiB ETA:20m24s]
FILE: /mnt/mydata/wja/reasoning-diff/assets/models/Qwen3-8B/model-00003-of-00005.safetensors
-------------------------------------------------------------------------------

[#9f16c5 163MiB/3.7GiB(4%) CN:8 DL:1.6MiB ETA:36m19s]
[#9f16c5 165MiB/3.7GiB(4%) CN:8 DL:1.6MiB ETA:35m59s]
[#9f16c5 167MiB/3.7GiB(4%) CN:8 DL:1.6MiB ETA:35m58s]
[#9f16c5 168MiB/3.7GiB(4%) CN:8 DL:1.6MiB ETA:36m]
[#9f16c5 170MiB/3.7GiB(4%) CN:8 DL:1.6MiB ETA:35m55s]
[#9f16c5 172MiB/3.7GiB(4%) CN:8 DL:1.6MiB ETA:35m53s]
[#9f16c5 174MiB/3.7GiB(4%) CN:8 DL:1.6MiB ETA:35m58s]
[#9f16c5 175MiB/3.7GiB(4%) CN:8 DL:1.6MiB ETA:36m12s]
[#9f16c5 177MiB/3.7GiB(4%) CN:8 DL:1.6MiB ETA:36m4s]
[#9f16c5 179MiB/3.7GiB(4%) CN:8 DL:1.6MiB ETA:35m45s]
[#9f16c5 181MiB/3.7GiB(4%) CN:8 DL:1.6MiB ETA:35m45s]
[#9f16c5 183MiB/3.7GiB(4%) CN:8 DL:1.6MiB ETA:35m43s]
[#9f16c5 185MiB/3.7GiB(4%) CN:8 DL:1.7MiB ETA:34m47s]
[#9f16c5 186MiB/3.7GiB(4%) CN:8 DL:1.7MiB ETA:35m]
[#9f16c5 188MiB/3.7GiB(4%) CN:8 DL:1.7MiB ETA:34m46s]
[#9f16c5 189MiB/3.7GiB(4%) CN:8 DL:1.7MiB ETA:35m9s]
[#9f16c5 191MiB/3.7GiB(5%) CN:8 DL:1.7MiB ETA:35m8s]
[#9f16c5 193MiB/3.7GiB(5%) CN:8 DL:1.7MiB ETA:34m50s]
[#9f16c5 195MiB/3.7GiB(5%) CN:8 DL:1.7MiB ETA:34m52s]
[#9f16c5 197MiB/3.7GiB(5%) CN:8 DL:1.7MiB ETA:35m12s]
[#9f16c5 198MiB/3.7GiB(5%) CN:8 DL:1.7MiB ETA:35m14s]
[#9f16c5 200MiB/3.7GiB(5%) CN:8 DL:1.6MiB ETA:35m38s]
[#9f16c5 202MiB/3.7GiB(5%) CN:8 DL:1.6MiB ETA:35m35s]
[#9f16c5 204MiB/3.7GiB(5%) CN:8 DL:1.6MiB ETA:35m30s]
[#9f16c5 206MiB/3.7GiB(5%) CN:8 DL:1.6MiB ETA:35m26s]
[#9f16c5 207MiB/3.7GiB(5%) CN:8 DL:1.6MiB ETA:35m28s]
[#9f16c5 209MiB/3.7GiB(5%) CN:8 DL:1.7MiB ETA:35m1s]
[#9f16c5 211MiB/3.7GiB(5%) CN:8 DL:1.6MiB ETA:35m21s]
[#9f16c5 212MiB/3.7GiB(5%) CN:8 DL:1.6MiB ETA:35m33s]
[#9f16c5 214MiB/3.7GiB(5%) CN:8 DL:1.6MiB ETA:35m31s]
 *** Download Progress Summary as of Sun Oct  4 11:14:33 2026 *** 
===============================================================================
[#9f16c5 216MiB/3.7GiB(5%) CN:8 DL:1.6MiB ETA:35m35s]
FILE: /mnt/mydata/wja/reasoning-diff/assets/models/Qwen3-8B/model-00002-of-00005.safetensors
-------------------------------------------------------------------------------

[#846b82 259MiB/2.9GiB(8%) CN:8 DL:2.6MiB ETA:17m14s]
[#846b82 262MiB/2.9GiB(8%) CN:8 DL:2.6MiB ETA:17m9s]
[#846b82 265MiB/2.9GiB(8%) CN:8 DL:2.7MiB ETA:17m1s]
[#846b82 268MiB/2.9GiB(8%) CN:8 DL:2.7MiB ETA:16m52s]
[#846b82 271MiB/2.9GiB(8%) CN:8 DL:2.7MiB ETA:16m44s]
[#846b82 273MiB/2.9GiB(9%) CN:8 DL:2.7MiB ETA:16m36s]
[#846b82 276MiB/2.9GiB(9%) CN:8 DL:2.7MiB ETA:16m37s]
[#846b82 279MiB/2.9GiB(9%) CN:8 DL:2.7MiB ETA:16m34s]
[#846b82 282MiB/2.9GiB(9%) CN:8 DL:2.7MiB ETA:16m31s]
[#846b82 285MiB/2.9GiB(9%) CN:8 DL:2.8MiB ETA:16m12s]
[#846b82 288MiB/2.9GiB(9%) CN:8 DL:2.8MiB ETA:16m1s]
[#846b82 291MiB/2.9GiB(9%) CN:8 DL:2.8MiB ETA:15m59s]
[#846b82 294MiB/2.9GiB(9%) CN:8 DL:2.8MiB ETA:16m4s]
[#846b82 297MiB/2.9GiB(9%) CN:8 DL:2.8MiB ETA:16m3s]
[#846b82 300MiB/2.9GiB(9%) CN:8 DL:2.8MiB ETA:16m5s]
[#846b82 303MiB/2.9GiB(9%) CN:8 DL:2.8MiB ETA:16m1s]
[#846b82 306MiB/2.9GiB(10%) CN:8 DL:2.8MiB ETA:15m49s]
[#846b82 309MiB/2.9GiB(10%) CN:8 DL:2.8MiB ETA:15m47s]
[#846b82 313MiB/2.9GiB(10%) CN:8 DL:2.8MiB ETA:15m44s]
[#846b82 316MiB/2.9GiB(10%) CN:8 DL:2.8MiB ETA:15m41s]
[#846b82 319MiB/2.9GiB(10%) CN:8 DL:2.9MiB ETA:15m35s]
[#846b82 322MiB/2.9GiB(10%) CN:8 DL:2.9MiB ETA:15m25s]
[#846b82 325MiB/2.9GiB(10%) CN:8 DL:2.9MiB ETA:15m21s]
[#846b82 329MiB/2.9GiB(10%) CN:8 DL:2.9MiB ETA:15m14s]
[#846b82 332MiB/2.9GiB(10%) CN:8 DL:2.9MiB ETA:15m12s]
[#846b82 335MiB/2.9GiB(11%) CN:8 DL:2.9MiB ETA:15m10s]
[#846b82 338MiB/2.9GiB(11%) CN:8 DL:2.9MiB ETA:15m6s]
[#846b82 341MiB/2.9GiB(11%) CN:8 DL:2.8MiB ETA:15m31s]
[#846b82 345MiB/2.9GiB(11%) CN:8 DL:2.9MiB ETA:15m11s]
 *** Download Progress Summary as of Sun Oct  4 11:14:42 2026 *** 
===============================================================================
[#846b82 347MiB/2.9GiB(11%) CN:8 DL:2.9MiB ETA:15m12s]
FILE: /mnt/mydata/wja/reasoning-diff/assets/models/Qwen3-8B/model-00004-of-00005.safetensors
-------------------------------------------------------------------------------

[#8a3441 369MiB/3.7GiB(9%) CN:8 DL:3.0MiB ETA:18m50s]
[#8a3441 373MiB/3.7GiB(9%) CN:8 DL:3.0MiB ETA:18m49s]
[#8a3441 376MiB/3.7GiB(9%) CN:8 DL:3.0MiB ETA:18m52s]
[#8a3441 379MiB/3.7GiB(9%) CN:8 DL:3.0MiB ETA:18m59s]
[#8a3441 382MiB/3.7GiB(10%) CN:8 DL:3.0MiB ETA:19m1s]
[#8a3441 385MiB/3.7GiB(10%) CN:8 DL:2.9MiB ETA:19m8s]
[#8a3441 388MiB/3.7GiB(10%) CN:8 DL:2.9MiB ETA:19m11s]
[#8a3441 391MiB/3.7GiB(10%) CN:8 DL:2.9MiB ETA:19m18s]
[#8a3441 394MiB/3.7GiB(10%) CN:8 DL:2.9MiB ETA:19m17s]
[#8a3441 397MiB/3.7GiB(10%) CN:8 DL:2.9MiB ETA:19m26s]
[#8a3441 401MiB/3.7GiB(10%) CN:8 DL:2.9MiB ETA:19m32s]
[#8a3441 404MiB/3.7GiB(10%) CN:8 DL:2.9MiB ETA:19m28s]
[#8a3441 407MiB/3.7GiB(10%) CN:8 DL:2.9MiB ETA:19m22s]
[#8a3441 409MiB/3.7GiB(10%) CN:8 DL:2.9MiB ETA:19m22s]
[#8a3441 412MiB/3.7GiB(10%) CN:8 DL:2.8MiB ETA:19m33s]
[#8a3441 415MiB/3.7GiB(10%) CN:8 DL:2.9MiB ETA:19m30s]
[#8a3441 418MiB/3.7GiB(10%) CN:8 DL:2.9MiB ETA:19m22s]
[#8a3441 421MiB/3.7GiB(11%) CN:8 DL:2.8MiB ETA:19m33s]
[#8a3441 424MiB/3.7GiB(11%) CN:8 DL:2.8MiB ETA:19m27s]
[#8a3441 428MiB/3.7GiB(11%) CN:8 DL:2.9MiB ETA:19m25s]
[#8a3441 431MiB/3.7GiB(11%) CN:8 DL:2.8MiB ETA:19m30s]
[#8a3441 434MiB/3.7GiB(11%) CN:8 DL:2.8MiB ETA:19m34s]
[#8a3441 437MiB/3.7GiB(11%) CN:8 DL:2.8MiB ETA:19m30s]
[#8a3441 441MiB/3.7GiB(11%) CN:8 DL:2.9MiB ETA:19m]
[#8a3441 443MiB/3.7GiB(11%) CN:8 DL:2.9MiB ETA:19m3s]
[#8a3441 446MiB/3.7GiB(11%) CN:8 DL:2.9MiB ETA:18m55s]
[#8a3441 449MiB/3.7GiB(11%) CN:8 DL:2.9MiB ETA:18m50s]
[#8a3441 452MiB/3.7GiB(11%) CN:8 DL:2.9MiB ETA:18m46s]
[#8a3441 456MiB/3.7GiB(11%) CN:8 DL:2.9MiB ETA:18m43s]
 *** Download Progress Summary as of Sun Oct  4 11:15:01 2026 *** 
===============================================================================
[#8a3441 459MiB/3.7GiB(12%) CN:8 DL:2.9MiB ETA:18m44s]
FILE: /mnt/mydata/wja/reasoning-diff/assets/models/Qwen3-8B/model-00001-of-00005.safetensors
-------------------------------------------------------------------------------

[#9f16c5 216MiB/3.7GiB(5%) CN:8 DL:1.6MiB ETA:35m35s]
[#9f16c5 217MiB/3.7GiB(5%) CN:8 DL:1.6MiB ETA:35m50s]
[#9f16c5 219MiB/3.7GiB(5%) CN:8 DL:1.6MiB ETA:35m46s]
[#9f16c5 220MiB/3.7GiB(5%) CN:8 DL:1.6MiB ETA:35m58s]
[#9f16c5 222MiB/3.7GiB(5%) CN:8 DL:1.6MiB ETA:36m18s]
[#9f16c5 224MiB/3.7GiB(5%) CN:8 DL:1.6MiB ETA:36m29s]
[#9f16c5 225MiB/3.7GiB(5%) CN:8 DL:1.6MiB ETA:36m26s]
[#9f16c5 227MiB/3.7GiB(5%) CN:8 DL:1.6MiB ETA:35m51s]
[#9f16c5 229MiB/3.7GiB(6%) CN:8 DL:1.6MiB ETA:35m27s]
[#9f16c5 231MiB/3.7GiB(6%) CN:8 DL:1.6MiB ETA:35m12s]
[#9f16c5 232MiB/3.7GiB(6%) CN:8 DL:1.6MiB ETA:35m49s]
[#9f16c5 234MiB/3.7GiB(6%) CN:8 DL:1.6MiB ETA:35m32s]
[#9f16c5 236MiB/3.7GiB(6%) CN:8 DL:1.6MiB ETA:35m1s]
[#9f16c5 237MiB/3.7GiB(6%) CN:8 DL:1.6MiB ETA:35m13s]
[#9f16c5 239MiB/3.7GiB(6%) CN:8 DL:1.7MiB ETA:34m50s]
[#9f16c5 241MiB/3.7GiB(6%) CN:8 DL:1.6MiB ETA:35m19s]
[#9f16c5 242MiB/3.7GiB(6%) CN:8 DL:1.6MiB ETA:35m12s]
[#9f16c5 244MiB/3.7GiB(6%) CN:8 DL:1.6MiB ETA:35m4s]
[#9f16c5 246MiB/3.7GiB(6%) CN:8 DL:1.7MiB ETA:34m39s]
[#9f16c5 248MiB/3.7GiB(6%) CN:8 DL:1.7MiB ETA:34m49s]
[#9f16c5 250MiB/3.7GiB(6%) CN:8 DL:1.7MiB ETA:34m50s]
[#9f16c5 251MiB/3.7GiB(6%) CN:8 DL:1.7MiB ETA:34m36s]
[#9f16c5 253MiB/3.7GiB(6%) CN:8 DL:1.7MiB ETA:34m43s]
[#9f16c5 255MiB/3.7GiB(6%) CN:8 DL:1.7MiB ETA:34m41s]
[#9f16c5 256MiB/3.7GiB(6%) CN:8 DL:1.7MiB ETA:34m37s]
[#9f16c5 258MiB/3.7GiB(6%) CN:8 DL:1.6MiB ETA:34m58s]
[#9f16c5 259MiB/3.7GiB(6%) CN:8 DL:1.6MiB ETA:35m26s]
[#9f16c5 261MiB/3.7GiB(6%) CN:8 DL:1.6MiB ETA:35m43s]
[#9f16c5 263MiB/3.7GiB(6%) CN:8 DL:1.6MiB ETA:36m30s]
[#9f16c5 265MiB/3.7GiB(6%) CN:8 DL:1.6MiB ETA:35m43s]
 *** Download Progress Summary as of Sun Oct  4 11:15:03 2026 *** 
===============================================================================
[#9f16c5 266MiB/3.7GiB(7%) CN:8 DL:1.6MiB ETA:35m18s]
FILE: /mnt/mydata/wja/reasoning-diff/assets/models/Qwen3-8B/model-00002-of-00005.safetensors
-------------------------------------------------------------------------------

[#c81886 348MiB/3.6GiB(9%) CN:8 DL:2.7MiB ETA:20m24s]
[#c81886 351MiB/3.6GiB(9%) CN:8 DL:2.8MiB ETA:20m21s]
[#c81886 354MiB/3.6GiB(9%) CN:8 DL:2.8MiB ETA:20m20s]
[#c81886 357MiB/3.6GiB(9%) CN:8 DL:2.8MiB ETA:20m18s]
[#c81886 359MiB/3.6GiB(9%) CN:8 DL:2.7MiB ETA:20m21s]
[#c81886 362MiB/3.6GiB(9%) CN:8 DL:2.8MiB ETA:20m17s]
[#c81886 366MiB/3.6GiB(9%) CN:8 DL:2.8MiB ETA:20m15s]
[#c81886 369MiB/3.6GiB(9%) CN:8 DL:2.8MiB ETA:20m3s]
[#c81886 372MiB/3.6GiB(9%) CN:8 DL:2.8MiB ETA:20m8s]
[#c81886 375MiB/3.6GiB(9%) CN:8 DL:2.8MiB ETA:19m41s]
[#c81886 378MiB/3.6GiB(10%) CN:8 DL:2.8MiB ETA:19m38s]
[#c81886 381MiB/3.6GiB(10%) CN:8 DL:2.9MiB ETA:19m18s]
[#c81886 384MiB/3.6GiB(10%) CN:8 DL:2.9MiB ETA:19m23s]
[#c81886 387MiB/3.6GiB(10%) CN:8 DL:2.9MiB ETA:19m18s]
[#c81886 390MiB/3.6GiB(10%) CN:8 DL:2.9MiB ETA:19m20s]
[#c81886 393MiB/3.6GiB(10%) CN:8 DL:2.9MiB ETA:19m18s]
[#c81886 396MiB/3.6GiB(10%) CN:8 DL:2.8MiB ETA:19m26s]
[#c81886 399MiB/3.6GiB(10%) CN:8 DL:2.9MiB ETA:19m14s]
[#c81886 402MiB/3.6GiB(10%) CN:8 DL:2.9MiB ETA:19m11s]
[#c81886 405MiB/3.6GiB(10%) CN:8 DL:2.8MiB ETA:19m33s]
[#c81886 407MiB/3.6GiB(10%) CN:8 DL:2.8MiB ETA:19m45s]
[#c81886 410MiB/3.6GiB(10%) CN:8 DL:2.8MiB ETA:19m48s]
[#c81886 413MiB/3.6GiB(10%) CN:8 DL:2.8MiB ETA:19m25s]
[#c81886 416MiB/3.6GiB(11%) CN:8 DL:2.8MiB ETA:19m25s]
[#c81886 419MiB/3.6GiB(11%) CN:8 DL:2.8MiB ETA:19m40s]
[#c81886 421MiB/3.6GiB(11%) CN:8 DL:2.8MiB ETA:19m54s]
[#c81886 424MiB/3.6GiB(11%) CN:8 DL:2.8MiB ETA:19m49s]
[#c81886 427MiB/3.6GiB(11%) CN:8 DL:2.8MiB ETA:19m53s]
[#c81886 430MiB/3.6GiB(11%) CN:8 DL:2.8MiB ETA:19m43s]
[#c81886 434MiB/3.6GiB(11%) CN:8 DL:2.8MiB ETA:19m36s]
 *** Download Progress Summary as of Sun Oct  4 11:15:04 2026 *** 
===============================================================================
[#c81886 437MiB/3.6GiB(11%) CN:8 DL:2.8MiB ETA:19m15s]
FILE: /mnt/mydata/wja/reasoning-diff/assets/models/Qwen3-8B/model-00003-of-00005.safetensors
-------------------------------------------------------------------------------

[#846b82 347MiB/2.9GiB(11%) CN:8 DL:2.9MiB ETA:15m12s]
[#846b82 351MiB/2.9GiB(11%) CN:8 DL:3.0MiB ETA:14m55s]
[#846b82 354MiB/2.9GiB(11%) CN:8 DL:3.0MiB ETA:14m54s]
[#846b82 356MiB/2.9GiB(11%) CN:8 DL:2.9MiB ETA:15m6s]
[#846b82 359MiB/2.9GiB(11%) CN:8 DL:2.9MiB ETA:15m8s]
[#846b82 362MiB/2.9GiB(11%) CN:8 DL:2.9MiB ETA:15m2s]
[#846b82 366MiB/2.9GiB(12%) CN:8 DL:2.9MiB ETA:14m54s]
[#846b82 369MiB/2.9GiB(12%) CN:8 DL:3.0MiB ETA:14m49s]
[#846b82 371MiB/2.9GiB(12%) CN:8 DL:2.9MiB ETA:14m56s]
[#846b82 374MiB/2.9GiB(12%) CN:8 DL:2.9MiB ETA:15m2s]
[#846b82 377MiB/2.9GiB(12%) CN:8 DL:2.9MiB ETA:15m12s]
[#846b82 380MiB/2.9GiB(12%) CN:8 DL:2.9MiB ETA:15m13s]
[#846b82 383MiB/2.9GiB(12%) CN:8 DL:2.9MiB ETA:15m10s]
[#846b82 387MiB/2.9GiB(12%) CN:8 DL:2.9MiB ETA:14m51s]
[#846b82 390MiB/2.9GiB(12%) CN:8 DL:2.9MiB ETA:14m52s]
[#846b82 392MiB/2.9GiB(12%) CN:8 DL:2.9MiB ETA:14m55s]
[#846b82 395MiB/2.9GiB(13%) CN:8 DL:2.9MiB ETA:15m3s]
[#846b82 398MiB/2.9GiB(13%) CN:8 DL:2.9MiB ETA:15m]
[#846b82 401MiB/2.9GiB(13%) CN:8 DL:2.9MiB ETA:15m6s]
[#846b82 404MiB/2.9GiB(13%) CN:8 DL:2.9MiB ETA:15m7s]
[#846b82 407MiB/2.9GiB(13%) CN:8 DL:2.9MiB ETA:15m2s]
[#846b82 410MiB/2.9GiB(13%) CN:8 DL:2.9MiB ETA:15m5s]
[#846b82 413MiB/2.9GiB(13%) CN:8 DL:2.8MiB ETA:15m12s]
[#846b82 415MiB/2.9GiB(13%) CN:8 DL:2.8MiB ETA:15m23s]
[#846b82 419MiB/2.9GiB(13%) CN:8 DL:2.8MiB ETA:15m25s]
[#846b82 421MiB/2.9GiB(13%) CN:8 DL:2.8MiB ETA:15m32s]
[#846b82 424MiB/2.9GiB(13%) CN:8 DL:2.8MiB ETA:15m31s]
[#846b82 427MiB/2.9GiB(14%) CN:8 DL:2.7MiB ETA:15m43s]
[#846b82 430MiB/2.9GiB(14%) CN:8 DL:2.7MiB ETA:15m34s]
[#846b82 433MiB/2.9GiB(14%) CN:8 DL:2.8MiB ETA:15m27s]
 *** Download Progress Summary as of Sun Oct  4 11:15:13 2026 *** 
===============================================================================
[#846b82 436MiB/2.9GiB(14%) CN:8 DL:2.7MiB ETA:15m43s]
FILE: /mnt/mydata/wja/reasoning-diff/assets/models/Qwen3-8B/model-00004-of-00005.safetensors
-------------------------------------------------------------------------------

[#8a3441 459MiB/3.7GiB(12%) CN:8 DL:2.9MiB ETA:18m44s]
[#8a3441 462MiB/3.7GiB(12%) CN:8 DL:2.9MiB ETA:18m44s]
[#8a3441 465MiB/3.7GiB(12%) CN:8 DL:3.0MiB ETA:18m33s]
[#8a3441 468MiB/3.7GiB(12%) CN:8 DL:2.9MiB ETA:18m50s]
[#8a3441 471MiB/3.7GiB(12%) CN:8 DL:2.9MiB ETA:18m43s]
[#8a3441 473MiB/3.7GiB(12%) CN:8 DL:2.9MiB ETA:18m54s]
[#8a3441 477MiB/3.7GiB(12%) CN:8 DL:2.9MiB ETA:18m46s]
[#8a3441 480MiB/3.7GiB(12%) CN:8 DL:2.9MiB ETA:18m45s]
[#8a3441 483MiB/3.7GiB(12%) CN:8 DL:2.9MiB ETA:18m32s]
[#8a3441 486MiB/3.7GiB(12%) CN:8 DL:3.0MiB ETA:18m27s]
[#8a3441 489MiB/3.7GiB(12%) CN:8 DL:3.0MiB ETA:18m22s]
[#8a3441 492MiB/3.7GiB(12%) CN:8 DL:2.9MiB ETA:18m30s]
[#8a3441 495MiB/3.7GiB(13%) CN:8 DL:2.9MiB ETA:18m28s]
[#8a3441 498MiB/3.7GiB(13%) CN:8 DL:3.0MiB ETA:18m19s]
[#8a3441 502MiB/3.7GiB(13%) CN:8 DL:3.0MiB ETA:18m10s]
[#8a3441 505MiB/3.7GiB(13%) CN:8 DL:3.0MiB ETA:18m13s]
[#8a3441 508MiB/3.7GiB(13%) CN:8 DL:3.0MiB ETA:18m9s]
[#8a3441 511MiB/3.7GiB(13%) CN:8 DL:2.9MiB ETA:18m22s]
[#8a3441 514MiB/3.7GiB(13%) CN:8 DL:2.9MiB ETA:18m26s]
[#8a3441 517MiB/3.7GiB(13%) CN:8 DL:2.9MiB ETA:18m26s]
[#8a3441 520MiB/3.7GiB(13%) CN:8 DL:2.9MiB ETA:18m34s]
[#8a3441 523MiB/3.7GiB(13%) CN:8 DL:2.9MiB ETA:18m26s]
[#8a3441 527MiB/3.7GiB(13%) CN:8 DL:2.9MiB ETA:18m24s]
[#8a3441 529MiB/3.7GiB(13%) CN:8 DL:2.9MiB ETA:18m26s]
[#8a3441 532MiB/3.7GiB(13%) CN:8 DL:2.9MiB ETA:18m25s]
[#8a3441 535MiB/3.7GiB(14%) CN:8 DL:2.9MiB ETA:18m38s]
[#8a3441 538MiB/3.7GiB(14%) CN:8 DL:2.9MiB ETA:18m34s]
[#8a3441 542MiB/3.7GiB(14%) CN:8 DL:2.9MiB ETA:18m29s]
[#8a3441 545MiB/3.7GiB(14%) CN:8 DL:2.9MiB ETA:18m29s]
[#8a3441 548MiB/3.7GiB(14%) CN:8 DL:3.0MiB ETA:18m6s]
 *** Download Progress Summary as of Sun Oct  4 11:15:32 2026 *** 
===============================================================================
[#8a3441 551MiB/3.7GiB(14%) CN:8 DL:3.0MiB ETA:17m57s]
FILE: /mnt/mydata/wja/reasoning-diff/assets/models/Qwen3-8B/model-00001-of-00005.safetensors
-------------------------------------------------------------------------------

[#9f16c5 266MiB/3.7GiB(7%) CN:8 DL:1.6MiB ETA:35m18s]
[#9f16c5 268MiB/3.7GiB(7%) CN:8 DL:1.6MiB ETA:35m7s]
[#9f16c5 270MiB/3.7GiB(7%) CN:8 DL:1.6MiB ETA:35m32s]
[#9f16c5 272MiB/3.7GiB(7%) CN:8 DL:1.7MiB ETA:34m35s]
[#9f16c5 273MiB/3.7GiB(7%) CN:8 DL:1.6MiB ETA:34m40s]
[#9f16c5 275MiB/3.7GiB(7%) CN:8 DL:1.7MiB ETA:34m36s]
[#9f16c5 277MiB/3.7GiB(7%) CN:8 DL:1.7MiB ETA:34m1s]
[#9f16c5 278MiB/3.7GiB(7%) CN:8 DL:1.7MiB ETA:34m7s]
[#9f16c5 280MiB/3.7GiB(7%) CN:8 DL:1.6MiB ETA:34m51s]
[#9f16c5 281MiB/3.7GiB(7%) CN:8 DL:1.6MiB ETA:35m21s]
[#9f16c5 283MiB/3.7GiB(7%) CN:8 DL:1.6MiB ETA:34m49s]
[#9f16c5 285MiB/3.7GiB(7%) CN:8 DL:1.6MiB ETA:34m48s]
[#9f16c5 287MiB/3.7GiB(7%) CN:8 DL:1.7MiB ETA:34m28s]
[#9f16c5 288MiB/3.7GiB(7%) CN:8 DL:1.6MiB ETA:34m40s]
[#9f16c5 290MiB/3.7GiB(7%) CN:8 DL:1.6MiB ETA:34m35s]
[#9f16c5 292MiB/3.7GiB(7%) CN:8 DL:1.6MiB ETA:34m42s]
[#9f16c5 293MiB/3.7GiB(7%) CN:8 DL:1.6MiB ETA:34m51s]
[#9f16c5 295MiB/3.7GiB(7%) CN:8 DL:1.6MiB ETA:34m27s]
[#9f16c5 297MiB/3.7GiB(7%) CN:8 DL:1.7MiB ETA:34m11s]
[#9f16c5 299MiB/3.7GiB(7%) CN:8 DL:1.6MiB ETA:34m25s]
[#9f16c5 300MiB/3.7GiB(7%) CN:8 DL:1.6MiB ETA:34m52s]
[#9f16c5 302MiB/3.7GiB(7%) CN:8 DL:1.6MiB ETA:34m48s]
[#9f16c5 304MiB/3.7GiB(7%) CN:8 DL:1.6MiB ETA:34m21s]
[#9f16c5 306MiB/3.7GiB(8%) CN:8 DL:1.7MiB ETA:34m17s]
[#9f16c5 308MiB/3.7GiB(8%) CN:8 DL:1.7MiB ETA:34m5s]
[#9f16c5 309MiB/3.7GiB(8%) CN:8 DL:1.7MiB ETA:33m49s]
[#9f16c5 311MiB/3.7GiB(8%) CN:8 DL:1.7MiB ETA:34m14s]
[#9f16c5 313MiB/3.7GiB(8%) CN:8 DL:1.7MiB ETA:34m14s]
[#9f16c5 315MiB/3.7GiB(8%) CN:8 DL:1.6MiB ETA:34m26s]
[#9f16c5 317MiB/3.7GiB(8%) CN:8 DL:1.6MiB ETA:34m31s]
 *** Download Progress Summary as of Sun Oct  4 11:15:34 2026 *** 
===============================================================================
[#9f16c5 318MiB/3.7GiB(8%) CN:8 DL:1.6MiB ETA:34m30s]
FILE: /mnt/mydata/wja/reasoning-diff/assets/models/Qwen3-8B/model-00002-of-00005.safetensors
-------------------------------------------------------------------------------

[#c81886 437MiB/3.6GiB(11%) CN:8 DL:2.8MiB ETA:19m15s]
[#c81886 440MiB/3.6GiB(11%) CN:8 DL:2.9MiB ETA:19m8s]
[#c81886 443MiB/3.6GiB(11%) CN:8 DL:2.9MiB ETA:19m1s]
[#c81886 445MiB/3.6GiB(11%) CN:8 DL:2.8MiB ETA:19m13s]
[#c81886 448MiB/3.6GiB(11%) CN:8 DL:2.8MiB ETA:19m17s]
[#c81886 451MiB/3.6GiB(11%) CN:8 DL:2.8MiB ETA:19m14s]
[#c81886 454MiB/3.6GiB(12%) CN:8 DL:2.9MiB ETA:19m3s]
[#c81886 457MiB/3.6GiB(12%) CN:8 DL:2.9MiB ETA:18m57s]
[#c81886 461MiB/3.6GiB(12%) CN:8 DL:2.9MiB ETA:19m1s]
[#c81886 464MiB/3.6GiB(12%) CN:8 DL:2.8MiB ETA:19m2s]
[#c81886 466MiB/3.6GiB(12%) CN:8 DL:2.8MiB ETA:19m2s]
[#c81886 469MiB/3.6GiB(12%) CN:8 DL:2.8MiB ETA:19m9s]
[#c81886 472MiB/3.6GiB(12%) CN:8 DL:2.8MiB ETA:19m17s]
[#c81886 475MiB/3.6GiB(12%) CN:8 DL:2.8MiB ETA:19m13s]
[#c81886 477MiB/3.6GiB(12%) CN:8 DL:2.8MiB ETA:19m20s]
[#c81886 481MiB/3.6GiB(12%) CN:8 DL:2.8MiB ETA:19m24s]
[#c81886 483MiB/3.6GiB(12%) CN:8 DL:2.8MiB ETA:19m26s]
[#c81886 487MiB/3.6GiB(12%) CN:8 DL:2.8MiB ETA:19m24s]
[#c81886 490MiB/3.6GiB(12%) CN:8 DL:2.8MiB ETA:19m30s]
[#c81886 493MiB/3.6GiB(13%) CN:8 DL:2.8MiB ETA:19m18s]
[#c81886 496MiB/3.6GiB(13%) CN:8 DL:2.8MiB ETA:19m9s]
[#c81886 498MiB/3.6GiB(13%) CN:8 DL:2.8MiB ETA:19m8s]
[#c81886 501MiB/3.6GiB(13%) CN:8 DL:2.8MiB ETA:19m8s]
[#c81886 504MiB/3.6GiB(13%) CN:8 DL:2.8MiB ETA:19m3s]
[#c81886 507MiB/3.6GiB(13%) CN:8 DL:2.8MiB ETA:19m]
[#c81886 510MiB/3.6GiB(13%) CN:8 DL:2.8MiB ETA:18m55s]
[#c81886 513MiB/3.6GiB(13%) CN:8 DL:2.8MiB ETA:18m52s]
[#c81886 516MiB/3.6GiB(13%) CN:8 DL:2.8MiB ETA:18m52s]
[#c81886 520MiB/3.6GiB(13%) CN:8 DL:2.8MiB ETA:19m]
[#c81886 523MiB/3.6GiB(13%) CN:8 DL:2.8MiB ETA:19m3s]
 *** Download Progress Summary as of Sun Oct  4 11:15:35 2026 *** 
===============================================================================
[#c81886 526MiB/3.6GiB(13%) CN:8 DL:2.8MiB ETA:18m51s]
FILE: /mnt/mydata/wja/reasoning-diff/assets/models/Qwen3-8B/model-00003-of-00005.safetensors
-------------------------------------------------------------------------------

[#846b82 436MiB/2.9GiB(14%) CN:8 DL:2.7MiB ETA:15m43s]
[#846b82 438MiB/2.9GiB(14%) CN:8 DL:2.7MiB ETA:15m49s]
[#846b82 441MiB/2.9GiB(14%) CN:8 DL:2.7MiB ETA:15m47s]
[#846b82 444MiB/2.9GiB(14%) CN:8 DL:2.7MiB ETA:15m34s]
[#846b82 447MiB/2.9GiB(14%) CN:8 DL:2.7MiB ETA:15m31s]
[#846b82 450MiB/2.9GiB(14%) CN:8 DL:2.8MiB ETA:15m19s]
[#846b82 453MiB/2.9GiB(14%) CN:8 DL:2.8MiB ETA:15m20s]
[#846b82 456MiB/2.9GiB(15%) CN:8 DL:2.8MiB ETA:15m14s]
[#846b82 459MiB/2.9GiB(15%) CN:8 DL:2.8MiB ETA:15m10s]
[#846b82 463MiB/2.9GiB(15%) CN:8 DL:2.8MiB ETA:14m59s]
[#846b82 466MiB/2.9GiB(15%) CN:8 DL:2.9MiB ETA:14m45s]
[#846b82 469MiB/2.9GiB(15%) CN:8 DL:2.9MiB ETA:14m44s]
[#846b82 471MiB/2.9GiB(15%) CN:8 DL:2.8MiB ETA:14m46s]
[#846b82 474MiB/2.9GiB(15%) CN:8 DL:2.8MiB ETA:15m]
[#846b82 477MiB/2.9GiB(15%) CN:8 DL:2.8MiB ETA:14m59s]
[#846b82 480MiB/2.9GiB(15%) CN:8 DL:2.8MiB ETA:15m7s]
[#846b82 483MiB/2.9GiB(15%) CN:8 DL:2.8MiB ETA:15m9s]
[#846b82 486MiB/2.9GiB(15%) CN:8 DL:2.8MiB ETA:15m5s]
[#846b82 489MiB/2.9GiB(16%) CN:8 DL:2.8MiB ETA:14m59s]
[#846b82 491MiB/2.9GiB(16%) CN:8 DL:2.8MiB ETA:15m1s]
[#846b82 494MiB/2.9GiB(16%) CN:8 DL:2.7MiB ETA:15m12s]
[#846b82 497MiB/2.9GiB(16%) CN:8 DL:2.7MiB ETA:15m12s]
[#846b82 500MiB/2.9GiB(16%) CN:8 DL:2.7MiB ETA:15m15s]
[#846b82 502MiB/2.9GiB(16%) CN:8 DL:2.7MiB ETA:15m10s]
[#846b82 505MiB/2.9GiB(16%) CN:8 DL:2.8MiB ETA:14m56s]
[#846b82 508MiB/2.9GiB(16%) CN:8 DL:2.8MiB ETA:14m49s]
[#846b82 511MiB/2.9GiB(16%) CN:8 DL:2.8MiB ETA:14m54s]
[#846b82 513MiB/2.9GiB(16%) CN:8 DL:2.7MiB ETA:15m4s]
[#846b82 516MiB/2.9GiB(16%) CN:8 DL:2.7MiB ETA:15m13s]
[#846b82 519MiB/2.9GiB(17%) CN:8 DL:2.7MiB ETA:15m14s]
 *** Download Progress Summary as of Sun Oct  4 11:15:43 2026 *** 
===============================================================================
[#846b82 522MiB/2.9GiB(17%) CN:8 DL:2.7MiB ETA:15m22s]
FILE: /mnt/mydata/wja/reasoning-diff/assets/models/Qwen3-8B/model-00004-of-00005.safetensors
-------------------------------------------------------------------------------

[#8a3441 551MiB/3.7GiB(14%) CN:8 DL:3.0MiB ETA:17m57s]
[#8a3441 554MiB/3.7GiB(14%) CN:8 DL:3.0MiB ETA:18m]
[#8a3441 557MiB/3.7GiB(14%) CN:8 DL:3.0MiB ETA:17m54s]
[#8a3441 560MiB/3.7GiB(14%) CN:8 DL:3.0MiB ETA:18m3s]
[#8a3441 563MiB/3.7GiB(14%) CN:8 DL:2.9MiB ETA:18m3s]
[#8a3441 566MiB/3.7GiB(14%) CN:8 DL:3.0MiB ETA:17m53s]
[#8a3441 569MiB/3.7GiB(14%) CN:8 DL:3.0MiB ETA:17m56s]
[#8a3441 572MiB/3.7GiB(15%) CN:8 DL:3.0MiB ETA:17m36s]
[#8a3441 575MiB/3.7GiB(15%) CN:8 DL:3.0MiB ETA:17m54s]
[#8a3441 578MiB/3.7GiB(15%) CN:8 DL:2.9MiB ETA:18m1s]
[#8a3441 581MiB/3.7GiB(15%) CN:8 DL:2.9MiB ETA:18m15s]
[#8a3441 584MiB/3.7GiB(15%) CN:8 DL:2.9MiB ETA:18m19s]
[#8a3441 587MiB/3.7GiB(15%) CN:8 DL:2.9MiB ETA:18m23s]
[#8a3441 590MiB/3.7GiB(15%) CN:8 DL:3.0MiB ETA:17m52s]
[#8a3441 593MiB/3.7GiB(15%) CN:8 DL:3.0MiB ETA:17m45s]
[#8a3441 596MiB/3.7GiB(15%) CN:8 DL:3.0MiB ETA:17m46s]
[#8a3441 599MiB/3.7GiB(15%) CN:8 DL:2.9MiB ETA:18m9s]
[#8a3441 602MiB/3.7GiB(15%) CN:8 DL:2.9MiB ETA:18m]
[#8a3441 606MiB/3.7GiB(15%) CN:8 DL:2.9MiB ETA:17m54s]
[#8a3441 609MiB/3.7GiB(15%) CN:8 DL:3.0MiB ETA:17m27s]
[#8a3441 612MiB/3.7GiB(16%) CN:8 DL:3.0MiB ETA:17m16s]
[#8a3441 615MiB/3.7GiB(16%) CN:8 DL:3.1MiB ETA:17m10s]
[#8a3441 618MiB/3.7GiB(16%) CN:8 DL:3.0MiB ETA:17m18s]
[#8a3441 621MiB/3.7GiB(16%) CN:8 DL:3.0MiB ETA:17m19s]
[#8a3441 624MiB/3.7GiB(16%) CN:8 DL:3.0MiB ETA:17m32s]
[#8a3441 627MiB/3.7GiB(16%) CN:8 DL:2.9MiB ETA:17m42s]
[#8a3441 630MiB/3.7GiB(16%) CN:8 DL:2.9MiB ETA:17m43s]
[#8a3441 633MiB/3.7GiB(16%) CN:8 DL:2.9MiB ETA:17m44s]
[#8a3441 636MiB/3.7GiB(16%) CN:8 DL:3.0MiB ETA:17m32s]
[#8a3441 639MiB/3.7GiB(16%) CN:8 DL:2.9MiB ETA:17m40s]
 *** Download Progress Summary as of Sun Oct  4 11:16:02 2026 *** 
===============================================================================
[#8a3441 642MiB/3.7GiB(16%) CN:8 DL:2.9MiB ETA:17m51s]
FILE: /mnt/mydata/wja/reasoning-diff/assets/models/Qwen3-8B/model-00001-of-00005.safetensors
-------------------------------------------------------------------------------

[#9f16c5 318MiB/3.7GiB(8%) CN:8 DL:1.6MiB ETA:34m30s]
[#9f16c5 320MiB/3.7GiB(8%) CN:8 DL:1.6MiB ETA:34m31s]
[#9f16c5 322MiB/3.7GiB(8%) CN:8 DL:1.6MiB ETA:34m31s]
[#9f16c5 324MiB/3.7GiB(8%) CN:8 DL:1.6MiB ETA:34m44s]
[#9f16c5 325MiB/3.7GiB(8%) CN:8 DL:1.6MiB ETA:34m28s]
[#9f16c5 327MiB/3.7GiB(8%) CN:8 DL:1.7MiB ETA:33m32s]
[#9f16c5 329MiB/3.7GiB(8%) CN:8 DL:1.7MiB ETA:33m59s]
[#9f16c5 331MiB/3.7GiB(8%) CN:8 DL:1.7MiB ETA:34m1s]
[#9f16c5 332MiB/3.7GiB(8%) CN:8 DL:1.6MiB ETA:34m9s]
[#9f16c5 334MiB/3.7GiB(8%) CN:8 DL:1.6MiB ETA:34m7s]
[#9f16c5 336MiB/3.7GiB(8%) CN:8 DL:1.6MiB ETA:34m11s]
[#9f16c5 338MiB/3.7GiB(8%) CN:8 DL:1.7MiB ETA:33m29s]
[#9f16c5 339MiB/3.7GiB(8%) CN:8 DL:1.7MiB ETA:33m25s]
[#9f16c5 341MiB/3.7GiB(8%) CN:8 DL:1.7MiB ETA:33m33s]
[#9f16c5 343MiB/3.7GiB(9%) CN:8 DL:1.6MiB ETA:34m16s]
[#9f16c5 344MiB/3.7GiB(9%) CN:8 DL:1.6MiB ETA:34m43s]
[#9f16c5 346MiB/3.7GiB(9%) CN:8 DL:1.6MiB ETA:34m32s]
[#9f16c5 348MiB/3.7GiB(9%) CN:8 DL:1.6MiB ETA:33m59s]
[#9f16c5 350MiB/3.7GiB(9%) CN:8 DL:1.6MiB ETA:34m26s]
[#9f16c5 352MiB/3.7GiB(9%) CN:8 DL:1.7MiB ETA:33m18s]
[#9f16c5 353MiB/3.7GiB(9%) CN:8 DL:1.6MiB ETA:34m17s]
[#9f16c5 355MiB/3.7GiB(9%) CN:8 DL:1.6MiB ETA:33m53s]
[#9f16c5 357MiB/3.7GiB(9%) CN:8 DL:1.6MiB ETA:33m56s]
[#9f16c5 358MiB/3.7GiB(9%) CN:8 DL:1.6MiB ETA:33m59s]
[#9f16c5 360MiB/3.7GiB(9%) CN:8 DL:1.7MiB ETA:33m28s]
[#9f16c5 362MiB/3.7GiB(9%) CN:8 DL:1.7MiB ETA:33m17s]
[#9f16c5 363MiB/3.7GiB(9%) CN:8 DL:1.6MiB ETA:34m2s]
[#9f16c5 365MiB/3.7GiB(9%) CN:8 DL:1.6MiB ETA:34m12s]
[#9f16c5 367MiB/3.7GiB(9%) CN:8 DL:1.6MiB ETA:34m48s]
[#9f16c5 368MiB/3.7GiB(9%) CN:8 DL:1.6MiB ETA:34m19s]
 *** Download Progress Summary as of Sun Oct  4 11:16:05 2026 *** 
===============================================================================
[#9f16c5 370MiB/3.7GiB(9%) CN:8 DL:1.6MiB ETA:34m47s]
FILE: /mnt/mydata/wja/reasoning-diff/assets/models/Qwen3-8B/model-00002-of-00005.safetensors
-------------------------------------------------------------------------------

[#c81886 526MiB/3.6GiB(13%) CN:8 DL:2.8MiB ETA:18m51s]
[#c81886 529MiB/3.6GiB(14%) CN:8 DL:2.8MiB ETA:18m40s]
[#c81886 532MiB/3.6GiB(14%) CN:8 DL:2.9MiB ETA:18m29s]
[#c81886 535MiB/3.6GiB(14%) CN:8 DL:2.9MiB ETA:18m24s]
[#c81886 538MiB/3.6GiB(14%) CN:8 DL:2.9MiB ETA:18m9s]
[#c81886 541MiB/3.6GiB(14%) CN:8 DL:2.9MiB ETA:18m6s]
[#c81886 544MiB/3.6GiB(14%) CN:8 DL:2.9MiB ETA:17m59s]
[#c81886 547MiB/3.6GiB(14%) CN:8 DL:2.9MiB ETA:18m3s]
[#c81886 550MiB/3.6GiB(14%) CN:8 DL:2.9MiB ETA:17m59s]
[#c81886 553MiB/3.6GiB(14%) CN:8 DL:2.9MiB ETA:18m3s]
[#c81886 556MiB/3.6GiB(14%) CN:8 DL:3.0MiB ETA:17m51s]
[#c81886 559MiB/3.6GiB(14%) CN:8 DL:2.9MiB ETA:17m56s]
[#c81886 562MiB/3.6GiB(14%) CN:8 DL:2.9MiB ETA:18m1s]
[#c81886 565MiB/3.6GiB(14%) CN:8 DL:2.9MiB ETA:18m22s]
[#c81886 568MiB/3.6GiB(15%) CN:8 DL:2.9MiB ETA:18m23s]
[#c81886 571MiB/3.6GiB(15%) CN:8 DL:2.9MiB ETA:18m24s]
[#c81886 574MiB/3.6GiB(15%) CN:8 DL:2.9MiB ETA:18m3s]
[#c81886 577MiB/3.6GiB(15%) CN:8 DL:2.9MiB ETA:18m5s]
[#c81886 580MiB/3.6GiB(15%) CN:8 DL:2.9MiB ETA:18m2s]
[#c81886 582MiB/3.6GiB(15%) CN:8 DL:2.9MiB ETA:18m11s]
[#c81886 585MiB/3.6GiB(15%) CN:8 DL:2.9MiB ETA:18m9s]
[#c81886 589MiB/3.6GiB(15%) CN:8 DL:2.9MiB ETA:18m3s]
[#c81886 592MiB/3.6GiB(15%) CN:8 DL:2.9MiB ETA:17m59s]
[#c81886 595MiB/3.6GiB(15%) CN:8 DL:2.9MiB ETA:17m55s]
[#c81886 598MiB/3.6GiB(15%) CN:8 DL:2.9MiB ETA:17m52s]
[#c81886 601MiB/3.6GiB(15%) CN:8 DL:2.9MiB ETA:17m47s]
[#c81886 604MiB/3.6GiB(16%) CN:8 DL:2.9MiB ETA:17m50s]
[#c81886 607MiB/3.6GiB(16%) CN:8 DL:2.9MiB ETA:18m]
[#c81886 609MiB/3.6GiB(16%) CN:8 DL:2.9MiB ETA:18m9s]
[#c81886 612MiB/3.6GiB(16%) CN:8 DL:2.9MiB ETA:18m9s]
 *** Download Progress Summary as of Sun Oct  4 11:16:05 2026 *** 
===============================================================================
[#c81886 616MiB/3.6GiB(16%) CN:8 DL:2.9MiB ETA:18m8s]
FILE: /mnt/mydata/wja/reasoning-diff/assets/models/Qwen3-8B/model-00003-of-00005.safetensors
-------------------------------------------------------------------------------

[#846b82 522MiB/2.9GiB(17%) CN:8 DL:2.7MiB ETA:15m22s]
[#846b82 525MiB/2.9GiB(17%) CN:8 DL:2.7MiB ETA:15m22s]
[#846b82 528MiB/2.9GiB(17%) CN:8 DL:2.7MiB ETA:15m9s]
[#846b82 530MiB/2.9GiB(17%) CN:8 DL:2.7MiB ETA:15m7s]
[#846b82 533MiB/2.9GiB(17%) CN:8 DL:2.7MiB ETA:15m11s]
[#846b82 536MiB/2.9GiB(17%) CN:8 DL:2.6MiB ETA:15m29s]
[#846b82 538MiB/2.9GiB(17%) CN:8 DL:2.6MiB ETA:15m34s]
[#846b82 541MiB/2.9GiB(17%) CN:8 DL:2.7MiB ETA:15m23s]
[#846b82 544MiB/2.9GiB(17%) CN:8 DL:2.7MiB ETA:15m14s]
[#846b82 547MiB/2.9GiB(17%) CN:8 DL:2.7MiB ETA:15m16s]
[#846b82 549MiB/2.9GiB(18%) CN:8 DL:2.7MiB ETA:15m7s]
[#846b82 552MiB/2.9GiB(18%) CN:8 DL:2.7MiB ETA:15m5s]
[#846b82 555MiB/2.9GiB(18%) CN:8 DL:2.7MiB ETA:14m57s]
[#846b82 558MiB/2.9GiB(18%) CN:8 DL:2.7MiB ETA:14m57s]
[#846b82 561MiB/2.9GiB(18%) CN:8 DL:2.7MiB ETA:14m52s]
[#846b82 564MiB/2.9GiB(18%) CN:8 DL:2.7MiB ETA:14m48s]
[#846b82 567MiB/2.9GiB(18%) CN:8 DL:2.8MiB ETA:14m28s]
[#846b82 570MiB/2.9GiB(18%) CN:8 DL:2.8MiB ETA:14m26s]
[#846b82 573MiB/2.9GiB(18%) CN:8 DL:2.8MiB ETA:14m24s]
[#846b82 576MiB/2.9GiB(18%) CN:8 DL:2.8MiB ETA:14m33s]
[#846b82 579MiB/2.9GiB(19%) CN:8 DL:2.8MiB ETA:14m34s]
[#846b82 582MiB/2.9GiB(19%) CN:8 DL:2.8MiB ETA:14m33s]
[#846b82 585MiB/2.9GiB(19%) CN:8 DL:2.8MiB ETA:14m26s]
[#846b82 588MiB/2.9GiB(19%) CN:8 DL:2.8MiB ETA:14m10s]
[#846b82 591MiB/2.9GiB(19%) CN:8 DL:2.8MiB ETA:14m6s]
[#846b82 594MiB/2.9GiB(19%) CN:8 DL:2.8MiB ETA:14m11s]
[#846b82 597MiB/2.9GiB(19%) CN:8 DL:2.8MiB ETA:14m11s]
[#846b82 600MiB/2.9GiB(19%) CN:8 DL:2.8MiB ETA:14m1s]
[#846b82 603MiB/2.9GiB(19%) CN:8 DL:2.8MiB ETA:14m2s]
[#846b82 606MiB/2.9GiB(19%) CN:8 DL:2.8MiB ETA:14m1s]
 *** Download Progress Summary as of Sun Oct  4 11:16:14 2026 *** 
===============================================================================
[#846b82 609MiB/2.9GiB(20%) CN:8 DL:2.8MiB ETA:14m2s]
FILE: /mnt/mydata/wja/reasoning-diff/assets/models/Qwen3-8B/model-00004-of-00005.safetensors
-------------------------------------------------------------------------------

[#8a3441 642MiB/3.7GiB(16%) CN:8 DL:2.9MiB ETA:17m51s]
[#8a3441 645MiB/3.7GiB(16%) CN:8 DL:2.9MiB ETA:18m10s]
[#8a3441 648MiB/3.7GiB(17%) CN:8 DL:2.8MiB ETA:18m12s]
[#8a3441 651MiB/3.7GiB(17%) CN:8 DL:2.8MiB ETA:18m15s]
[#8a3441 654MiB/3.7GiB(17%) CN:8 DL:2.8MiB ETA:18m15s]
[#8a3441 657MiB/3.7GiB(17%) CN:8 DL:2.9MiB ETA:18m5s]
[#8a3441 660MiB/3.7GiB(17%) CN:8 DL:2.9MiB ETA:18m4s]
[#8a3441 663MiB/3.7GiB(17%) CN:8 DL:2.8MiB ETA:18m28s]
[#8a3441 666MiB/3.7GiB(17%) CN:8 DL:2.8MiB ETA:18m18s]
[#8a3441 669MiB/3.7GiB(17%) CN:8 DL:2.8MiB ETA:18m4s]
[#8a3441 672MiB/3.7GiB(17%) CN:8 DL:2.8MiB ETA:18m10s]
[#8a3441 675MiB/3.7GiB(17%) CN:8 DL:2.8MiB ETA:18m8s]
[#8a3441 678MiB/3.7GiB(17%) CN:8 DL:2.8MiB ETA:18m4s]
[#8a3441 681MiB/3.7GiB(17%) CN:8 DL:2.8MiB ETA:18m4s]
[#8a3441 684MiB/3.7GiB(17%) CN:8 DL:2.8MiB ETA:18m]
[#8a3441 687MiB/3.7GiB(18%) CN:8 DL:2.8MiB ETA:18m7s]
[#8a3441 690MiB/3.7GiB(18%) CN:8 DL:2.8MiB ETA:18m4s]
[#8a3441 693MiB/3.7GiB(18%) CN:8 DL:2.8MiB ETA:18m2s]
[#8a3441 696MiB/3.7GiB(18%) CN:8 DL:2.8MiB ETA:17m59s]
[#8a3441 699MiB/3.7GiB(18%) CN:8 DL:2.8MiB ETA:17m53s]
[#8a3441 702MiB/3.7GiB(18%) CN:8 DL:2.8MiB ETA:17m56s]
[#8a3441 706MiB/3.7GiB(18%) CN:8 DL:2.9MiB ETA:17m47s]
[#8a3441 709MiB/3.7GiB(18%) CN:8 DL:2.9MiB ETA:17m37s]
[#8a3441 712MiB/3.7GiB(18%) CN:8 DL:2.9MiB ETA:17m31s]
[#8a3441 715MiB/3.7GiB(18%) CN:8 DL:2.9MiB ETA:17m22s]
[#8a3441 719MiB/3.7GiB(18%) CN:8 DL:2.9MiB ETA:17m14s]
[#8a3441 722MiB/3.7GiB(18%) CN:8 DL:3.0MiB ETA:17m9s]
[#8a3441 725MiB/3.7GiB(19%) CN:8 DL:3.0MiB ETA:17m7s]
[#8a3441 728MiB/3.7GiB(19%) CN:8 DL:3.0MiB ETA:17m1s]
 *** Download Progress Summary as of Sun Oct  4 11:16:33 2026 *** 
===============================================================================
[#8a3441 731MiB/3.7GiB(19%) CN:8 DL:3.0MiB ETA:17m5s]
FILE: /mnt/mydata/wja/reasoning-diff/assets/models/Qwen3-8B/model-00001-of-00005.safetensors
-------------------------------------------------------------------------------

[#9f16c5 370MiB/3.7GiB(9%) CN:8 DL:1.6MiB ETA:34m47s]
[#9f16c5 372MiB/3.7GiB(9%) CN:8 DL:1.6MiB ETA:34m52s]
[#9f16c5 373MiB/3.7GiB(9%) CN:8 DL:1.6MiB ETA:34m47s]
[#9f16c5 375MiB/3.7GiB(9%) CN:8 DL:1.6MiB ETA:35m3s]
[#9f16c5 377MiB/3.7GiB(9%) CN:8 DL:1.6MiB ETA:34m58s]
[#9f16c5 379MiB/3.7GiB(9%) CN:8 DL:1.6MiB ETA:35m36s]
[#9f16c5 381MiB/3.7GiB(10%) CN:8 DL:1.6MiB ETA:34m56s]
[#9f16c5 382MiB/3.7GiB(10%) CN:8 DL:1.6MiB ETA:34m56s]
[#9f16c5 384MiB/3.7GiB(10%) CN:8 DL:1.6MiB ETA:34m35s]
[#9f16c5 386MiB/3.7GiB(10%) CN:8 DL:1.6MiB ETA:34m30s]
[#9f16c5 387MiB/3.7GiB(10%) CN:8 DL:1.6MiB ETA:33m51s]
[#9f16c5 389MiB/3.7GiB(10%) CN:8 DL:1.6MiB ETA:33m50s]
[#9f16c5 390MiB/3.7GiB(10%) CN:8 DL:1.6MiB ETA:34m18s]
[#9f16c5 392MiB/3.7GiB(10%) CN:8 DL:1.6MiB ETA:34m10s]
[#9f16c5 394MiB/3.7GiB(10%) CN:8 DL:1.6MiB ETA:34m2s]
[#9f16c5 396MiB/3.7GiB(10%) CN:8 DL:1.6MiB ETA:33m43s]
[#9f16c5 398MiB/3.7GiB(10%) CN:8 DL:1.6MiB ETA:33m51s]
[#9f16c5 399MiB/3.7GiB(10%) CN:8 DL:1.6MiB ETA:33m38s]
[#9f16c5 401MiB/3.7GiB(10%) CN:8 DL:1.7MiB ETA:33m22s]
[#9f16c5 403MiB/3.7GiB(10%) CN:8 DL:1.6MiB ETA:33m25s]
[#9f16c5 405MiB/3.7GiB(10%) CN:8 DL:1.7MiB ETA:32m51s]
[#9f16c5 407MiB/3.7GiB(10%) CN:8 DL:1.7MiB ETA:32m42s]
[#9f16c5 408MiB/3.7GiB(10%) CN:8 DL:1.7MiB ETA:32m30s]
[#9f16c5 410MiB/3.7GiB(10%) CN:8 DL:1.7MiB ETA:32m41s]
[#9f16c5 412MiB/3.7GiB(10%) CN:8 DL:1.7MiB ETA:32m34s]
[#9f16c5 413MiB/3.7GiB(10%) CN:8 DL:1.7MiB ETA:32m28s]
[#9f16c5 415MiB/3.7GiB(10%) CN:8 DL:1.7MiB ETA:32m35s]
[#9f16c5 417MiB/3.7GiB(10%) CN:8 DL:1.7MiB ETA:33m2s]
[#9f16c5 418MiB/3.7GiB(10%) CN:8 DL:1.7MiB ETA:32m50s]
[#9f16c5 420MiB/3.7GiB(11%) CN:8 DL:1.7MiB ETA:32m51s]
 *** Download Progress Summary as of Sun Oct  4 11:16:35 2026 *** 
===============================================================================
[#9f16c5 422MiB/3.7GiB(11%) CN:8 DL:1.7MiB ETA:32m38s]
FILE: /mnt/mydata/wja/reasoning-diff/assets/models/Qwen3-8B/model-00002-of-00005.safetensors
-------------------------------------------------------------------------------

[#c81886 616MiB/3.6GiB(16%) CN:8 DL:2.9MiB ETA:18m8s]
[#c81886 619MiB/3.6GiB(16%) CN:8 DL:2.8MiB ETA:18m9s]
[#c81886 622MiB/3.6GiB(16%) CN:8 DL:2.8MiB ETA:18m15s]
[#c81886 625MiB/3.6GiB(16%) CN:8 DL:2.8MiB ETA:18m18s]
[#c81886 628MiB/3.6GiB(16%) CN:8 DL:2.8MiB ETA:18m25s]
[#c81886 631MiB/3.6GiB(16%) CN:8 DL:2.8MiB ETA:18m15s]
[#c81886 634MiB/3.6GiB(16%) CN:8 DL:2.9MiB ETA:17m56s]
[#c81886 637MiB/3.6GiB(16%) CN:8 DL:2.9MiB ETA:17m47s]
[#c81886 640MiB/3.6GiB(16%) CN:8 DL:2.9MiB ETA:17m36s]
[#c81886 643MiB/3.6GiB(17%) CN:8 DL:2.9MiB ETA:17m33s]
[#c81886 647MiB/3.6GiB(17%) CN:8 DL:2.9MiB ETA:17m27s]
[#c81886 650MiB/3.6GiB(17%) CN:8 DL:3.0MiB ETA:17m21s]
[#c81886 653MiB/3.6GiB(17%) CN:8 DL:3.0MiB ETA:17m7s]
[#c81886 656MiB/3.6GiB(17%) CN:8 DL:3.0MiB ETA:17m4s]
[#c81886 660MiB/3.6GiB(17%) CN:8 DL:3.0MiB ETA:17m4s]
[#c81886 663MiB/3.6GiB(17%) CN:8 DL:3.0MiB ETA:17m7s]
[#c81886 666MiB/3.6GiB(17%) CN:8 DL:3.0MiB ETA:17m2s]
[#c81886 669MiB/3.6GiB(17%) CN:8 DL:3.0MiB ETA:16m56s]
[#c81886 672MiB/3.6GiB(17%) CN:8 DL:3.0MiB ETA:16m56s]
[#c81886 676MiB/3.6GiB(17%) CN:8 DL:3.0MiB ETA:16m55s]
[#c81886 679MiB/3.6GiB(17%) CN:8 DL:3.0MiB ETA:16m54s]
[#c81886 682MiB/3.6GiB(18%) CN:8 DL:3.0MiB ETA:16m52s]
[#c81886 685MiB/3.6GiB(18%) CN:8 DL:3.0MiB ETA:17m3s]
[#c81886 687MiB/3.6GiB(18%) CN:8 DL:2.9MiB ETA:17m11s]
[#c81886 690MiB/3.6GiB(18%) CN:8 DL:2.9MiB ETA:17m17s]
[#c81886 693MiB/3.6GiB(18%) CN:8 DL:2.9MiB ETA:17m25s]
[#c81886 696MiB/3.6GiB(18%) CN:8 DL:2.9MiB ETA:17m30s]
[#c81886 700MiB/3.6GiB(18%) CN:8 DL:2.9MiB ETA:17m32s]
[#c81886 703MiB/3.6GiB(18%) CN:8 DL:2.9MiB ETA:17m37s]
 *** Download Progress Summary as of Sun Oct  4 11:16:36 2026 *** 
===============================================================================
[#c81886 706MiB/3.6GiB(18%) CN:8 DL:2.8MiB ETA:17m40s]
FILE: /mnt/mydata/wja/reasoning-diff/assets/models/Qwen3-8B/model-00003-of-00005.safetensors
-------------------------------------------------------------------------------

[#846b82 609MiB/2.9GiB(20%) CN:8 DL:2.8MiB ETA:14m2s]
[#846b82 612MiB/2.9GiB(20%) CN:8 DL:2.8MiB ETA:14m4s]
[#846b82 615MiB/2.9GiB(20%) CN:8 DL:2.8MiB ETA:14m3s]
[#846b82 618MiB/2.9GiB(20%) CN:8 DL:2.8MiB ETA:14m5s]
[#846b82 621MiB/2.9GiB(20%) CN:8 DL:2.8MiB ETA:14m9s]
[#846b82 624MiB/2.9GiB(20%) CN:8 DL:2.8MiB ETA:14m8s]
[#846b82 627MiB/2.9GiB(20%) CN:8 DL:2.8MiB ETA:14m7s]
[#846b82 630MiB/2.9GiB(20%) CN:8 DL:2.8MiB ETA:14m15s]
[#846b82 632MiB/2.9GiB(20%) CN:8 DL:2.7MiB ETA:14m23s]
[#846b82 635MiB/2.9GiB(20%) CN:8 DL:2.7MiB ETA:14m23s]
[#846b82 638MiB/2.9GiB(21%) CN:8 DL:2.7MiB ETA:14m28s]
[#846b82 641MiB/2.9GiB(21%) CN:8 DL:2.7MiB ETA:14m25s]
[#846b82 644MiB/2.9GiB(21%) CN:8 DL:2.7MiB ETA:14m25s]
[#846b82 646MiB/2.9GiB(21%) CN:8 DL:2.7MiB ETA:14m28s]
[#846b82 649MiB/2.9GiB(21%) CN:8 DL:2.7MiB ETA:14m34s]
[#846b82 652MiB/2.9GiB(21%) CN:8 DL:2.7MiB ETA:14m34s]
[#846b82 655MiB/2.9GiB(21%) CN:8 DL:2.7MiB ETA:14m32s]
[#846b82 658MiB/2.9GiB(21%) CN:8 DL:2.7MiB ETA:14m11s]
[#846b82 661MiB/2.9GiB(21%) CN:8 DL:2.8MiB ETA:14m4s]
[#846b82 664MiB/2.9GiB(21%) CN:8 DL:2.8MiB ETA:14m]
[#846b82 667MiB/2.9GiB(21%) CN:8 DL:2.8MiB ETA:13m45s]
[#846b82 670MiB/2.9GiB(22%) CN:8 DL:2.8MiB ETA:13m37s]
[#846b82 673MiB/2.9GiB(22%) CN:8 DL:2.9MiB ETA:13m33s]
[#846b82 676MiB/2.9GiB(22%) CN:8 DL:2.8MiB ETA:13m35s]
[#846b82 679MiB/2.9GiB(22%) CN:8 DL:2.8MiB ETA:13m40s]
[#846b82 682MiB/2.9GiB(22%) CN:8 DL:2.8MiB ETA:13m50s]
[#846b82 685MiB/2.9GiB(22%) CN:8 DL:2.8MiB ETA:13m45s]
[#846b82 688MiB/2.9GiB(22%) CN:8 DL:2.8MiB ETA:13m39s]
[#846b82 691MiB/2.9GiB(22%) CN:8 DL:2.8MiB ETA:13m31s]
 *** Download Progress Summary as of Sun Oct  4 11:16:44 2026 *** 
===============================================================================
[#846b82 694MiB/2.9GiB(22%) CN:8 DL:2.9MiB ETA:13m28s]
FILE: /mnt/mydata/wja/reasoning-diff/assets/models/Qwen3-8B/model-00004-of-00005.safetensors
-------------------------------------------------------------------------------

[#8a3441 731MiB/3.7GiB(19%) CN:8 DL:3.0MiB ETA:17m5s]
[#8a3441 734MiB/3.7GiB(19%) CN:8 DL:2.9MiB ETA:17m10s]
[#8a3441 738MiB/3.7GiB(19%) CN:8 DL:3.0MiB ETA:17m3s]
[#8a3441 741MiB/3.7GiB(19%) CN:8 DL:2.9MiB ETA:17m3s]
[#8a3441 743MiB/3.7GiB(19%) CN:8 DL:2.9MiB ETA:17m13s]
[#8a3441 746MiB/3.7GiB(19%) CN:8 DL:2.8MiB ETA:17m49s]
[#8a3441 749MiB/3.7GiB(19%) CN:8 DL:2.8MiB ETA:17m57s]
[#8a3441 752MiB/3.7GiB(19%) CN:8 DL:2.8MiB ETA:18m5s]
[#8a3441 755MiB/3.7GiB(19%) CN:8 DL:2.8MiB ETA:18m4s]
[#8a3441 758MiB/3.7GiB(19%) CN:8 DL:2.8MiB ETA:17m57s]
[#8a3441 761MiB/3.7GiB(19%) CN:8 DL:2.8MiB ETA:17m56s]
[#8a3441 764MiB/3.7GiB(20%) CN:8 DL:2.8MiB ETA:18m5s]
[#8a3441 767MiB/3.7GiB(20%) CN:8 DL:2.8MiB ETA:18m5s]
[#8a3441 770MiB/3.7GiB(20%) CN:8 DL:2.8MiB ETA:17m59s]
[#8a3441 773MiB/3.7GiB(20%) CN:8 DL:2.8MiB ETA:17m38s]
[#8a3441 776MiB/3.7GiB(20%) CN:8 DL:2.8MiB ETA:17m36s]
[#8a3441 778MiB/3.7GiB(20%) CN:8 DL:2.8MiB ETA:17m43s]
[#8a3441 781MiB/3.7GiB(20%) CN:8 DL:2.8MiB ETA:17m47s]
[#8a3441 784MiB/3.7GiB(20%) CN:8 DL:2.8MiB ETA:17m50s]
[#8a3441 787MiB/3.7GiB(20%) CN:8 DL:2.8MiB ETA:17m55s]
[#8a3441 790MiB/3.7GiB(20%) CN:8 DL:2.8MiB ETA:17m58s]
[#8a3441 793MiB/3.7GiB(20%) CN:8 DL:2.7MiB ETA:17m59s]
[#8a3441 796MiB/3.7GiB(20%) CN:8 DL:2.7MiB ETA:17m58s]
[#8a3441 799MiB/3.7GiB(20%) CN:8 DL:2.7MiB ETA:18m2s]
[#8a3441 802MiB/3.7GiB(21%) CN:8 DL:2.7MiB ETA:18m1s]
[#8a3441 805MiB/3.7GiB(21%) CN:8 DL:2.7MiB ETA:18m1s]
[#8a3441 808MiB/3.7GiB(21%) CN:8 DL:2.8MiB ETA:17m44s]
[#8a3441 811MiB/3.7GiB(21%) CN:8 DL:2.8MiB ETA:17m40s]
[#8a3441 814MiB/3.7GiB(21%) CN:8 DL:2.8MiB ETA:17m38s]
 *** Download Progress Summary as of Sun Oct  4 11:17:03 2026 *** 
===============================================================================
[#8a3441 817MiB/3.7GiB(21%) CN:8 DL:2.8MiB ETA:17m33s]
FILE: /mnt/mydata/wja/reasoning-diff/assets/models/Qwen3-8B/model-00001-of-00005.safetensors
-------------------------------------------------------------------------------

[#9f16c5 422MiB/3.7GiB(11%) CN:8 DL:1.7MiB ETA:32m38s]
[#9f16c5 424MiB/3.7GiB(11%) CN:8 DL:1.7MiB ETA:32m54s]
[#9f16c5 426MiB/3.7GiB(11%) CN:8 DL:1.6MiB ETA:33m17s]
[#9f16c5 427MiB/3.7GiB(11%) CN:8 DL:1.7MiB ETA:33m]
[#9f16c5 429MiB/3.7GiB(11%) CN:8 DL:1.6MiB ETA:33m34s]
[#9f16c5 431MiB/3.7GiB(11%) CN:8 DL:1.7MiB ETA:32m50s]
[#9f16c5 433MiB/3.7GiB(11%) CN:8 DL:1.7MiB ETA:32m35s]
[#9f16c5 434MiB/3.7GiB(11%) CN:8 DL:1.7MiB ETA:32m29s]
[#9f16c5 436MiB/3.7GiB(11%) CN:8 DL:1.7MiB ETA:33m2s]
[#9f16c5 438MiB/3.7GiB(11%) CN:8 DL:1.6MiB ETA:33m21s]
[#9f16c5 439MiB/3.7GiB(11%) CN:8 DL:1.6MiB ETA:33m13s]
[#9f16c5 441MiB/3.7GiB(11%) CN:8 DL:1.6MiB ETA:33m16s]
[#9f16c5 443MiB/3.7GiB(11%) CN:8 DL:1.6MiB ETA:33m17s]
[#9f16c5 445MiB/3.7GiB(11%) CN:8 DL:1.6MiB ETA:33m3s]
[#9f16c5 447MiB/3.7GiB(11%) CN:8 DL:1.7MiB ETA:32m52s]
[#9f16c5 449MiB/3.7GiB(11%) CN:8 DL:1.7MiB ETA:32m52s]
[#9f16c5 451MiB/3.7GiB(11%) CN:8 DL:1.6MiB ETA:33m15s]
[#9f16c5 452MiB/3.7GiB(11%) CN:8 DL:1.6MiB ETA:33m3s]
[#9f16c5 454MiB/3.7GiB(11%) CN:8 DL:1.6MiB ETA:33m1s]
[#9f16c5 456MiB/3.7GiB(11%) CN:8 DL:1.6MiB ETA:33m11s]
[#9f16c5 458MiB/3.7GiB(12%) CN:8 DL:1.6MiB ETA:32m56s]
[#9f16c5 460MiB/3.7GiB(12%) CN:8 DL:1.7MiB ETA:32m49s]
[#9f16c5 461MiB/3.7GiB(12%) CN:8 DL:1.7MiB ETA:32m33s]
[#9f16c5 463MiB/3.7GiB(12%) CN:8 DL:1.7MiB ETA:32m23s]
[#9f16c5 465MiB/3.7GiB(12%) CN:8 DL:1.7MiB ETA:32m7s]
[#9f16c5 466MiB/3.7GiB(12%) CN:8 DL:1.7MiB ETA:32m32s]
[#9f16c5 468MiB/3.7GiB(12%) CN:8 DL:1.6MiB ETA:32m57s]
[#9f16c5 470MiB/3.7GiB(12%) CN:8 DL:1.6MiB ETA:32m50s]
[#9f16c5 472MiB/3.7GiB(12%) CN:8 DL:1.6MiB ETA:32m45s]
 *** Download Progress Summary as of Sun Oct  4 11:17:06 2026 *** 
===============================================================================
[#9f16c5 474MiB/3.7GiB(12%) CN:8 DL:1.7MiB ETA:32m40s]
FILE: /mnt/mydata/wja/reasoning-diff/assets/models/Qwen3-8B/model-00002-of-00005.safetensors
-------------------------------------------------------------------------------

[#c81886 706MiB/3.6GiB(18%) CN:8 DL:2.8MiB ETA:17m40s]
[#c81886 709MiB/3.6GiB(18%) CN:8 DL:2.8MiB ETA:17m38s]
[#c81886 712MiB/3.6GiB(18%) CN:8 DL:2.8MiB ETA:17m39s]
[#c81886 715MiB/3.6GiB(18%) CN:8 DL:2.8MiB ETA:17m38s]
[#c81886 718MiB/3.6GiB(19%) CN:8 DL:2.8MiB ETA:17m34s]
[#c81886 722MiB/3.6GiB(19%) CN:8 DL:2.9MiB ETA:17m26s]
[#c81886 725MiB/3.6GiB(19%) CN:8 DL:2.9MiB ETA:17m6s]
[#c81886 728MiB/3.6GiB(19%) CN:8 DL:2.9MiB ETA:17m4s]
[#c81886 731MiB/3.6GiB(19%) CN:8 DL:2.9MiB ETA:16m59s]
[#c81886 734MiB/3.6GiB(19%) CN:8 DL:2.9MiB ETA:16m56s]
[#c81886 737MiB/3.6GiB(19%) CN:8 DL:2.9MiB ETA:17m2s]
[#c81886 739MiB/3.6GiB(19%) CN:8 DL:2.9MiB ETA:17m10s]
[#c81886 742MiB/3.6GiB(19%) CN:8 DL:2.9MiB ETA:17m14s]
[#c81886 745MiB/3.6GiB(19%) CN:8 DL:2.9MiB ETA:17m22s]
[#c81886 748MiB/3.6GiB(19%) CN:8 DL:2.9MiB ETA:17m22s]
[#c81886 751MiB/3.6GiB(19%) CN:8 DL:2.9MiB ETA:17m16s]
[#c81886 755MiB/3.6GiB(19%) CN:8 DL:2.9MiB ETA:16m58s]
[#c81886 758MiB/3.6GiB(20%) CN:8 DL:2.9MiB ETA:16m55s]
[#c81886 761MiB/3.6GiB(20%) CN:8 DL:2.9MiB ETA:16m55s]
[#c81886 764MiB/3.6GiB(20%) CN:8 DL:2.9MiB ETA:16m52s]
[#c81886 767MiB/3.6GiB(20%) CN:8 DL:2.9MiB ETA:16m56s]
[#c81886 770MiB/3.6GiB(20%) CN:8 DL:2.9MiB ETA:16m56s]
[#c81886 774MiB/3.6GiB(20%) CN:8 DL:2.9MiB ETA:16m54s]
[#c81886 777MiB/3.6GiB(20%) CN:8 DL:2.9MiB ETA:16m41s]
[#c81886 780MiB/3.6GiB(20%) CN:8 DL:2.9MiB ETA:16m42s]
[#c81886 783MiB/3.6GiB(20%) CN:8 DL:2.9MiB ETA:16m45s]
[#c81886 786MiB/3.6GiB(20%) CN:8 DL:2.9MiB ETA:16m48s]
[#c81886 789MiB/3.6GiB(20%) CN:8 DL:2.9MiB ETA:16m52s]
[#c81886 793MiB/3.6GiB(21%) CN:8 DL:2.9MiB ETA:16m45s]
 *** Download Progress Summary as of Sun Oct  4 11:17:06 2026 *** 
===============================================================================
[#c81886 795MiB/3.6GiB(21%) CN:8 DL:2.9MiB ETA:16m57s]
FILE: /mnt/mydata/wja/reasoning-diff/assets/models/Qwen3-8B/model-00003-of-00005.safetensors
-------------------------------------------------------------------------------

[#846b82 694MiB/2.9GiB(22%) CN:8 DL:2.9MiB ETA:13m28s]
[#846b82 697MiB/2.9GiB(22%) CN:8 DL:2.8MiB ETA:13m41s]
[#846b82 700MiB/2.9GiB(23%) CN:8 DL:2.8MiB ETA:13m32s]
[#846b82 703MiB/2.9GiB(23%) CN:8 DL:2.8MiB ETA:13m29s]
[#846b82 706MiB/2.9GiB(23%) CN:8 DL:2.8MiB ETA:13m35s]
[#846b82 709MiB/2.9GiB(23%) CN:8 DL:2.8MiB ETA:13m35s]
[#846b82 712MiB/2.9GiB(23%) CN:8 DL:2.9MiB ETA:13m20s]
[#846b82 715MiB/2.9GiB(23%) CN:8 DL:2.9MiB ETA:13m18s]
[#846b82 718MiB/2.9GiB(23%) CN:8 DL:2.9MiB ETA:13m18s]
[#846b82 721MiB/2.9GiB(23%) CN:8 DL:2.9MiB ETA:13m16s]
[#846b82 723MiB/2.9GiB(23%) CN:8 DL:2.8MiB ETA:13m20s]
[#846b82 726MiB/2.9GiB(23%) CN:8 DL:2.9MiB ETA:13m12s]
[#846b82 730MiB/2.9GiB(24%) CN:8 DL:2.8MiB ETA:13m21s]
[#846b82 733MiB/2.9GiB(24%) CN:8 DL:2.8MiB ETA:13m17s]
[#846b82 736MiB/2.9GiB(24%) CN:8 DL:2.8MiB ETA:13m16s]
[#846b82 739MiB/2.9GiB(24%) CN:8 DL:2.9MiB ETA:13m7s]
[#846b82 742MiB/2.9GiB(24%) CN:8 DL:2.9MiB ETA:13m7s]
[#846b82 745MiB/2.9GiB(24%) CN:8 DL:2.9MiB ETA:13m4s]
[#846b82 748MiB/2.9GiB(24%) CN:8 DL:2.9MiB ETA:12m55s]
[#846b82 751MiB/2.9GiB(24%) CN:8 DL:2.9MiB ETA:12m52s]
[#846b82 754MiB/2.9GiB(24%) CN:8 DL:2.9MiB ETA:12m51s]
[#846b82 757MiB/2.9GiB(24%) CN:8 DL:2.9MiB ETA:12m57s]
[#846b82 759MiB/2.9GiB(24%) CN:8 DL:2.8MiB ETA:13m10s]
[#846b82 762MiB/2.9GiB(25%) CN:8 DL:2.8MiB ETA:13m12s]
[#846b82 765MiB/2.9GiB(25%) CN:8 DL:2.8MiB ETA:13m10s]
[#846b82 769MiB/2.9GiB(25%) CN:8 DL:2.8MiB ETA:13m3s]
[#846b82 772MiB/2.9GiB(25%) CN:8 DL:2.9MiB ETA:13m]
[#846b82 775MiB/2.9GiB(25%) CN:8 DL:2.8MiB ETA:13m1s]
[#846b82 778MiB/2.9GiB(25%) CN:8 DL:2.8MiB ETA:12m59s]
[#846b82 780MiB/2.9GiB(25%) CN:8 DL:2.8MiB ETA:13m9s]
 *** Download Progress Summary as of Sun Oct  4 11:17:15 2026 *** 
===============================================================================
[#846b82 784MiB/2.9GiB(25%) CN:8 DL:2.8MiB ETA:13m7s]
FILE: /mnt/mydata/wja/reasoning-diff/assets/models/Qwen3-8B/model-00004-of-00005.safetensors
-------------------------------------------------------------------------------

[#8a3441 817MiB/3.7GiB(21%) CN:8 DL:2.8MiB ETA:17m33s]
[#8a3441 821MiB/3.7GiB(21%) CN:8 DL:2.8MiB ETA:17m30s]
[#8a3441 824MiB/3.7GiB(21%) CN:8 DL:2.8MiB ETA:17m30s]
[#8a3441 826MiB/3.7GiB(21%) CN:8 DL:2.8MiB ETA:17m33s]
[#8a3441 830MiB/3.7GiB(21%) CN:8 DL:2.8MiB ETA:17m25s]
[#8a3441 833MiB/3.7GiB(21%) CN:8 DL:2.8MiB ETA:17m22s]
[#8a3441 836MiB/3.7GiB(21%) CN:8 DL:2.8MiB ETA:17m12s]
[#8a3441 839MiB/3.7GiB(22%) CN:8 DL:2.9MiB ETA:17m4s]
[#8a3441 842MiB/3.7GiB(22%) CN:8 DL:2.9MiB ETA:16m59s]
[#8a3441 845MiB/3.7GiB(22%) CN:8 DL:2.9MiB ETA:16m59s]
[#8a3441 848MiB/3.7GiB(22%) CN:8 DL:2.9MiB ETA:16m50s]
[#8a3441 851MiB/3.7GiB(22%) CN:8 DL:2.9MiB ETA:16m46s]
[#8a3441 854MiB/3.7GiB(22%) CN:8 DL:2.9MiB ETA:16m56s]
[#8a3441 857MiB/3.7GiB(22%) CN:8 DL:2.8MiB ETA:16m59s]
[#8a3441 859MiB/3.7GiB(22%) CN:8 DL:2.9MiB ETA:16m57s]
[#8a3441 863MiB/3.7GiB(22%) CN:8 DL:2.9MiB ETA:16m48s]
[#8a3441 865MiB/3.7GiB(22%) CN:8 DL:2.9MiB ETA:16m54s]
[#8a3441 868MiB/3.7GiB(22%) CN:8 DL:2.8MiB ETA:16m56s]
[#8a3441 871MiB/3.7GiB(22%) CN:8 DL:2.8MiB ETA:16m55s]
[#8a3441 875MiB/3.7GiB(22%) CN:8 DL:2.9MiB ETA:16m36s]
[#8a3441 878MiB/3.7GiB(23%) CN:8 DL:2.9MiB ETA:16m38s]
[#8a3441 881MiB/3.7GiB(23%) CN:8 DL:2.9MiB ETA:16m33s]
[#8a3441 883MiB/3.7GiB(23%) CN:8 DL:2.9MiB ETA:16m17s]
[#8a3441 886MiB/3.7GiB(23%) CN:8 DL:2.9MiB ETA:16m20s]
[#8a3441 889MiB/3.7GiB(23%) CN:8 DL:2.9MiB ETA:16m22s]
[#8a3441 892MiB/3.7GiB(23%) CN:8 DL:2.9MiB ETA:16m31s]
[#8a3441 895MiB/3.7GiB(23%) CN:8 DL:2.9MiB ETA:16m24s]
[#8a3441 898MiB/3.7GiB(23%) CN:8 DL:2.9MiB ETA:16m23s]
[#8a3441 901MiB/3.7GiB(23%) CN:8 DL:2.9MiB ETA:16m22s]
[#8a3441 904MiB/3.7GiB(23%) CN:8 DL:2.9MiB ETA:16m29s]
 *** Download Progress Summary as of Sun Oct  4 11:17:34 2026 *** 
===============================================================================
[#8a3441 907MiB/3.7GiB(23%) CN:8 DL:2.9MiB ETA:16m30s]
FILE: /mnt/mydata/wja/reasoning-diff/assets/models/Qwen3-8B/model-00001-of-00005.safetensors
-------------------------------------------------------------------------------

[#9f16c5 474MiB/3.7GiB(12%) CN:8 DL:1.7MiB ETA:32m40s]
[#9f16c5 475MiB/3.7GiB(12%) CN:8 DL:1.6MiB ETA:32m41s]
[#9f16c5 477MiB/3.7GiB(12%) CN:8 DL:1.6MiB ETA:32m56s]
[#9f16c5 479MiB/3.7GiB(12%) CN:8 DL:1.6MiB ETA:32m57s]
[#9f16c5 481MiB/3.7GiB(12%) CN:8 DL:1.6MiB ETA:33m22s]
[#9f16c5 482MiB/3.7GiB(12%) CN:8 DL:1.6MiB ETA:33m5s]
[#9f16c5 484MiB/3.7GiB(12%) CN:8 DL:1.7MiB ETA:32m29s]
[#9f16c5 486MiB/3.7GiB(12%) CN:8 DL:1.7MiB ETA:32m27s]
[#9f16c5 488MiB/3.7GiB(12%) CN:8 DL:1.7MiB ETA:31m38s]
[#9f16c5 490MiB/3.7GiB(12%) CN:8 DL:1.7MiB ETA:31m43s]
[#9f16c5 492MiB/3.7GiB(12%) CN:8 DL:1.7MiB ETA:32m2s]
[#9f16c5 493MiB/3.7GiB(12%) CN:8 DL:1.7MiB ETA:32m29s]
[#9f16c5 495MiB/3.7GiB(13%) CN:8 DL:1.6MiB ETA:32m32s]
[#9f16c5 496MiB/3.7GiB(13%) CN:8 DL:1.7MiB ETA:32m26s]
[#9f16c5 498MiB/3.7GiB(13%) CN:8 DL:1.7MiB ETA:32m20s]
[#9f16c5 500MiB/3.7GiB(13%) CN:8 DL:1.7MiB ETA:32m18s]
[#9f16c5 501MiB/3.7GiB(13%) CN:8 DL:1.6MiB ETA:33m]
[#9f16c5 503MiB/3.7GiB(13%) CN:8 DL:1.6MiB ETA:33m36s]
[#9f16c5 505MiB/3.7GiB(13%) CN:8 DL:1.6MiB ETA:33m59s]
[#9f16c5 507MiB/3.7GiB(13%) CN:8 DL:1.6MiB ETA:33m38s]
[#9f16c5 508MiB/3.7GiB(13%) CN:8 DL:1.6MiB ETA:32m48s]
[#9f16c5 510MiB/3.7GiB(13%) CN:8 DL:1.6MiB ETA:33m1s]
[#9f16c5 512MiB/3.7GiB(13%) CN:8 DL:1.6MiB ETA:33m13s]
[#9f16c5 513MiB/3.7GiB(13%) CN:8 DL:1.6MiB ETA:33m35s]
[#9f16c5 515MiB/3.7GiB(13%) CN:8 DL:1.6MiB ETA:33m21s]
[#9f16c5 517MiB/3.7GiB(13%) CN:8 DL:1.6MiB ETA:32m48s]
[#9f16c5 519MiB/3.7GiB(13%) CN:8 DL:1.6MiB ETA:32m58s]
[#9f16c5 520MiB/3.7GiB(13%) CN:8 DL:1.6MiB ETA:32m36s]
[#9f16c5 522MiB/3.7GiB(13%) CN:8 DL:1.6MiB ETA:33m11s]
[#9f16c5 523MiB/3.7GiB(13%) CN:8 DL:1.6MiB ETA:33m47s]
 *** Download Progress Summary as of Sun Oct  4 11:17:37 2026 *** 
===============================================================================
[#9f16c5 525MiB/3.7GiB(13%) CN:8 DL:1.6MiB ETA:33m44s]
FILE: /mnt/mydata/wja/reasoning-diff/assets/models/Qwen3-8B/model-00002-of-00005.safetensors
-------------------------------------------------------------------------------

[#c81886 795MiB/3.6GiB(21%) CN:8 DL:2.9MiB ETA:16m57s]
[#c81886 799MiB/3.6GiB(21%) CN:8 DL:2.9MiB ETA:16m54s]
[#c81886 802MiB/3.6GiB(21%) CN:8 DL:2.9MiB ETA:16m56s]
[#c81886 805MiB/3.6GiB(21%) CN:8 DL:2.9MiB ETA:16m57s]
[#c81886 808MiB/3.6GiB(21%) CN:8 DL:2.8MiB ETA:17m7s]
[#c81886 811MiB/3.6GiB(21%) CN:8 DL:2.8MiB ETA:17m10s]
[#c81886 814MiB/3.6GiB(21%) CN:8 DL:2.8MiB ETA:17m16s]
[#c81886 817MiB/3.6GiB(21%) CN:8 DL:2.8MiB ETA:17m20s]
[#c81886 820MiB/3.6GiB(21%) CN:8 DL:2.8MiB ETA:16m59s]
[#c81886 823MiB/3.6GiB(21%) CN:8 DL:2.9MiB ETA:16m55s]
[#c81886 826MiB/3.6GiB(21%) CN:8 DL:2.9MiB ETA:16m50s]
[#c81886 829MiB/3.6GiB(21%) CN:8 DL:2.9MiB ETA:16m38s]
[#c81886 832MiB/3.6GiB(22%) CN:8 DL:2.9MiB ETA:16m29s]
[#c81886 836MiB/3.6GiB(22%) CN:8 DL:3.0MiB ETA:16m18s]
[#c81886 839MiB/3.6GiB(22%) CN:8 DL:3.0MiB ETA:16m7s]
[#c81886 842MiB/3.6GiB(22%) CN:8 DL:3.0MiB ETA:16m]
[#c81886 845MiB/3.6GiB(22%) CN:8 DL:3.0MiB ETA:15m56s]
[#c81886 848MiB/3.6GiB(22%) CN:8 DL:3.0MiB ETA:16m12s]
[#c81886 851MiB/3.6GiB(22%) CN:8 DL:3.0MiB ETA:16m10s]
[#c81886 854MiB/3.6GiB(22%) CN:8 DL:3.0MiB ETA:16m13s]
[#c81886 857MiB/3.6GiB(22%) CN:8 DL:3.0MiB ETA:16m8s]
[#c81886 860MiB/3.6GiB(22%) CN:8 DL:2.9MiB ETA:16m12s]
[#c81886 863MiB/3.6GiB(22%) CN:8 DL:2.9MiB ETA:16m12s]
[#c81886 866MiB/3.6GiB(22%) CN:8 DL:3.0MiB ETA:16m]
[#c81886 869MiB/3.6GiB(23%) CN:8 DL:3.0MiB ETA:16m4s]
[#c81886 872MiB/3.6GiB(23%) CN:8 DL:3.0MiB ETA:16m]
[#c81886 875MiB/3.6GiB(23%) CN:8 DL:2.9MiB ETA:16m10s]
[#c81886 878MiB/3.6GiB(23%) CN:8 DL:3.0MiB ETA:16m2s]
[#c81886 882MiB/3.6GiB(23%) CN:8 DL:3.0MiB ETA:15m55s]
[#c81886 885MiB/3.6GiB(23%) CN:8 DL:3.0MiB ETA:15m43s]
 *** Download Progress Summary as of Sun Oct  4 11:17:37 2026 *** 
===============================================================================
[#c81886 888MiB/3.6GiB(23%) CN:8 DL:3.0MiB ETA:15m42s]
FILE: /mnt/mydata/wja/reasoning-diff/assets/models/Qwen3-8B/model-00003-of-00005.safetensors
-------------------------------------------------------------------------------

[#846b82 784MiB/2.9GiB(25%) CN:8 DL:2.8MiB ETA:13m7s]
[#846b82 787MiB/2.9GiB(25%) CN:8 DL:2.9MiB ETA:12m54s]
[#846b82 789MiB/2.9GiB(25%) CN:8 DL:2.9MiB ETA:12m51s]
[#846b82 792MiB/2.9GiB(26%) CN:8 DL:2.8MiB ETA:12m55s]
[#846b82 796MiB/2.9GiB(26%) CN:8 DL:2.9MiB ETA:12m50s]
[#846b82 798MiB/2.9GiB(26%) CN:8 DL:2.8MiB ETA:12m58s]
[#846b82 801MiB/2.9GiB(26%) CN:8 DL:2.8MiB ETA:13m3s]
[#846b82 803MiB/2.9GiB(26%) CN:8 DL:2.8MiB ETA:13m17s]
[#846b82 807MiB/2.9GiB(26%) CN:8 DL:2.7MiB ETA:13m26s]
[#846b82 809MiB/2.9GiB(26%) CN:8 DL:2.7MiB ETA:13m29s]
[#846b82 812MiB/2.9GiB(26%) CN:8 DL:2.7MiB ETA:13m27s]
[#846b82 815MiB/2.9GiB(26%) CN:8 DL:2.7MiB ETA:13m26s]
[#846b82 818MiB/2.9GiB(26%) CN:8 DL:2.7MiB ETA:13m25s]
[#846b82 821MiB/2.9GiB(27%) CN:8 DL:2.7MiB ETA:13m38s]
[#846b82 824MiB/2.9GiB(27%) CN:8 DL:2.7MiB ETA:13m28s]
[#846b82 826MiB/2.9GiB(27%) CN:8 DL:2.7MiB ETA:13m25s]
[#846b82 829MiB/2.9GiB(27%) CN:8 DL:2.7MiB ETA:13m24s]
[#846b82 831MiB/2.9GiB(27%) CN:8 DL:2.7MiB ETA:13m27s]
[#846b82 834MiB/2.9GiB(27%) CN:8 DL:2.7MiB ETA:13m23s]
[#846b82 837MiB/2.9GiB(27%) CN:8 DL:2.7MiB ETA:13m10s]
[#846b82 840MiB/2.9GiB(27%) CN:8 DL:2.7MiB ETA:13m7s]
[#846b82 843MiB/2.9GiB(27%) CN:8 DL:2.7MiB ETA:13m12s]
[#846b82 845MiB/2.9GiB(27%) CN:8 DL:2.7MiB ETA:13m12s]
[#846b82 848MiB/2.9GiB(27%) CN:8 DL:2.7MiB ETA:13m14s]
[#846b82 851MiB/2.9GiB(28%) CN:8 DL:2.7MiB ETA:13m14s]
[#846b82 854MiB/2.9GiB(28%) CN:8 DL:2.7MiB ETA:13m9s]
[#846b82 857MiB/2.9GiB(28%) CN:8 DL:2.7MiB ETA:13m3s]
[#846b82 860MiB/2.9GiB(28%) CN:8 DL:2.7MiB ETA:13m4s]
[#846b82 862MiB/2.9GiB(28%) CN:8 DL:2.7MiB ETA:13m11s]
[#846b82 865MiB/2.9GiB(28%) CN:8 DL:2.7MiB ETA:13m7s]
 *** Download Progress Summary as of Sun Oct  4 11:17:46 2026 *** 
===============================================================================
[#846b82 868MiB/2.9GiB(28%) CN:8 DL:2.7MiB ETA:13m15s]
FILE: /mnt/mydata/wja/reasoning-diff/assets/models/Qwen3-8B/model-00004-of-00005.safetensors
-------------------------------------------------------------------------------

[#8a3441 907MiB/3.7GiB(23%) CN:8 DL:2.9MiB ETA:16m30s]
[#8a3441 910MiB/3.7GiB(23%) CN:8 DL:2.9MiB ETA:16m31s]
[#8a3441 913MiB/3.7GiB(23%) CN:8 DL:2.9MiB ETA:16m24s]
[#8a3441 916MiB/3.7GiB(24%) CN:8 DL:2.9MiB ETA:16m23s]
[#8a3441 919MiB/3.7GiB(24%) CN:8 DL:2.9MiB ETA:16m11s]
[#8a3441 0.9GiB/3.7GiB(24%) CN:8 DL:2.9MiB ETA:16m9s]
[#8a3441 0.9GiB/3.7GiB(24%) CN:8 DL:2.9MiB ETA:16m22s]
[#8a3441 0.9GiB/3.7GiB(24%) CN:8 DL:2.9MiB ETA:16m24s]
[#8a3441 0.9GiB/3.7GiB(24%) CN:8 DL:2.9MiB ETA:16m16s]
[#8a3441 0.9GiB/3.7GiB(24%) CN:8 DL:2.9MiB ETA:16m10s]
[#8a3441 0.9GiB/3.7GiB(24%) CN:8 DL:2.9MiB ETA:16m]
[#8a3441 0.9GiB/3.7GiB(24%) CN:8 DL:2.9MiB ETA:15m58s]
[#8a3441 0.9GiB/3.7GiB(24%) CN:8 DL:2.9MiB ETA:16m8s]
[#8a3441 0.9GiB/3.7GiB(24%) CN:8 DL:2.9MiB ETA:16m7s]
[#8a3441 0.9GiB/3.7GiB(24%) CN:8 DL:2.9MiB ETA:16m2s]
[#8a3441 0.9GiB/3.7GiB(25%) CN:8 DL:2.9MiB ETA:16m4s]
[#8a3441 0.9GiB/3.7GiB(25%) CN:8 DL:2.9MiB ETA:16m3s]
[#8a3441 0.9GiB/3.7GiB(25%) CN:8 DL:2.9MiB ETA:16m7s]
[#8a3441 0.9GiB/3.7GiB(25%) CN:8 DL:2.9MiB ETA:16m8s]
[#8a3441 0.9GiB/3.7GiB(25%) CN:8 DL:2.9MiB ETA:16m6s]
[#8a3441 0.9GiB/3.7GiB(25%) CN:8 DL:2.9MiB ETA:15m47s]
[#8a3441 0.9GiB/3.7GiB(25%) CN:8 DL:2.9MiB ETA:15m46s]
[#8a3441 0.9GiB/3.7GiB(25%) CN:8 DL:2.9MiB ETA:15m48s]
[#8a3441 0.9GiB/3.7GiB(25%) CN:8 DL:2.9MiB ETA:15m50s]
[#8a3441 0.9GiB/3.7GiB(25%) CN:8 DL:2.9MiB ETA:15m57s]
[#8a3441 0.9GiB/3.7GiB(25%) CN:8 DL:2.9MiB ETA:15m52s]
[#8a3441 0.9GiB/3.7GiB(25%) CN:8 DL:3.0MiB ETA:15m40s]
[#8a3441 0.9GiB/3.7GiB(25%) CN:8 DL:2.9MiB ETA:15m44s]
[#8a3441 0.9GiB/3.7GiB(26%) CN:8 DL:3.0MiB ETA:15m36s]
 *** Download Progress Summary as of Sun Oct  4 11:18:04 2026 *** 
===============================================================================
[#8a3441 0.9GiB/3.7GiB(26%) CN:8 DL:3.0MiB ETA:15m35s]
FILE: /mnt/mydata/wja/reasoning-diff/assets/models/Qwen3-8B/model-00001-of-00005.safetensors
-------------------------------------------------------------------------------

[#c81886 888MiB/3.6GiB(23%) CN:8 DL:3.0MiB ETA:15m42s]
[#c81886 891MiB/3.6GiB(23%) CN:8 DL:3.0MiB ETA:15m35s]
[#c81886 894MiB/3.6GiB(23%) CN:8 DL:3.0MiB ETA:15m40s]
[#c81886 897MiB/3.6GiB(23%) CN:8 DL:3.0MiB ETA:15m57s]
[#c81886 900MiB/3.6GiB(23%) CN:8 DL:3.0MiB ETA:15m53s]
[#c81886 903MiB/3.6GiB(23%) CN:8 DL:3.0MiB ETA:15m45s]
[#c81886 906MiB/3.6GiB(24%) CN:8 DL:3.0MiB ETA:15m31s]
[#c81886 909MiB/3.6GiB(24%) CN:8 DL:3.0MiB ETA:15m37s]
[#c81886 912MiB/3.6GiB(24%) CN:8 DL:3.0MiB ETA:15m42s]
[#c81886 915MiB/3.6GiB(24%) CN:8 DL:2.9MiB ETA:15m53s]
[#c81886 918MiB/3.6GiB(24%) CN:8 DL:2.9MiB ETA:15m59s]
[#c81886 921MiB/3.6GiB(24%) CN:8 DL:2.9MiB ETA:16m3s]
[#c81886 0.9GiB/3.6GiB(24%) CN:8 DL:2.9MiB ETA:15m53s]
[#c81886 0.9GiB/3.6GiB(24%) CN:8 DL:3.0MiB ETA:15m47s]
[#c81886 0.9GiB/3.6GiB(24%) CN:8 DL:3.0MiB ETA:15m37s]
[#c81886 0.9GiB/3.6GiB(24%) CN:8 DL:3.0MiB ETA:15m41s]
[#c81886 0.9GiB/3.6GiB(24%) CN:8 DL:3.0MiB ETA:15m29s]
[#c81886 0.9GiB/3.6GiB(24%) CN:8 DL:3.0MiB ETA:15m18s]
[#c81886 0.9GiB/3.6GiB(24%) CN:8 DL:3.0MiB ETA:15m21s]
[#c81886 0.9GiB/3.6GiB(25%) CN:8 DL:3.0MiB ETA:15m27s]
[#c81886 0.9GiB/3.6GiB(25%) CN:8 DL:3.0MiB ETA:15m39s]
[#c81886 0.9GiB/3.6GiB(25%) CN:8 DL:2.9MiB ETA:15m52s]
[#c81886 0.9GiB/3.6GiB(25%) CN:8 DL:2.9MiB ETA:15m57s]
[#c81886 0.9GiB/3.6GiB(25%) CN:8 DL:2.9MiB ETA:16m2s]
[#c81886 0.9GiB/3.6GiB(25%) CN:8 DL:2.9MiB ETA:16m]
[#c81886 0.9GiB/3.6GiB(25%) CN:8 DL:2.9MiB ETA:16m4s]
[#c81886 0.9GiB/3.6GiB(25%) CN:8 DL:2.8MiB ETA:16m16s]
[#c81886 0.9GiB/3.6GiB(25%) CN:8 DL:2.8MiB ETA:16m16s]
[#c81886 0.9GiB/3.6GiB(25%) CN:8 DL:2.8MiB ETA:16m11s]
[#c81886 0.9GiB/3.6GiB(25%) CN:8 DL:2.9MiB ETA:16m1s]
 *** Download Progress Summary as of Sun Oct  4 11:18:07 2026 *** 
===============================================================================
[#c81886 0.9GiB/3.6GiB(25%) CN:8 DL:2.9MiB ETA:15m49s]
FILE: /mnt/mydata/wja/reasoning-diff/assets/models/Qwen3-8B/model-00003-of-00005.safetensors
-------------------------------------------------------------------------------

[#9f16c5 525MiB/3.7GiB(13%) CN:8 DL:1.6MiB ETA:33m44s]
[#9f16c5 527MiB/3.7GiB(13%) CN:8 DL:1.6MiB ETA:33m30s]
[#9f16c5 529MiB/3.7GiB(13%) CN:8 DL:1.6MiB ETA:33m26s]
[#9f16c5 530MiB/3.7GiB(13%) CN:8 DL:1.6MiB ETA:33m31s]
[#9f16c5 532MiB/3.7GiB(13%) CN:8 DL:1.6MiB ETA:33m37s]
[#9f16c5 534MiB/3.7GiB(14%) CN:8 DL:1.6MiB ETA:33m31s]
[#9f16c5 536MiB/3.7GiB(14%) CN:8 DL:1.6MiB ETA:33m13s]
[#9f16c5 537MiB/3.7GiB(14%) CN:8 DL:1.6MiB ETA:32m51s]
[#9f16c5 539MiB/3.7GiB(14%) CN:8 DL:1.6MiB ETA:32m21s]
[#9f16c5 540MiB/3.7GiB(14%) CN:8 DL:1.6MiB ETA:32m45s]
[#9f16c5 542MiB/3.7GiB(14%) CN:8 DL:1.6MiB ETA:32m50s]
[#9f16c5 544MiB/3.7GiB(14%) CN:8 DL:1.6MiB ETA:32m43s]
[#9f16c5 545MiB/3.7GiB(14%) CN:8 DL:1.6MiB ETA:33m]
[#9f16c5 547MiB/3.7GiB(14%) CN:8 DL:1.6MiB ETA:32m55s]
[#9f16c5 549MiB/3.7GiB(14%) CN:8 DL:1.6MiB ETA:33m1s]
[#9f16c5 551MiB/3.7GiB(14%) CN:8 DL:1.6MiB ETA:33m11s]
[#9f16c5 552MiB/3.7GiB(14%) CN:8 DL:1.6MiB ETA:33m]
[#9f16c5 554MiB/3.7GiB(14%) CN:8 DL:1.6MiB ETA:33m21s]
[#9f16c5 555MiB/3.7GiB(14%) CN:8 DL:1.6MiB ETA:33m17s]
[#9f16c5 557MiB/3.7GiB(14%) CN:8 DL:1.6MiB ETA:33m3s]
[#9f16c5 559MiB/3.7GiB(14%) CN:8 DL:1.6MiB ETA:33m13s]
[#9f16c5 561MiB/3.7GiB(14%) CN:8 DL:1.6MiB ETA:33m7s]
[#9f16c5 562MiB/3.7GiB(14%) CN:8 DL:1.6MiB ETA:33m24s]
[#9f16c5 564MiB/3.7GiB(14%) CN:8 DL:1.6MiB ETA:32m52s]
[#9f16c5 566MiB/3.7GiB(14%) CN:8 DL:1.6MiB ETA:32m42s]
[#9f16c5 567MiB/3.7GiB(14%) CN:8 DL:1.6MiB ETA:32m43s]
[#9f16c5 569MiB/3.7GiB(14%) CN:8 DL:1.6MiB ETA:33m11s]
[#9f16c5 571MiB/3.7GiB(14%) CN:8 DL:1.6MiB ETA:33m22s]
[#9f16c5 572MiB/3.7GiB(15%) CN:8 DL:1.6MiB ETA:32m43s]
[#9f16c5 574MiB/3.7GiB(15%) CN:8 DL:1.6MiB ETA:32m38s]
 *** Download Progress Summary as of Sun Oct  4 11:18:07 2026 *** 
===============================================================================
[#9f16c5 576MiB/3.7GiB(15%) CN:8 DL:1.6MiB ETA:32m40s]
FILE: /mnt/mydata/wja/reasoning-diff/assets/models/Qwen3-8B/model-00002-of-00005.safetensors
-------------------------------------------------------------------------------

[#846b82 868MiB/2.9GiB(28%) CN:8 DL:2.7MiB ETA:13m15s]
[#846b82 871MiB/2.9GiB(28%) CN:8 DL:2.7MiB ETA:13m16s]
[#846b82 874MiB/2.9GiB(28%) CN:8 DL:2.7MiB ETA:13m13s]
[#846b82 877MiB/2.9GiB(28%) CN:8 DL:2.7MiB ETA:13m9s]
[#846b82 880MiB/2.9GiB(28%) CN:8 DL:2.7MiB ETA:12m54s]
[#846b82 883MiB/2.9GiB(29%) CN:8 DL:2.7MiB ETA:12m52s]
[#846b82 886MiB/2.9GiB(29%) CN:8 DL:2.8MiB ETA:12m44s]
[#846b82 889MiB/2.9GiB(29%) CN:8 DL:2.8MiB ETA:12m43s]
[#846b82 892MiB/2.9GiB(29%) CN:8 DL:2.8MiB ETA:12m32s]
[#846b82 895MiB/2.9GiB(29%) CN:8 DL:2.8MiB ETA:12m31s]
[#846b82 897MiB/2.9GiB(29%) CN:8 DL:2.8MiB ETA:12m30s]
[#846b82 900MiB/2.9GiB(29%) CN:8 DL:2.8MiB ETA:12m33s]
[#846b82 903MiB/2.9GiB(29%) CN:8 DL:2.8MiB ETA:12m33s]
[#846b82 906MiB/2.9GiB(29%) CN:8 DL:2.8MiB ETA:12m31s]
[#846b82 909MiB/2.9GiB(29%) CN:8 DL:2.8MiB ETA:12m28s]
[#846b82 912MiB/2.9GiB(30%) CN:8 DL:2.8MiB ETA:12m31s]
[#846b82 915MiB/2.9GiB(30%) CN:8 DL:2.8MiB ETA:12m31s]
[#846b82 918MiB/2.9GiB(30%) CN:8 DL:2.8MiB ETA:12m20s]
[#846b82 921MiB/2.9GiB(30%) CN:8 DL:2.8MiB ETA:12m23s]
[#846b82 0.9GiB/2.9GiB(30%) CN:8 DL:2.8MiB ETA:12m18s]
[#846b82 0.9GiB/2.9GiB(30%) CN:8 DL:2.8MiB ETA:12m29s]
[#846b82 0.9GiB/2.9GiB(30%) CN:8 DL:2.8MiB ETA:12m32s]
[#846b82 0.9GiB/2.9GiB(30%) CN:8 DL:2.8MiB ETA:12m31s]
[#846b82 0.9GiB/2.9GiB(30%) CN:8 DL:2.8MiB ETA:12m29s]
[#846b82 0.9GiB/2.9GiB(30%) CN:8 DL:2.8MiB ETA:12m29s]
[#846b82 0.9GiB/2.9GiB(30%) CN:8 DL:2.8MiB ETA:12m27s]
[#846b82 0.9GiB/2.9GiB(31%) CN:8 DL:2.8MiB ETA:12m25s]
[#846b82 0.9GiB/2.9GiB(31%) CN:8 DL:2.7MiB ETA:12m29s]
[#846b82 0.9GiB/2.9GiB(31%) CN:8 DL:2.7MiB ETA:12m26s]
 *** Download Progress Summary as of Sun Oct  4 11:18:16 2026 *** 
===============================================================================
[#846b82 0.9GiB/2.9GiB(31%) CN:8 DL:2.8MiB ETA:12m22s]
FILE: /mnt/mydata/wja/reasoning-diff/assets/models/Qwen3-8B/model-00004-of-00005.safetensors
-------------------------------------------------------------------------------

[#8a3441 0.9GiB/3.7GiB(26%) CN:8 DL:3.0MiB ETA:15m35s]
[#8a3441 0.9GiB/3.7GiB(26%) CN:8 DL:3.0MiB ETA:15m34s]
[#8a3441 0.9GiB/3.7GiB(26%) CN:8 DL:2.9MiB ETA:15m36s]
[#8a3441 0.9GiB/3.7GiB(26%) CN:8 DL:2.9MiB ETA:15m42s]
[#8a3441 0.9GiB/3.7GiB(26%) CN:8 DL:2.9MiB ETA:15m46s]
[#8a3441 0.9GiB/3.7GiB(26%) CN:8 DL:2.9MiB ETA:15m47s]
[#8a3441 0.9GiB/3.7GiB(26%) CN:8 DL:2.9MiB ETA:15m50s]
[#8a3441 0.9GiB/3.7GiB(26%) CN:8 DL:2.9MiB ETA:15m41s]
[#8a3441 0.9GiB/3.7GiB(26%) CN:8 DL:2.9MiB ETA:15m48s]
[#8a3441 0.9GiB/3.7GiB(26%) CN:8 DL:2.9MiB ETA:15m46s]
[#8a3441 1.0GiB/3.7GiB(26%) CN:8 DL:2.9MiB ETA:15m49s]
[#8a3441 1.0GiB/3.7GiB(26%) CN:8 DL:2.9MiB ETA:15m53s]
[#8a3441 1.0GiB/3.7GiB(27%) CN:8 DL:2.9MiB ETA:15m54s]
[#8a3441 1.0GiB/3.7GiB(27%) CN:8 DL:2.9MiB ETA:15m48s]
[#8a3441 1.0GiB/3.7GiB(27%) CN:8 DL:2.9MiB ETA:15m41s]
[#8a3441 1.0GiB/3.7GiB(27%) CN:8 DL:2.9MiB ETA:15m41s]
[#8a3441 1.0GiB/3.7GiB(27%) CN:8 DL:2.9MiB ETA:15m36s]
[#8a3441 1.0GiB/3.7GiB(27%) CN:8 DL:2.9MiB ETA:15m36s]
[#8a3441 1.0GiB/3.7GiB(27%) CN:8 DL:2.9MiB ETA:15m22s]
[#8a3441 1.0GiB/3.7GiB(27%) CN:8 DL:2.9MiB ETA:15m26s]
[#8a3441 1.0GiB/3.7GiB(27%) CN:8 DL:2.9MiB ETA:15m31s]
[#8a3441 1.0GiB/3.7GiB(27%) CN:8 DL:2.9MiB ETA:15m36s]
[#8a3441 1.0GiB/3.7GiB(27%) CN:8 DL:2.9MiB ETA:15m39s]
[#8a3441 1.0GiB/3.7GiB(27%) CN:8 DL:2.9MiB ETA:15m42s]
[#8a3441 1.0GiB/3.7GiB(28%) CN:8 DL:2.9MiB ETA:15m26s]
[#8a3441 1.0GiB/3.7GiB(28%) CN:8 DL:2.9MiB ETA:15m28s]
[#8a3441 1.0GiB/3.7GiB(28%) CN:8 DL:2.9MiB ETA:15m21s]
[#8a3441 1.0GiB/3.7GiB(28%) CN:8 DL:2.9MiB ETA:15m27s]
[#8a3441 1.0GiB/3.7GiB(28%) CN:8 DL:2.9MiB ETA:15m22s]
[#8a3441 1.0GiB/3.7GiB(28%) CN:8 DL:2.9MiB ETA:15m12s]
 *** Download Progress Summary as of Sun Oct  4 11:18:34 2026 *** 
===============================================================================
[#8a3441 1.0GiB/3.7GiB(28%) CN:8 DL:3.0MiB ETA:15m5s]
FILE: /mnt/mydata/wja/reasoning-diff/assets/models/Qwen3-8B/model-00001-of-00005.safetensors
-------------------------------------------------------------------------------

[#c81886 0.9GiB/3.6GiB(25%) CN:8 DL:2.9MiB ETA:15m49s]
[#c81886 0.9GiB/3.6GiB(26%) CN:8 DL:2.9MiB ETA:15m35s]
[#c81886 0.9GiB/3.6GiB(26%) CN:8 DL:2.9MiB ETA:15m32s]
[#c81886 0.9GiB/3.6GiB(26%) CN:8 DL:2.9MiB ETA:15m34s]
[#c81886 0.9GiB/3.6GiB(26%) CN:8 DL:2.9MiB ETA:15m28s]
[#c81886 0.9GiB/3.6GiB(26%) CN:8 DL:3.0MiB ETA:15m23s]
[#c81886 0.9GiB/3.6GiB(26%) CN:8 DL:3.0MiB ETA:15m20s]
[#c81886 0.9GiB/3.6GiB(26%) CN:8 DL:3.0MiB ETA:15m21s]
[#c81886 0.9GiB/3.6GiB(26%) CN:8 DL:2.9MiB ETA:15m26s]
[#c81886 0.9GiB/3.6GiB(26%) CN:8 DL:2.9MiB ETA:15m27s]
[#c81886 0.9GiB/3.6GiB(26%) CN:8 DL:2.9MiB ETA:15m29s]
[#c81886 0.9GiB/3.6GiB(26%) CN:8 DL:2.9MiB ETA:15m26s]
[#c81886 0.9GiB/3.6GiB(26%) CN:8 DL:2.9MiB ETA:15m25s]
[#c81886 0.9GiB/3.6GiB(27%) CN:8 DL:2.9MiB ETA:15m26s]
[#c81886 1.0GiB/3.6GiB(27%) CN:8 DL:3.0MiB ETA:15m11s]
[#c81886 1.0GiB/3.6GiB(27%) CN:8 DL:3.0MiB ETA:15m5s]
[#c81886 1.0GiB/3.6GiB(27%) CN:8 DL:3.0MiB ETA:14m56s]
[#c81886 1.0GiB/3.6GiB(27%) CN:8 DL:3.0MiB ETA:14m50s]
[#c81886 1.0GiB/3.6GiB(27%) CN:8 DL:3.0MiB ETA:14m52s]
[#c81886 1.0GiB/3.6GiB(27%) CN:8 DL:3.0MiB ETA:14m46s]
[#c81886 1.0GiB/3.6GiB(27%) CN:8 DL:3.1MiB ETA:14m34s]
[#c81886 1.0GiB/3.6GiB(27%) CN:8 DL:3.1MiB ETA:14m34s]
[#c81886 1.0GiB/3.6GiB(27%) CN:8 DL:3.1MiB ETA:14m35s]
[#c81886 1.0GiB/3.6GiB(27%) CN:8 DL:3.0MiB ETA:14m45s]
[#c81886 1.0GiB/3.6GiB(27%) CN:8 DL:3.1MiB ETA:14m34s]
[#c81886 1.0GiB/3.6GiB(28%) CN:8 DL:3.1MiB ETA:14m34s]
[#c81886 1.0GiB/3.6GiB(28%) CN:8 DL:3.0MiB ETA:14m37s]
[#c81886 1.0GiB/3.6GiB(28%) CN:8 DL:3.0MiB ETA:14m47s]
[#c81886 1.0GiB/3.6GiB(28%) CN:8 DL:3.0MiB ETA:14m53s]
[#c81886 1.0GiB/3.6GiB(28%) CN:8 DL:3.0MiB ETA:14m58s]
 *** Download Progress Summary as of Sun Oct  4 11:18:38 2026 *** 
===============================================================================
[#c81886 1.0GiB/3.6GiB(28%) CN:8 DL:3.0MiB ETA:14m58s]
FILE: /mnt/mydata/wja/reasoning-diff/assets/models/Qwen3-8B/model-00003-of-00005.safetensors
-------------------------------------------------------------------------------

[#9f16c5 576MiB/3.7GiB(15%) CN:8 DL:1.6MiB ETA:32m40s]
[#9f16c5 578MiB/3.7GiB(15%) CN:8 DL:1.6MiB ETA:32m17s]
[#9f16c5 579MiB/3.7GiB(15%) CN:8 DL:1.6MiB ETA:32m49s]
[#9f16c5 581MiB/3.7GiB(15%) CN:8 DL:1.6MiB ETA:33m13s]
[#9f16c5 583MiB/3.7GiB(15%) CN:8 DL:1.6MiB ETA:33m30s]
[#9f16c5 584MiB/3.7GiB(15%) CN:8 DL:1.6MiB ETA:33m5s]
[#9f16c5 586MiB/3.7GiB(15%) CN:8 DL:1.6MiB ETA:32m33s]
[#9f16c5 588MiB/3.7GiB(15%) CN:8 DL:1.6MiB ETA:33m15s]
[#9f16c5 589MiB/3.7GiB(15%) CN:8 DL:1.6MiB ETA:33m8s]
[#9f16c5 591MiB/3.7GiB(15%) CN:8 DL:1.6MiB ETA:33m26s]
[#9f16c5 593MiB/3.7GiB(15%) CN:8 DL:1.5MiB ETA:33m42s]
[#9f16c5 594MiB/3.7GiB(15%) CN:8 DL:1.5MiB ETA:33m30s]
[#9f16c5 596MiB/3.7GiB(15%) CN:8 DL:1.6MiB ETA:33m20s]
[#9f16c5 598MiB/3.7GiB(15%) CN:8 DL:1.6MiB ETA:33m8s]
[#9f16c5 600MiB/3.7GiB(15%) CN:8 DL:1.6MiB ETA:32m32s]
[#9f16c5 602MiB/3.7GiB(15%) CN:8 DL:1.6MiB ETA:32m42s]
[#9f16c5 603MiB/3.7GiB(15%) CN:8 DL:1.6MiB ETA:32m16s]
[#9f16c5 605MiB/3.7GiB(15%) CN:8 DL:1.6MiB ETA:32m35s]
[#9f16c5 606MiB/3.7GiB(15%) CN:8 DL:1.6MiB ETA:32m42s]
[#9f16c5 608MiB/3.7GiB(15%) CN:8 DL:1.6MiB ETA:32m27s]
[#9f16c5 610MiB/3.7GiB(16%) CN:8 DL:1.6MiB ETA:32m18s]
[#9f16c5 611MiB/3.7GiB(16%) CN:8 DL:1.6MiB ETA:32m12s]
[#9f16c5 613MiB/3.7GiB(16%) CN:8 DL:1.6MiB ETA:32m5s]
[#9f16c5 614MiB/3.7GiB(16%) CN:8 DL:1.6MiB ETA:32m15s]
[#9f16c5 616MiB/3.7GiB(16%) CN:8 DL:1.6MiB ETA:32m57s]
[#9f16c5 618MiB/3.7GiB(16%) CN:8 DL:1.6MiB ETA:32m52s]
[#9f16c5 619MiB/3.7GiB(16%) CN:8 DL:1.6MiB ETA:32m37s]
[#9f16c5 621MiB/3.7GiB(16%) CN:8 DL:1.6MiB ETA:32m39s]
[#9f16c5 622MiB/3.7GiB(16%) CN:8 DL:1.6MiB ETA:32m18s]
[#9f16c5 624MiB/3.7GiB(16%) CN:8 DL:1.6MiB ETA:32m29s]
 *** Download Progress Summary as of Sun Oct  4 11:18:38 2026 *** 
===============================================================================
[#9f16c5 626MiB/3.7GiB(16%) CN:8 DL:1.6MiB ETA:32m27s]
FILE: /mnt/mydata/wja/reasoning-diff/assets/models/Qwen3-8B/model-00002-of-00005.safetensors
-------------------------------------------------------------------------------

[#846b82 0.9GiB/2.9GiB(31%) CN:8 DL:2.8MiB ETA:12m22s]
[#846b82 0.9GiB/2.9GiB(31%) CN:8 DL:2.8MiB ETA:12m18s]
[#846b82 0.9GiB/2.9GiB(31%) CN:8 DL:2.8MiB ETA:12m16s]
[#846b82 0.9GiB/2.9GiB(31%) CN:8 DL:2.8MiB ETA:12m13s]
[#846b82 0.9GiB/2.9GiB(31%) CN:8 DL:2.8MiB ETA:12m8s]
[#846b82 0.9GiB/2.9GiB(31%) CN:8 DL:2.8MiB ETA:12m7s]
[#846b82 0.9GiB/2.9GiB(31%) CN:8 DL:2.8MiB ETA:12m3s]
[#846b82 0.9GiB/2.9GiB(32%) CN:8 DL:2.8MiB ETA:12m5s]
[#846b82 0.9GiB/2.9GiB(32%) CN:8 DL:2.8MiB ETA:12m7s]
[#846b82 0.9GiB/2.9GiB(32%) CN:8 DL:2.8MiB ETA:12m11s]
[#846b82 0.9GiB/2.9GiB(32%) CN:8 DL:2.7MiB ETA:12m19s]
[#846b82 0.9GiB/2.9GiB(32%) CN:8 DL:2.7MiB ETA:12m21s]
[#846b82 0.9GiB/2.9GiB(32%) CN:8 DL:2.7MiB ETA:12m18s]
[#846b82 0.9GiB/2.9GiB(32%) CN:8 DL:2.7MiB ETA:12m18s]
[#846b82 0.9GiB/2.9GiB(32%) CN:8 DL:2.7MiB ETA:12m20s]
[#846b82 0.9GiB/2.9GiB(32%) CN:8 DL:2.7MiB ETA:12m26s]
[#846b82 0.9GiB/2.9GiB(32%) CN:8 DL:2.7MiB ETA:12m16s]
[#846b82 0.9GiB/2.9GiB(32%) CN:8 DL:2.7MiB ETA:12m16s]
[#846b82 0.9GiB/2.9GiB(33%) CN:8 DL:2.7MiB ETA:12m20s]
[#846b82 0.9GiB/2.9GiB(33%) CN:8 DL:2.7MiB ETA:12m26s]
[#846b82 0.9GiB/2.9GiB(33%) CN:8 DL:2.7MiB ETA:12m14s]
[#846b82 0.9GiB/2.9GiB(33%) CN:8 DL:2.7MiB ETA:12m5s]
[#846b82 0.9GiB/2.9GiB(33%) CN:8 DL:2.7MiB ETA:12m6s]
[#846b82 0.9GiB/2.9GiB(33%) CN:8 DL:2.8MiB ETA:11m58s]
[#846b82 0.9GiB/2.9GiB(33%) CN:8 DL:2.8MiB ETA:11m54s]
[#846b82 0.9GiB/2.9GiB(33%) CN:8 DL:2.8MiB ETA:11m56s]
[#846b82 1.0GiB/2.9GiB(33%) CN:8 DL:2.8MiB ETA:11m47s]
[#846b82 1.0GiB/2.9GiB(33%) CN:8 DL:2.8MiB ETA:11m50s]
[#846b82 1.0GiB/2.9GiB(33%) CN:8 DL:2.8MiB ETA:11m47s]
[#846b82 1.0GiB/2.9GiB(34%) CN:8 DL:2.8MiB ETA:11m48s]
 *** Download Progress Summary as of Sun Oct  4 11:18:46 2026 *** 
===============================================================================
[#846b82 1.0GiB/2.9GiB(34%) CN:8 DL:2.8MiB ETA:11m48s]
FILE: /mnt/mydata/wja/reasoning-diff/assets/models/Qwen3-8B/model-00004-of-00005.safetensors
-------------------------------------------------------------------------------

[#8a3441 1.0GiB/3.7GiB(28%) CN:8 DL:3.0MiB ETA:15m5s]
[#8a3441 1.0GiB/3.7GiB(28%) CN:8 DL:2.9MiB ETA:15m14s]
[#8a3441 1.0GiB/3.7GiB(28%) CN:8 DL:2.9MiB ETA:15m10s]
[#8a3441 1.0GiB/3.7GiB(28%) CN:8 DL:3.0MiB ETA:15m2s]
[#8a3441 1.0GiB/3.7GiB(28%) CN:8 DL:3.0MiB ETA:14m53s]
[#8a3441 1.0GiB/3.7GiB(28%) CN:8 DL:3.0MiB ETA:14m54s]
[#8a3441 1.0GiB/3.7GiB(28%) CN:8 DL:3.0MiB ETA:14m56s]
[#8a3441 1.0GiB/3.7GiB(29%) CN:8 DL:3.0MiB ETA:14m59s]
[#8a3441 1.0GiB/3.7GiB(29%) CN:8 DL:2.9MiB ETA:15m26s]
[#8a3441 1.0GiB/3.7GiB(29%) CN:8 DL:2.8MiB ETA:15m31s]
[#8a3441 1.0GiB/3.7GiB(29%) CN:8 DL:2.9MiB ETA:15m24s]
[#8a3441 1.0GiB/3.7GiB(29%) CN:8 DL:2.9MiB ETA:15m17s]
[#8a3441 1.0GiB/3.7GiB(29%) CN:8 DL:2.9MiB ETA:15m7s]
[#8a3441 1.0GiB/3.7GiB(29%) CN:8 DL:2.9MiB ETA:15m4s]
[#8a3441 1.1GiB/3.7GiB(29%) CN:8 DL:3.0MiB ETA:14m45s]
[#8a3441 1.1GiB/3.7GiB(29%) CN:8 DL:3.0MiB ETA:14m39s]
[#8a3441 1.1GiB/3.7GiB(29%) CN:8 DL:3.0MiB ETA:14m32s]
[#8a3441 1.1GiB/3.7GiB(29%) CN:8 DL:3.1MiB ETA:14m21s]
[#8a3441 1.1GiB/3.7GiB(29%) CN:8 DL:3.1MiB ETA:14m13s]
[#8a3441 1.1GiB/3.7GiB(30%) CN:8 DL:3.1MiB ETA:14m3s]
[#8a3441 1.1GiB/3.7GiB(30%) CN:8 DL:3.1MiB ETA:13m57s]
[#8a3441 1.1GiB/3.7GiB(30%) CN:8 DL:3.1MiB ETA:13m56s]
[#8a3441 1.1GiB/3.7GiB(30%) CN:8 DL:3.1MiB ETA:13m55s]
[#8a3441 1.1GiB/3.7GiB(30%) CN:8 DL:3.1MiB ETA:13m57s]
[#8a3441 1.1GiB/3.7GiB(30%) CN:8 DL:3.1MiB ETA:13m59s]
[#8a3441 1.1GiB/3.7GiB(30%) CN:8 DL:3.1MiB ETA:14m]
[#8a3441 1.1GiB/3.7GiB(30%) CN:8 DL:3.1MiB ETA:13m57s]
[#8a3441 1.1GiB/3.7GiB(30%) CN:8 DL:3.1MiB ETA:14m5s]
[#8a3441 1.1GiB/3.7GiB(30%) CN:8 DL:3.1MiB ETA:14m3s]
[#8a3441 1.1GiB/3.7GiB(30%) CN:8 DL:3.0MiB ETA:14m11s]
 *** Download Progress Summary as of Sun Oct  4 11:19:04 2026 *** 
===============================================================================
[#8a3441 1.1GiB/3.7GiB(30%) CN:8 DL:3.0MiB ETA:14m13s]
FILE: /mnt/mydata/wja/reasoning-diff/assets/models/Qwen3-8B/model-00001-of-00005.safetensors
-------------------------------------------------------------------------------

[#c81886 1.0GiB/3.6GiB(28%) CN:8 DL:3.0MiB ETA:14m58s]
[#c81886 1.0GiB/3.6GiB(28%) CN:8 DL:2.9MiB ETA:15m4s]
[#c81886 1.0GiB/3.6GiB(28%) CN:8 DL:2.9MiB ETA:15m5s]
[#c81886 1.0GiB/3.6GiB(28%) CN:8 DL:2.8MiB ETA:15m35s]
[#c81886 1.0GiB/3.6GiB(28%) CN:8 DL:2.8MiB ETA:15m47s]
[#c81886 1.0GiB/3.6GiB(28%) CN:8 DL:2.7MiB ETA:16m]
[#c81886 1.0GiB/3.6GiB(28%) CN:8 DL:2.8MiB ETA:15m56s]
[#c81886 1.0GiB/3.6GiB(28%) CN:8 DL:2.8MiB ETA:15m53s]
[#c81886 1.0GiB/3.6GiB(29%) CN:8 DL:2.7MiB ETA:16m1s]
[#c81886 1.0GiB/3.6GiB(29%) CN:8 DL:2.7MiB ETA:16m7s]
[#c81886 1.0GiB/3.6GiB(29%) CN:8 DL:2.7MiB ETA:16m5s]
[#c81886 1.0GiB/3.6GiB(29%) CN:8 DL:2.7MiB ETA:16m5s]
[#c81886 1.0GiB/3.6GiB(29%) CN:8 DL:2.7MiB ETA:16m11s]
[#c81886 1.0GiB/3.6GiB(29%) CN:8 DL:2.7MiB ETA:16m6s]
[#c81886 1.0GiB/3.6GiB(29%) CN:8 DL:2.7MiB ETA:16m4s]
[#c81886 1.0GiB/3.6GiB(29%) CN:8 DL:2.7MiB ETA:15m59s]
[#c81886 1.0GiB/3.6GiB(29%) CN:8 DL:2.7MiB ETA:16m3s]
[#c81886 1.0GiB/3.6GiB(29%) CN:8 DL:2.7MiB ETA:16m3s]
[#c81886 1.0GiB/3.6GiB(29%) CN:8 DL:2.7MiB ETA:16m4s]
[#c81886 1.1GiB/3.6GiB(29%) CN:8 DL:2.7MiB ETA:16m7s]
[#c81886 1.1GiB/3.6GiB(29%) CN:8 DL:2.7MiB ETA:16m3s]
[#c81886 1.1GiB/3.6GiB(30%) CN:8 DL:2.7MiB ETA:15m45s]
[#c81886 1.1GiB/3.6GiB(30%) CN:8 DL:2.8MiB ETA:15m32s]
[#c81886 1.1GiB/3.6GiB(30%) CN:8 DL:2.8MiB ETA:15m27s]
[#c81886 1.1GiB/3.6GiB(30%) CN:8 DL:2.8MiB ETA:15m8s]
[#c81886 1.1GiB/3.6GiB(30%) CN:8 DL:2.9MiB ETA:15m5s]
[#c81886 1.1GiB/3.6GiB(30%) CN:8 DL:2.9MiB ETA:14m59s]
[#c81886 1.1GiB/3.6GiB(30%) CN:8 DL:2.9MiB ETA:15m4s]
[#c81886 1.1GiB/3.6GiB(30%) CN:8 DL:2.8MiB ETA:15m4s]
 *** Download Progress Summary as of Sun Oct  4 11:19:08 2026 *** 
===============================================================================
[#c81886 1.1GiB/3.6GiB(30%) CN:8 DL:2.9MiB ETA:14m59s]
FILE: /mnt/mydata/wja/reasoning-diff/assets/models/Qwen3-8B/model-00003-of-00005.safetensors
-------------------------------------------------------------------------------

[#9f16c5 626MiB/3.7GiB(16%) CN:8 DL:1.6MiB ETA:32m27s]
[#9f16c5 627MiB/3.7GiB(16%) CN:8 DL:1.6MiB ETA:32m37s]
[#9f16c5 629MiB/3.7GiB(16%) CN:8 DL:1.6MiB ETA:32m43s]
[#9f16c5 631MiB/3.7GiB(16%) CN:8 DL:1.6MiB ETA:32m47s]
[#9f16c5 633MiB/3.7GiB(16%) CN:8 DL:1.6MiB ETA:32m23s]
[#9f16c5 634MiB/3.7GiB(16%) CN:8 DL:1.6MiB ETA:32m48s]
[#9f16c5 636MiB/3.7GiB(16%) CN:8 DL:1.6MiB ETA:32m30s]
[#9f16c5 637MiB/3.7GiB(16%) CN:8 DL:1.6MiB ETA:32m41s]
[#9f16c5 639MiB/3.7GiB(16%) CN:8 DL:1.6MiB ETA:32m30s]
[#9f16c5 641MiB/3.7GiB(16%) CN:8 DL:1.6MiB ETA:32m27s]
[#9f16c5 643MiB/3.7GiB(16%) CN:8 DL:1.6MiB ETA:31m53s]
[#9f16c5 645MiB/3.7GiB(16%) CN:8 DL:1.6MiB ETA:31m37s]
[#9f16c5 646MiB/3.7GiB(16%) CN:8 DL:1.6MiB ETA:31m37s]
[#9f16c5 648MiB/3.7GiB(17%) CN:8 DL:1.6MiB ETA:31m36s]
[#9f16c5 650MiB/3.7GiB(17%) CN:8 DL:1.6MiB ETA:31m43s]
[#9f16c5 651MiB/3.7GiB(17%) CN:8 DL:1.6MiB ETA:32m20s]
[#9f16c5 653MiB/3.7GiB(17%) CN:8 DL:1.6MiB ETA:31m49s]
[#9f16c5 654MiB/3.7GiB(17%) CN:8 DL:1.6MiB ETA:31m19s]
[#9f16c5 656MiB/3.7GiB(17%) CN:8 DL:1.6MiB ETA:31m20s]
[#9f16c5 658MiB/3.7GiB(17%) CN:8 DL:1.6MiB ETA:31m32s]
[#9f16c5 660MiB/3.7GiB(17%) CN:8 DL:1.6MiB ETA:31m49s]
[#9f16c5 662MiB/3.7GiB(17%) CN:8 DL:1.6MiB ETA:31m46s]
[#9f16c5 663MiB/3.7GiB(17%) CN:8 DL:1.6MiB ETA:32m]
[#9f16c5 665MiB/3.7GiB(17%) CN:8 DL:1.6MiB ETA:31m49s]
[#9f16c5 667MiB/3.7GiB(17%) CN:8 DL:1.6MiB ETA:30m59s]
[#9f16c5 669MiB/3.7GiB(17%) CN:8 DL:1.6MiB ETA:30m58s]
[#9f16c5 670MiB/3.7GiB(17%) CN:8 DL:1.6MiB ETA:30m52s]
[#9f16c5 672MiB/3.7GiB(17%) CN:8 DL:1.6MiB ETA:31m23s]
[#9f16c5 674MiB/3.7GiB(17%) CN:8 DL:1.6MiB ETA:31m25s]
[#9f16c5 675MiB/3.7GiB(17%) CN:8 DL:1.6MiB ETA:31m25s]
 *** Download Progress Summary as of Sun Oct  4 11:19:09 2026 *** 
===============================================================================
[#9f16c5 677MiB/3.7GiB(17%) CN:8 DL:1.6MiB ETA:31m22s]
FILE: /mnt/mydata/wja/reasoning-diff/assets/models/Qwen3-8B/model-00002-of-00005.safetensors
-------------------------------------------------------------------------------

[#846b82 1.0GiB/2.9GiB(34%) CN:8 DL:2.8MiB ETA:11m48s]
[#846b82 1.0GiB/2.9GiB(34%) CN:8 DL:2.8MiB ETA:11m50s]
[#846b82 1.0GiB/2.9GiB(34%) CN:8 DL:2.8MiB ETA:11m45s]
[#846b82 1.0GiB/2.9GiB(34%) CN:8 DL:2.7MiB ETA:11m52s]
[#846b82 1.0GiB/2.9GiB(34%) CN:8 DL:2.7MiB ETA:11m54s]
[#846b82 1.0GiB/2.9GiB(34%) CN:8 DL:2.7MiB ETA:11m51s]
[#846b82 1.0GiB/2.9GiB(34%) CN:8 DL:2.7MiB ETA:11m52s]
[#846b82 1.0GiB/2.9GiB(34%) CN:8 DL:2.8MiB ETA:11m47s]
[#846b82 1.0GiB/2.9GiB(34%) CN:8 DL:2.8MiB ETA:11m37s]
[#846b82 1.0GiB/2.9GiB(34%) CN:8 DL:2.8MiB ETA:11m35s]
[#846b82 1.0GiB/2.9GiB(35%) CN:8 DL:2.8MiB ETA:11m24s]
[#846b82 1.0GiB/2.9GiB(35%) CN:8 DL:2.8MiB ETA:11m22s]
[#846b82 1.0GiB/2.9GiB(35%) CN:8 DL:2.9MiB ETA:11m12s]
[#846b82 1.0GiB/2.9GiB(35%) CN:8 DL:2.9MiB ETA:11m11s]
[#846b82 1.0GiB/2.9GiB(35%) CN:8 DL:2.9MiB ETA:11m14s]
[#846b82 1.0GiB/2.9GiB(35%) CN:8 DL:2.9MiB ETA:11m13s]
[#846b82 1.0GiB/2.9GiB(35%) CN:8 DL:2.8MiB ETA:11m15s]
[#846b82 1.0GiB/2.9GiB(35%) CN:8 DL:2.9MiB ETA:11m6s]
[#846b82 1.0GiB/2.9GiB(35%) CN:8 DL:2.9MiB ETA:11m6s]
[#846b82 1.0GiB/2.9GiB(35%) CN:8 DL:2.8MiB ETA:11m12s]
[#846b82 1.0GiB/2.9GiB(36%) CN:8 DL:2.8MiB ETA:11m20s]
[#846b82 1.0GiB/2.9GiB(36%) CN:8 DL:2.8MiB ETA:11m22s]
[#846b82 1.0GiB/2.9GiB(36%) CN:8 DL:2.8MiB ETA:11m23s]
[#846b82 1.0GiB/2.9GiB(36%) CN:8 DL:2.8MiB ETA:11m16s]
[#846b82 1.0GiB/2.9GiB(36%) CN:8 DL:2.8MiB ETA:11m13s]
[#846b82 1.0GiB/2.9GiB(36%) CN:8 DL:2.8MiB ETA:11m10s]
[#846b82 1.0GiB/2.9GiB(36%) CN:8 DL:2.8MiB ETA:11m17s]
[#846b82 1.0GiB/2.9GiB(36%) CN:8 DL:2.8MiB ETA:11m15s]
[#846b82 1.0GiB/2.9GiB(36%) CN:8 DL:2.8MiB ETA:11m15s]
[#846b82 1.0GiB/2.9GiB(36%) CN:8 DL:2.8MiB ETA:11m11s]
 *** Download Progress Summary as of Sun Oct  4 11:19:16 2026 *** 
===============================================================================
[#846b82 1.0GiB/2.9GiB(36%) CN:8 DL:2.8MiB ETA:11m13s]
FILE: /mnt/mydata/wja/reasoning-diff/assets/models/Qwen3-8B/model-00004-of-00005.safetensors
-------------------------------------------------------------------------------

[#8a3441 1.1GiB/3.7GiB(30%) CN:8 DL:3.0MiB ETA:14m13s]
[#8a3441 1.1GiB/3.7GiB(31%) CN:8 DL:3.0MiB ETA:14m21s]
[#8a3441 1.1GiB/3.7GiB(31%) CN:8 DL:3.0MiB ETA:14m24s]
[#8a3441 1.1GiB/3.7GiB(31%) CN:8 DL:3.0MiB ETA:14m24s]
[#8a3441 1.1GiB/3.7GiB(31%) CN:8 DL:3.0MiB ETA:14m25s]
[#8a3441 1.1GiB/3.7GiB(31%) CN:8 DL:2.9MiB ETA:14m34s]
[#8a3441 1.1GiB/3.7GiB(31%) CN:8 DL:3.0MiB ETA:14m29s]
[#8a3441 1.1GiB/3.7GiB(31%) CN:8 DL:2.9MiB ETA:14m35s]
[#8a3441 1.1GiB/3.7GiB(31%) CN:8 DL:2.9MiB ETA:14m37s]
[#8a3441 1.1GiB/3.7GiB(31%) CN:8 DL:2.9MiB ETA:14m40s]
[#8a3441 1.1GiB/3.7GiB(31%) CN:8 DL:2.9MiB ETA:14m36s]
[#8a3441 1.1GiB/3.7GiB(31%) CN:8 DL:3.0MiB ETA:14m22s]
[#8a3441 1.1GiB/3.7GiB(31%) CN:8 DL:3.0MiB ETA:14m19s]
[#8a3441 1.1GiB/3.7GiB(32%) CN:8 DL:3.0MiB ETA:14m17s]
[#8a3441 1.1GiB/3.7GiB(32%) CN:8 DL:3.0MiB ETA:14m17s]
[#8a3441 1.1GiB/3.7GiB(32%) CN:8 DL:2.9MiB ETA:14m26s]
[#8a3441 1.1GiB/3.7GiB(32%) CN:8 DL:2.9MiB ETA:14m26s]
[#8a3441 1.2GiB/3.7GiB(32%) CN:8 DL:2.9MiB ETA:14m25s]
[#8a3441 1.2GiB/3.7GiB(32%) CN:8 DL:3.0MiB ETA:14m15s]
[#8a3441 1.2GiB/3.7GiB(32%) CN:8 DL:2.9MiB ETA:14m20s]
[#8a3441 1.2GiB/3.7GiB(32%) CN:8 DL:2.9MiB ETA:14m32s]
[#8a3441 1.2GiB/3.7GiB(32%) CN:8 DL:2.9MiB ETA:14m43s]
[#8a3441 1.2GiB/3.7GiB(32%) CN:8 DL:2.8MiB ETA:14m53s]
[#8a3441 1.2GiB/3.7GiB(32%) CN:8 DL:2.8MiB ETA:14m52s]
[#8a3441 1.2GiB/3.7GiB(32%) CN:8 DL:2.8MiB ETA:14m54s]
[#8a3441 1.2GiB/3.7GiB(32%) CN:8 DL:2.8MiB ETA:14m46s]
[#8a3441 1.2GiB/3.7GiB(33%) CN:8 DL:2.8MiB ETA:14m45s]
[#8a3441 1.2GiB/3.7GiB(33%) CN:8 DL:2.8MiB ETA:14m40s]
[#8a3441 1.2GiB/3.7GiB(33%) CN:8 DL:2.9MiB ETA:14m36s]
[#8a3441 1.2GiB/3.7GiB(33%) CN:8 DL:2.8MiB ETA:14m40s]
 *** Download Progress Summary as of Sun Oct  4 11:19:35 2026 *** 
===============================================================================
[#8a3441 1.2GiB/3.7GiB(33%) CN:8 DL:2.9MiB ETA:14m34s]
FILE: /mnt/mydata/wja/reasoning-diff/assets/models/Qwen3-8B/model-00001-of-00005.safetensors
-------------------------------------------------------------------------------

[#c81886 1.1GiB/3.6GiB(30%) CN:8 DL:2.9MiB ETA:14m59s]
[#c81886 1.1GiB/3.6GiB(30%) CN:8 DL:2.9MiB ETA:14m54s]
[#c81886 1.1GiB/3.6GiB(30%) CN:8 DL:2.9MiB ETA:14m50s]
[#c81886 1.1GiB/3.6GiB(30%) CN:8 DL:2.9MiB ETA:14m47s]
[#c81886 1.1GiB/3.6GiB(30%) CN:8 DL:2.9MiB ETA:14m48s]
[#c81886 1.1GiB/3.6GiB(31%) CN:8 DL:2.9MiB ETA:14m36s]
[#c81886 1.1GiB/3.6GiB(31%) CN:8 DL:2.9MiB ETA:14m30s]
[#c81886 1.1GiB/3.6GiB(31%) CN:8 DL:2.9MiB ETA:14m25s]
[#c81886 1.1GiB/3.6GiB(31%) CN:8 DL:3.0MiB ETA:14m10s]
[#c81886 1.1GiB/3.6GiB(31%) CN:8 DL:3.0MiB ETA:14m15s]
[#c81886 1.1GiB/3.6GiB(31%) CN:8 DL:3.0MiB ETA:14m16s]
[#c81886 1.1GiB/3.6GiB(31%) CN:8 DL:2.9MiB ETA:14m26s]
[#c81886 1.1GiB/3.6GiB(31%) CN:8 DL:2.9MiB ETA:14m28s]
[#c81886 1.1GiB/3.6GiB(31%) CN:8 DL:2.9MiB ETA:14m27s]
[#c81886 1.1GiB/3.6GiB(31%) CN:8 DL:2.9MiB ETA:14m33s]
[#c81886 1.1GiB/3.6GiB(31%) CN:8 DL:2.9MiB ETA:14m33s]
[#c81886 1.1GiB/3.6GiB(31%) CN:8 DL:2.9MiB ETA:14m34s]
[#c81886 1.1GiB/3.6GiB(32%) CN:8 DL:2.9MiB ETA:14m37s]
[#c81886 1.1GiB/3.6GiB(32%) CN:8 DL:2.8MiB ETA:14m46s]
[#c81886 1.1GiB/3.6GiB(32%) CN:8 DL:2.9MiB ETA:14m28s]
[#c81886 1.1GiB/3.6GiB(32%) CN:8 DL:2.9MiB ETA:14m26s]
[#c81886 1.1GiB/3.6GiB(32%) CN:8 DL:2.9MiB ETA:14m27s]
[#c81886 1.1GiB/3.6GiB(32%) CN:8 DL:2.9MiB ETA:14m26s]
[#c81886 1.1GiB/3.6GiB(32%) CN:8 DL:2.8MiB ETA:14m42s]
[#c81886 1.2GiB/3.6GiB(32%) CN:8 DL:2.8MiB ETA:14m49s]
[#c81886 1.2GiB/3.6GiB(32%) CN:8 DL:2.8MiB ETA:14m45s]
[#c81886 1.2GiB/3.6GiB(32%) CN:8 DL:2.9MiB ETA:14m30s]
[#c81886 1.2GiB/3.6GiB(32%) CN:8 DL:2.9MiB ETA:14m23s]
[#c81886 1.2GiB/3.6GiB(32%) CN:8 DL:2.9MiB ETA:14m18s]
 *** Download Progress Summary as of Sun Oct  4 11:19:38 2026 *** 
===============================================================================
[#c81886 1.2GiB/3.6GiB(33%) CN:8 DL:2.9MiB ETA:14m12s]
FILE: /mnt/mydata/wja/reasoning-diff/assets/models/Qwen3-8B/model-00003-of-00005.safetensors
-------------------------------------------------------------------------------

[#9f16c5 677MiB/3.7GiB(17%) CN:8 DL:1.6MiB ETA:31m22s]
[#9f16c5 679MiB/3.7GiB(17%) CN:8 DL:1.6MiB ETA:31m16s]
[#9f16c5 681MiB/3.7GiB(17%) CN:8 DL:1.6MiB ETA:31m11s]
[#9f16c5 682MiB/3.7GiB(17%) CN:8 DL:1.6MiB ETA:31m45s]
[#9f16c5 684MiB/3.7GiB(17%) CN:8 DL:1.6MiB ETA:31m50s]
[#9f16c5 686MiB/3.7GiB(18%) CN:8 DL:1.6MiB ETA:31m54s]
[#9f16c5 687MiB/3.7GiB(18%) CN:8 DL:1.6MiB ETA:31m45s]
[#9f16c5 689MiB/3.7GiB(18%) CN:8 DL:1.6MiB ETA:31m21s]
[#9f16c5 691MiB/3.7GiB(18%) CN:8 DL:1.6MiB ETA:31m28s]
[#9f16c5 693MiB/3.7GiB(18%) CN:8 DL:1.6MiB ETA:31m43s]
[#9f16c5 695MiB/3.7GiB(18%) CN:8 DL:1.6MiB ETA:31m26s]
[#9f16c5 696MiB/3.7GiB(18%) CN:8 DL:1.6MiB ETA:31m21s]
[#9f16c5 698MiB/3.7GiB(18%) CN:8 DL:1.6MiB ETA:30m57s]
[#9f16c5 700MiB/3.7GiB(18%) CN:8 DL:1.6MiB ETA:30m50s]
[#9f16c5 702MiB/3.7GiB(18%) CN:8 DL:1.6MiB ETA:30m30s]
[#9f16c5 703MiB/3.7GiB(18%) CN:8 DL:1.7MiB ETA:30m18s]
[#9f16c5 705MiB/3.7GiB(18%) CN:8 DL:1.6MiB ETA:30m39s]
[#9f16c5 707MiB/3.7GiB(18%) CN:8 DL:1.6MiB ETA:30m53s]
[#9f16c5 708MiB/3.7GiB(18%) CN:8 DL:1.6MiB ETA:30m42s]
[#9f16c5 710MiB/3.7GiB(18%) CN:8 DL:1.6MiB ETA:31m8s]
[#9f16c5 712MiB/3.7GiB(18%) CN:8 DL:1.6MiB ETA:31m5s]
[#9f16c5 713MiB/3.7GiB(18%) CN:8 DL:1.6MiB ETA:31m14s]
[#9f16c5 715MiB/3.7GiB(18%) CN:8 DL:1.6MiB ETA:31m21s]
[#9f16c5 717MiB/3.7GiB(18%) CN:8 DL:1.6MiB ETA:31m2s]
[#9f16c5 719MiB/3.7GiB(18%) CN:8 DL:1.6MiB ETA:30m57s]
[#9f16c5 720MiB/3.7GiB(18%) CN:8 DL:1.6MiB ETA:30m57s]
[#9f16c5 722MiB/3.7GiB(18%) CN:8 DL:1.6MiB ETA:31m]
[#9f16c5 723MiB/3.7GiB(19%) CN:8 DL:1.6MiB ETA:31m14s]
[#9f16c5 725MiB/3.7GiB(19%) CN:8 DL:1.6MiB ETA:31m51s]
 *** Download Progress Summary as of Sun Oct  4 11:19:39 2026 *** 
===============================================================================
[#9f16c5 727MiB/3.7GiB(19%) CN:8 DL:1.6MiB ETA:31m35s]
FILE: /mnt/mydata/wja/reasoning-diff/assets/models/Qwen3-8B/model-00002-of-00005.safetensors
-------------------------------------------------------------------------------

[#846b82 1.0GiB/2.9GiB(36%) CN:8 DL:2.8MiB ETA:11m13s]
[#846b82 1.1GiB/2.9GiB(37%) CN:8 DL:2.8MiB ETA:11m9s]
[#846b82 1.1GiB/2.9GiB(37%) CN:8 DL:2.8MiB ETA:11m6s]
[#846b82 1.1GiB/2.9GiB(37%) CN:8 DL:2.8MiB ETA:11m2s]
[#846b82 1.1GiB/2.9GiB(37%) CN:8 DL:2.8MiB ETA:11m2s]
[#846b82 1.1GiB/2.9GiB(37%) CN:8 DL:2.8MiB ETA:11m1s]
[#846b82 1.1GiB/2.9GiB(37%) CN:8 DL:2.8MiB ETA:10m59s]
[#846b82 1.1GiB/2.9GiB(37%) CN:8 DL:2.8MiB ETA:10m54s]
[#846b82 1.1GiB/2.9GiB(37%) CN:8 DL:2.9MiB ETA:10m49s]
[#846b82 1.1GiB/2.9GiB(37%) CN:8 DL:2.9MiB ETA:10m34s]
[#846b82 1.1GiB/2.9GiB(38%) CN:8 DL:2.9MiB ETA:10m32s]
[#846b82 1.1GiB/2.9GiB(38%) CN:8 DL:2.9MiB ETA:10m30s]
[#846b82 1.1GiB/2.9GiB(38%) CN:8 DL:2.9MiB ETA:10m29s]
[#846b82 1.1GiB/2.9GiB(38%) CN:8 DL:2.9MiB ETA:10m25s]
[#846b82 1.1GiB/2.9GiB(38%) CN:8 DL:2.9MiB ETA:10m26s]
[#846b82 1.1GiB/2.9GiB(38%) CN:8 DL:3.0MiB ETA:10m20s]
[#846b82 1.1GiB/2.9GiB(38%) CN:8 DL:3.0MiB ETA:10m17s]
[#846b82 1.1GiB/2.9GiB(38%) CN:8 DL:2.9MiB ETA:10m22s]
[#846b82 1.1GiB/2.9GiB(38%) CN:8 DL:2.9MiB ETA:10m26s]
[#846b82 1.1GiB/2.9GiB(38%) CN:8 DL:2.9MiB ETA:10m30s]
[#846b82 1.1GiB/2.9GiB(39%) CN:8 DL:2.9MiB ETA:10m36s]
[#846b82 1.1GiB/2.9GiB(39%) CN:8 DL:2.9MiB ETA:10m37s]
[#846b82 1.1GiB/2.9GiB(39%) CN:8 DL:2.9MiB ETA:10m36s]
[#846b82 1.1GiB/2.9GiB(39%) CN:8 DL:2.8MiB ETA:10m38s]
[#846b82 1.1GiB/2.9GiB(39%) CN:8 DL:2.8MiB ETA:10m40s]
[#846b82 1.1GiB/2.9GiB(39%) CN:8 DL:2.8MiB ETA:10m36s]
[#846b82 1.1GiB/2.9GiB(39%) CN:8 DL:2.8MiB ETA:10m39s]
[#846b82 1.1GiB/2.9GiB(39%) CN:8 DL:2.8MiB ETA:10m38s]
[#846b82 1.1GiB/2.9GiB(39%) CN:8 DL:2.8MiB ETA:10m40s]
 *** Download Progress Summary as of Sun Oct  4 11:19:47 2026 *** 
===============================================================================
[#846b82 1.1GiB/2.9GiB(39%) CN:8 DL:2.9MiB ETA:10m28s]
FILE: /mnt/mydata/wja/reasoning-diff/assets/models/Qwen3-8B/model-00004-of-00005.safetensors
-------------------------------------------------------------------------------

[#8a3441 1.2GiB/3.7GiB(33%) CN:8 DL:2.9MiB ETA:14m34s]
[#8a3441 1.2GiB/3.7GiB(33%) CN:8 DL:2.9MiB ETA:14m33s]
[#8a3441 1.2GiB/3.7GiB(33%) CN:8 DL:2.9MiB ETA:14m24s]
[#8a3441 1.2GiB/3.7GiB(33%) CN:8 DL:2.9MiB ETA:14m20s]
[#8a3441 1.2GiB/3.7GiB(33%) CN:8 DL:2.9MiB ETA:14m22s]
[#8a3441 1.2GiB/3.7GiB(33%) CN:8 DL:2.9MiB ETA:14m10s]
[#8a3441 1.2GiB/3.7GiB(33%) CN:8 DL:2.9MiB ETA:14m14s]
[#8a3441 1.2GiB/3.7GiB(33%) CN:8 DL:2.9MiB ETA:14m16s]
[#8a3441 1.2GiB/3.7GiB(33%) CN:8 DL:2.9MiB ETA:14m13s]
[#8a3441 1.2GiB/3.7GiB(34%) CN:8 DL:2.9MiB ETA:14m17s]
[#8a3441 1.2GiB/3.7GiB(34%) CN:8 DL:2.9MiB ETA:14m9s]
[#8a3441 1.2GiB/3.7GiB(34%) CN:8 DL:3.0MiB ETA:13m50s]
[#8a3441 1.2GiB/3.7GiB(34%) CN:8 DL:3.0MiB ETA:13m49s]
[#8a3441 1.2GiB/3.7GiB(34%) CN:8 DL:3.0MiB ETA:13m50s]
[#8a3441 1.2GiB/3.7GiB(34%) CN:8 DL:2.9MiB ETA:13m54s]
[#8a3441 1.2GiB/3.7GiB(34%) CN:8 DL:2.9MiB ETA:13m57s]
[#8a3441 1.2GiB/3.7GiB(34%) CN:8 DL:2.9MiB ETA:13m59s]
[#8a3441 1.2GiB/3.7GiB(34%) CN:8 DL:2.9MiB ETA:14m3s]
[#8a3441 1.2GiB/3.7GiB(34%) CN:8 DL:2.9MiB ETA:14m]
[#8a3441 1.2GiB/3.7GiB(34%) CN:8 DL:2.9MiB ETA:14m1s]
[#8a3441 1.2GiB/3.7GiB(34%) CN:8 DL:2.8MiB ETA:14m18s]
[#8a3441 1.3GiB/3.7GiB(35%) CN:8 DL:2.8MiB ETA:14m17s]
[#8a3441 1.3GiB/3.7GiB(35%) CN:8 DL:2.8MiB ETA:14m20s]
[#8a3441 1.3GiB/3.7GiB(35%) CN:8 DL:2.8MiB ETA:14m13s]
[#8a3441 1.3GiB/3.7GiB(35%) CN:8 DL:2.9MiB ETA:14m1s]
[#8a3441 1.3GiB/3.7GiB(35%) CN:8 DL:2.9MiB ETA:14m3s]
[#8a3441 1.3GiB/3.7GiB(35%) CN:8 DL:2.9MiB ETA:13m59s]
[#8a3441 1.3GiB/3.7GiB(35%) CN:8 DL:2.9MiB ETA:13m58s]
[#8a3441 1.3GiB/3.7GiB(35%) CN:8 DL:2.9MiB ETA:13m56s]
[#8a3441 1.3GiB/3.7GiB(35%) CN:8 DL:2.9MiB ETA:13m58s]
 *** Download Progress Summary as of Sun Oct  4 11:20:06 2026 *** 
===============================================================================
[#8a3441 1.3GiB/3.7GiB(35%) CN:8 DL:2.9MiB ETA:14m]
FILE: /mnt/mydata/wja/reasoning-diff/assets/models/Qwen3-8B/model-00001-of-00005.safetensors
-------------------------------------------------------------------------------

[#c81886 1.2GiB/3.6GiB(33%) CN:8 DL:2.9MiB ETA:14m12s]
[#c81886 1.2GiB/3.6GiB(33%) CN:8 DL:2.9MiB ETA:14m21s]
[#c81886 1.2GiB/3.6GiB(33%) CN:8 DL:2.9MiB ETA:14m21s]
[#c81886 1.2GiB/3.6GiB(33%) CN:8 DL:2.9MiB ETA:14m18s]
[#c81886 1.2GiB/3.6GiB(33%) CN:8 DL:2.9MiB ETA:14m15s]
[#c81886 1.2GiB/3.6GiB(33%) CN:8 DL:2.9MiB ETA:14m5s]
[#c81886 1.2GiB/3.6GiB(33%) CN:8 DL:2.9MiB ETA:14m1s]
[#c81886 1.2GiB/3.6GiB(33%) CN:8 DL:2.9MiB ETA:14m]
[#c81886 1.2GiB/3.6GiB(33%) CN:8 DL:2.9MiB ETA:14m7s]
[#c81886 1.2GiB/3.6GiB(33%) CN:8 DL:2.9MiB ETA:14m12s]
[#c81886 1.2GiB/3.6GiB(33%) CN:8 DL:2.9MiB ETA:14m9s]
[#c81886 1.2GiB/3.6GiB(33%) CN:8 DL:2.9MiB ETA:14m3s]
[#c81886 1.2GiB/3.6GiB(33%) CN:8 DL:2.9MiB ETA:14m4s]
[#c81886 1.2GiB/3.6GiB(34%) CN:8 DL:2.9MiB ETA:13m57s]
[#c81886 1.2GiB/3.6GiB(34%) CN:8 DL:2.9MiB ETA:13m51s]
[#c81886 1.2GiB/3.6GiB(34%) CN:8 DL:2.9MiB ETA:13m51s]
[#c81886 1.2GiB/3.6GiB(34%) CN:8 DL:2.9MiB ETA:13m48s]
[#c81886 1.2GiB/3.6GiB(34%) CN:8 DL:3.0MiB ETA:13m45s]
[#c81886 1.2GiB/3.6GiB(34%) CN:8 DL:3.0MiB ETA:13m37s]
[#c81886 1.2GiB/3.6GiB(34%) CN:8 DL:3.0MiB ETA:13m30s]
[#c81886 1.2GiB/3.6GiB(34%) CN:8 DL:3.1MiB ETA:13m3s]
[#c81886 1.2GiB/3.6GiB(34%) CN:8 DL:3.1MiB ETA:12m59s]
[#c81886 1.2GiB/3.6GiB(34%) CN:8 DL:3.1MiB ETA:13m]
[#c81886 1.2GiB/3.6GiB(34%) CN:8 DL:3.1MiB ETA:13m2s]
[#c81886 1.2GiB/3.6GiB(34%) CN:8 DL:3.1MiB ETA:13m9s]
[#c81886 1.2GiB/3.6GiB(35%) CN:8 DL:3.1MiB ETA:13m9s]
[#c81886 1.2GiB/3.6GiB(35%) CN:8 DL:3.1MiB ETA:13m8s]
[#c81886 1.2GiB/3.6GiB(35%) CN:8 DL:3.1MiB ETA:13m8s]
[#c81886 1.3GiB/3.6GiB(35%) CN:8 DL:3.1MiB ETA:13m5s]
[#c81886 1.3GiB/3.6GiB(35%) CN:8 DL:3.1MiB ETA:13m2s]
 *** Download Progress Summary as of Sun Oct  4 11:20:09 2026 *** 
===============================================================================
[#c81886 1.3GiB/3.6GiB(35%) CN:8 DL:3.1MiB ETA:12m59s]
FILE: /mnt/mydata/wja/reasoning-diff/assets/models/Qwen3-8B/model-00003-of-00005.safetensors
-------------------------------------------------------------------------------

[#9f16c5 727MiB/3.7GiB(19%) CN:8 DL:1.6MiB ETA:31m35s]
[#9f16c5 728MiB/3.7GiB(19%) CN:8 DL:1.6MiB ETA:31m50s]
[#9f16c5 730MiB/3.7GiB(19%) CN:8 DL:1.6MiB ETA:31m55s]
[#9f16c5 732MiB/3.7GiB(19%) CN:8 DL:1.6MiB ETA:31m37s]
[#9f16c5 734MiB/3.7GiB(19%) CN:8 DL:1.6MiB ETA:31m36s]
[#9f16c5 735MiB/3.7GiB(19%) CN:8 DL:1.6MiB ETA:31m32s]
[#9f16c5 737MiB/3.7GiB(19%) CN:8 DL:1.6MiB ETA:31m25s]
[#9f16c5 739MiB/3.7GiB(19%) CN:8 DL:1.6MiB ETA:30m54s]
[#9f16c5 740MiB/3.7GiB(19%) CN:8 DL:1.6MiB ETA:31m3s]
[#9f16c5 742MiB/3.7GiB(19%) CN:8 DL:1.6MiB ETA:31m8s]
[#9f16c5 743MiB/3.7GiB(19%) CN:8 DL:1.6MiB ETA:31m15s]
[#9f16c5 745MiB/3.7GiB(19%) CN:8 DL:1.6MiB ETA:31m13s]
[#9f16c5 747MiB/3.7GiB(19%) CN:8 DL:1.6MiB ETA:31m30s]
[#9f16c5 748MiB/3.7GiB(19%) CN:8 DL:1.6MiB ETA:31m40s]
[#9f16c5 750MiB/3.7GiB(19%) CN:8 DL:1.5MiB ETA:31m55s]
[#9f16c5 752MiB/3.7GiB(19%) CN:8 DL:1.6MiB ETA:31m32s]
[#9f16c5 754MiB/3.7GiB(19%) CN:8 DL:1.6MiB ETA:31m31s]
[#9f16c5 755MiB/3.7GiB(19%) CN:8 DL:1.6MiB ETA:30m57s]
[#9f16c5 757MiB/3.7GiB(19%) CN:8 DL:1.6MiB ETA:31m8s]
[#9f16c5 758MiB/3.7GiB(19%) CN:8 DL:1.6MiB ETA:31m4s]
[#9f16c5 760MiB/3.7GiB(19%) CN:8 DL:1.6MiB ETA:31m6s]
[#9f16c5 762MiB/3.7GiB(20%) CN:8 DL:1.6MiB ETA:30m55s]
[#9f16c5 763MiB/3.7GiB(20%) CN:8 DL:1.6MiB ETA:31m3s]
[#9f16c5 765MiB/3.7GiB(20%) CN:8 DL:1.6MiB ETA:30m45s]
[#9f16c5 767MiB/3.7GiB(20%) CN:8 DL:1.6MiB ETA:30m48s]
[#9f16c5 769MiB/3.7GiB(20%) CN:8 DL:1.6MiB ETA:30m52s]
[#9f16c5 770MiB/3.7GiB(20%) CN:8 DL:1.6MiB ETA:30m47s]
[#9f16c5 772MiB/3.7GiB(20%) CN:8 DL:1.6MiB ETA:30m36s]
[#9f16c5 774MiB/3.7GiB(20%) CN:8 DL:1.6MiB ETA:30m34s]
[#9f16c5 776MiB/3.7GiB(20%) CN:8 DL:1.6MiB ETA:30m30s]
 *** Download Progress Summary as of Sun Oct  4 11:20:10 2026 *** 
===============================================================================
[#9f16c5 777MiB/3.7GiB(20%) CN:8 DL:1.6MiB ETA:30m17s]
FILE: /mnt/mydata/wja/reasoning-diff/assets/models/Qwen3-8B/model-00002-of-00005.safetensors
-------------------------------------------------------------------------------

[#846b82 1.1GiB/2.9GiB(39%) CN:8 DL:2.9MiB ETA:10m28s]
[#846b82 1.1GiB/2.9GiB(40%) CN:8 DL:2.8MiB ETA:10m31s]
[#846b82 1.1GiB/2.9GiB(40%) CN:8 DL:2.8MiB ETA:10m33s]
[#846b82 1.1GiB/2.9GiB(40%) CN:8 DL:2.8MiB ETA:10m37s]
[#846b82 1.1GiB/2.9GiB(40%) CN:8 DL:2.8MiB ETA:10m39s]
[#846b82 1.1GiB/2.9GiB(40%) CN:8 DL:2.8MiB ETA:10m43s]
[#846b82 1.2GiB/2.9GiB(40%) CN:8 DL:2.8MiB ETA:10m44s]
[#846b82 1.2GiB/2.9GiB(40%) CN:8 DL:2.7MiB ETA:10m45s]
[#846b82 1.2GiB/2.9GiB(40%) CN:8 DL:2.7MiB ETA:10m56s]
[#846b82 1.2GiB/2.9GiB(40%) CN:8 DL:2.7MiB ETA:11m1s]
[#846b82 1.2GiB/2.9GiB(40%) CN:8 DL:2.7MiB ETA:10m58s]
[#846b82 1.2GiB/2.9GiB(40%) CN:8 DL:2.7MiB ETA:10m53s]
[#846b82 1.2GiB/2.9GiB(41%) CN:8 DL:2.7MiB ETA:10m50s]
[#846b82 1.2GiB/2.9GiB(41%) CN:8 DL:2.7MiB ETA:10m49s]
[#846b82 1.2GiB/2.9GiB(41%) CN:8 DL:2.7MiB ETA:10m42s]
[#846b82 1.2GiB/2.9GiB(41%) CN:8 DL:2.7MiB ETA:10m39s]
[#846b82 1.2GiB/2.9GiB(41%) CN:8 DL:2.7MiB ETA:10m39s]
[#846b82 1.2GiB/2.9GiB(41%) CN:8 DL:2.8MiB ETA:10m31s]
[#846b82 1.2GiB/2.9GiB(41%) CN:8 DL:2.8MiB ETA:10m30s]
[#846b82 1.2GiB/2.9GiB(41%) CN:8 DL:2.8MiB ETA:10m29s]
[#846b82 1.2GiB/2.9GiB(41%) CN:8 DL:2.7MiB ETA:10m31s]
[#846b82 1.2GiB/2.9GiB(41%) CN:8 DL:2.7MiB ETA:10m32s]
[#846b82 1.2GiB/2.9GiB(41%) CN:8 DL:2.7MiB ETA:10m31s]
[#846b82 1.2GiB/2.9GiB(42%) CN:8 DL:2.7MiB ETA:10m32s]
[#846b82 1.2GiB/2.9GiB(42%) CN:8 DL:2.7MiB ETA:10m34s]
[#846b82 1.2GiB/2.9GiB(42%) CN:8 DL:2.8MiB ETA:10m26s]
[#846b82 1.2GiB/2.9GiB(42%) CN:8 DL:2.7MiB ETA:10m28s]
[#846b82 1.2GiB/2.9GiB(42%) CN:8 DL:2.7MiB ETA:10m28s]
[#846b82 1.2GiB/2.9GiB(42%) CN:8 DL:2.7MiB ETA:10m23s]
[#846b82 1.2GiB/2.9GiB(42%) CN:8 DL:2.7MiB ETA:10m23s]
 *** Download Progress Summary as of Sun Oct  4 11:20:17 2026 *** 
===============================================================================
[#846b82 1.2GiB/2.9GiB(42%) CN:8 DL:2.7MiB ETA:10m21s]
FILE: /mnt/mydata/wja/reasoning-diff/assets/models/Qwen3-8B/model-00004-of-00005.safetensors
-------------------------------------------------------------------------------

[#8a3441 1.3GiB/3.7GiB(35%) CN:8 DL:2.9MiB ETA:14m]
[#8a3441 1.3GiB/3.7GiB(35%) CN:8 DL:2.9MiB ETA:13m56s]
[#8a3441 1.3GiB/3.7GiB(35%) CN:8 DL:2.9MiB ETA:13m57s]
[#8a3441 1.3GiB/3.7GiB(35%) CN:8 DL:2.8MiB ETA:14m6s]
[#8a3441 1.3GiB/3.7GiB(36%) CN:8 DL:2.9MiB ETA:13m59s]
[#8a3441 1.3GiB/3.7GiB(36%) CN:8 DL:2.8MiB ETA:14m9s]
[#8a3441 1.3GiB/3.7GiB(36%) CN:8 DL:2.8MiB ETA:14m14s]
[#8a3441 1.3GiB/3.7GiB(36%) CN:8 DL:2.8MiB ETA:14m9s]
[#8a3441 1.3GiB/3.7GiB(36%) CN:8 DL:2.8MiB ETA:14m4s]
[#8a3441 1.3GiB/3.7GiB(36%) CN:8 DL:2.8MiB ETA:14m]
[#8a3441 1.3GiB/3.7GiB(36%) CN:8 DL:2.9MiB ETA:13m52s]
[#8a3441 1.3GiB/3.7GiB(36%) CN:8 DL:2.9MiB ETA:13m48s]
[#8a3441 1.3GiB/3.7GiB(36%) CN:8 DL:2.9MiB ETA:13m49s]
[#8a3441 1.3GiB/3.7GiB(36%) CN:8 DL:2.9MiB ETA:13m48s]
[#8a3441 1.3GiB/3.7GiB(36%) CN:8 DL:2.9MiB ETA:13m42s]
[#8a3441 1.3GiB/3.7GiB(36%) CN:8 DL:2.9MiB ETA:13m30s]
[#8a3441 1.3GiB/3.7GiB(36%) CN:8 DL:2.9MiB ETA:13m20s]
[#8a3441 1.3GiB/3.7GiB(37%) CN:8 DL:3.0MiB ETA:13m17s]
[#8a3441 1.3GiB/3.7GiB(37%) CN:8 DL:3.0MiB ETA:13m17s]
[#8a3441 1.3GiB/3.7GiB(37%) CN:8 DL:3.0MiB ETA:13m16s]
[#8a3441 1.3GiB/3.7GiB(37%) CN:8 DL:2.9MiB ETA:13m25s]
[#8a3441 1.3GiB/3.7GiB(37%) CN:8 DL:2.9MiB ETA:13m23s]
[#8a3441 1.3GiB/3.7GiB(37%) CN:8 DL:2.9MiB ETA:13m17s]
[#8a3441 1.3GiB/3.7GiB(37%) CN:8 DL:2.9MiB ETA:13m14s]
[#8a3441 1.3GiB/3.7GiB(37%) CN:8 DL:2.9MiB ETA:13m19s]
[#8a3441 1.4GiB/3.7GiB(37%) CN:8 DL:2.9MiB ETA:13m27s]
[#8a3441 1.4GiB/3.7GiB(37%) CN:8 DL:2.9MiB ETA:13m15s]
[#8a3441 1.4GiB/3.7GiB(37%) CN:8 DL:2.9MiB ETA:13m14s]
[#8a3441 1.4GiB/3.7GiB(37%) CN:8 DL:2.9MiB ETA:13m16s]
[#8a3441 1.4GiB/3.7GiB(37%) CN:8 DL:2.9MiB ETA:13m22s]
 *** Download Progress Summary as of Sun Oct  4 11:20:37 2026 *** 
===============================================================================
[#8a3441 1.4GiB/3.7GiB(38%) CN:8 DL:2.9MiB ETA:13m24s]
FILE: /mnt/mydata/wja/reasoning-diff/assets/models/Qwen3-8B/model-00001-of-00005.safetensors
-------------------------------------------------------------------------------

[#c81886 1.3GiB/3.6GiB(35%) CN:8 DL:3.1MiB ETA:12m59s]
[#c81886 1.3GiB/3.6GiB(35%) CN:8 DL:3.1MiB ETA:12m52s]
[#c81886 1.3GiB/3.6GiB(35%) CN:8 DL:3.1MiB ETA:12m49s]
[#c81886 1.3GiB/3.6GiB(35%) CN:8 DL:3.1MiB ETA:12m48s]
[#c81886 1.3GiB/3.6GiB(35%) CN:8 DL:3.1MiB ETA:12m49s]
[#c81886 1.3GiB/3.6GiB(35%) CN:8 DL:3.1MiB ETA:12m49s]
[#c81886 1.3GiB/3.6GiB(35%) CN:8 DL:3.1MiB ETA:12m53s]
[#c81886 1.3GiB/3.6GiB(36%) CN:8 DL:3.1MiB ETA:12m46s]
[#c81886 1.3GiB/3.6GiB(36%) CN:8 DL:3.1MiB ETA:12m53s]
[#c81886 1.3GiB/3.6GiB(36%) CN:8 DL:3.0MiB ETA:13m]
[#c81886 1.3GiB/3.6GiB(36%) CN:8 DL:3.0MiB ETA:13m8s]
[#c81886 1.3GiB/3.6GiB(36%) CN:8 DL:3.0MiB ETA:13m11s]
[#c81886 1.3GiB/3.6GiB(36%) CN:8 DL:3.0MiB ETA:13m13s]
[#c81886 1.3GiB/3.6GiB(36%) CN:8 DL:3.0MiB ETA:13m4s]
[#c81886 1.3GiB/3.6GiB(36%) CN:8 DL:3.0MiB ETA:13m6s]
[#c81886 1.3GiB/3.6GiB(36%) CN:8 DL:3.0MiB ETA:13m6s]
[#c81886 1.3GiB/3.6GiB(36%) CN:8 DL:3.0MiB ETA:13m13s]
[#c81886 1.3GiB/3.6GiB(36%) CN:8 DL:3.0MiB ETA:13m13s]
[#c81886 1.3GiB/3.6GiB(36%) CN:8 DL:3.0MiB ETA:13m9s]
[#c81886 1.3GiB/3.6GiB(37%) CN:8 DL:3.0MiB ETA:13m7s]
[#c81886 1.3GiB/3.6GiB(37%) CN:8 DL:3.0MiB ETA:12m54s]
[#c81886 1.3GiB/3.6GiB(37%) CN:8 DL:3.0MiB ETA:12m50s]
[#c81886 1.3GiB/3.6GiB(37%) CN:8 DL:3.0MiB ETA:12m53s]
[#c81886 1.3GiB/3.6GiB(37%) CN:8 DL:3.0MiB ETA:13m1s]
[#c81886 1.3GiB/3.6GiB(37%) CN:8 DL:3.0MiB ETA:12m59s]
[#c81886 1.3GiB/3.6GiB(37%) CN:8 DL:3.0MiB ETA:12m53s]
[#c81886 1.3GiB/3.6GiB(37%) CN:8 DL:3.0MiB ETA:12m53s]
[#c81886 1.3GiB/3.6GiB(37%) CN:8 DL:3.0MiB ETA:12m54s]
[#c81886 1.3GiB/3.6GiB(37%) CN:8 DL:3.0MiB ETA:12m56s]
[#c81886 1.3GiB/3.6GiB(37%) CN:8 DL:3.0MiB ETA:12m49s]
 *** Download Progress Summary as of Sun Oct  4 11:20:40 2026 *** 
===============================================================================
[#c81886 1.3GiB/3.6GiB(37%) CN:8 DL:3.0MiB ETA:13m]
FILE: /mnt/mydata/wja/reasoning-diff/assets/models/Qwen3-8B/model-00003-of-00005.safetensors
-------------------------------------------------------------------------------

[#9f16c5 777MiB/3.7GiB(20%) CN:8 DL:1.6MiB ETA:30m17s]
[#9f16c5 779MiB/3.7GiB(20%) CN:8 DL:1.6MiB ETA:30m7s]
[#9f16c5 781MiB/3.7GiB(20%) CN:8 DL:1.6MiB ETA:30m25s]
[#9f16c5 783MiB/3.7GiB(20%) CN:8 DL:1.6MiB ETA:30m16s]
[#9f16c5 784MiB/3.7GiB(20%) CN:8 DL:1.6MiB ETA:30m26s]
[#9f16c5 786MiB/3.7GiB(20%) CN:8 DL:1.6MiB ETA:30m35s]
[#9f16c5 787MiB/3.7GiB(20%) CN:8 DL:1.6MiB ETA:30m56s]
[#9f16c5 789MiB/3.7GiB(20%) CN:8 DL:1.6MiB ETA:31m7s]
[#9f16c5 791MiB/3.7GiB(20%) CN:8 DL:1.6MiB ETA:30m48s]
[#9f16c5 792MiB/3.7GiB(20%) CN:8 DL:1.6MiB ETA:30m45s]
[#9f16c5 794MiB/3.7GiB(20%) CN:8 DL:1.6MiB ETA:30m26s]
[#9f16c5 796MiB/3.7GiB(20%) CN:8 DL:1.6MiB ETA:30m7s]
[#9f16c5 798MiB/3.7GiB(20%) CN:8 DL:1.6MiB ETA:30m12s]
[#9f16c5 799MiB/3.7GiB(20%) CN:8 DL:1.6MiB ETA:30m20s]
[#9f16c5 801MiB/3.7GiB(21%) CN:8 DL:1.6MiB ETA:30m33s]
[#9f16c5 802MiB/3.7GiB(21%) CN:8 DL:1.6MiB ETA:30m57s]
[#9f16c5 804MiB/3.7GiB(21%) CN:8 DL:1.6MiB ETA:30m27s]
[#9f16c5 806MiB/3.7GiB(21%) CN:8 DL:1.6MiB ETA:30m50s]
[#9f16c5 807MiB/3.7GiB(21%) CN:8 DL:1.6MiB ETA:30m54s]
[#9f16c5 809MiB/3.7GiB(21%) CN:8 DL:1.6MiB ETA:30m52s]
[#9f16c5 811MiB/3.7GiB(21%) CN:8 DL:1.6MiB ETA:30m6s]
[#9f16c5 813MiB/3.7GiB(21%) CN:8 DL:1.6MiB ETA:30m22s]
[#9f16c5 814MiB/3.7GiB(21%) CN:8 DL:1.6MiB ETA:30m6s]
[#9f16c5 816MiB/3.7GiB(21%) CN:8 DL:1.6MiB ETA:30m5s]
[#9f16c5 818MiB/3.7GiB(21%) CN:8 DL:1.6MiB ETA:30m5s]
[#9f16c5 819MiB/3.7GiB(21%) CN:8 DL:1.6MiB ETA:30m14s]
[#9f16c5 821MiB/3.7GiB(21%) CN:8 DL:1.6MiB ETA:29m58s]
[#9f16c5 822MiB/3.7GiB(21%) CN:8 DL:1.6MiB ETA:30m5s]
[#9f16c5 824MiB/3.7GiB(21%) CN:8 DL:1.6MiB ETA:30m35s]
[#9f16c5 826MiB/3.7GiB(21%) CN:8 DL:1.6MiB ETA:30m41s]
 *** Download Progress Summary as of Sun Oct  4 11:20:41 2026 *** 
===============================================================================
[#9f16c5 827MiB/3.7GiB(21%) CN:8 DL:1.6MiB ETA:30m59s]
FILE: /mnt/mydata/wja/reasoning-diff/assets/models/Qwen3-8B/model-00002-of-00005.safetensors
-------------------------------------------------------------------------------

[#846b82 1.2GiB/2.9GiB(42%) CN:8 DL:2.7MiB ETA:10m21s]
[#846b82 1.2GiB/2.9GiB(42%) CN:8 DL:2.7MiB ETA:10m27s]
[#846b82 1.2GiB/2.9GiB(42%) CN:8 DL:2.7MiB ETA:10m25s]
[#846b82 1.2GiB/2.9GiB(42%) CN:8 DL:2.7MiB ETA:10m24s]
[#846b82 1.2GiB/2.9GiB(43%) CN:8 DL:2.7MiB ETA:10m24s]
[#846b82 1.2GiB/2.9GiB(43%) CN:8 DL:2.7MiB ETA:10m21s]
[#846b82 1.2GiB/2.9GiB(43%) CN:8 DL:2.7MiB ETA:10m21s]
[#846b82 1.2GiB/2.9GiB(43%) CN:8 DL:2.7MiB ETA:10m24s]
[#846b82 1.2GiB/2.9GiB(43%) CN:8 DL:2.7MiB ETA:10m22s]
[#846b82 1.2GiB/2.9GiB(43%) CN:8 DL:2.7MiB ETA:10m21s]
[#846b82 1.2GiB/2.9GiB(43%) CN:8 DL:2.7MiB ETA:10m19s]
[#846b82 1.2GiB/2.9GiB(43%) CN:8 DL:2.7MiB ETA:10m25s]
[#846b82 1.3GiB/2.9GiB(43%) CN:8 DL:2.7MiB ETA:10m24s]
[#846b82 1.3GiB/2.9GiB(43%) CN:8 DL:2.7MiB ETA:10m16s]
[#846b82 1.3GiB/2.9GiB(44%) CN:8 DL:2.7MiB ETA:10m16s]
[#846b82 1.3GiB/2.9GiB(44%) CN:8 DL:2.7MiB ETA:10m20s]
[#846b82 1.3GiB/2.9GiB(44%) CN:8 DL:2.7MiB ETA:10m20s]
[#846b82 1.3GiB/2.9GiB(44%) CN:8 DL:2.7MiB ETA:10m22s]
[#846b82 1.3GiB/2.9GiB(44%) CN:8 DL:2.6MiB ETA:10m28s]
[#846b82 1.3GiB/2.9GiB(44%) CN:8 DL:2.6MiB ETA:10m27s]
[#846b82 1.3GiB/2.9GiB(44%) CN:8 DL:2.6MiB ETA:10m27s]
[#846b82 1.3GiB/2.9GiB(44%) CN:8 DL:2.7MiB ETA:10m17s]
[#846b82 1.3GiB/2.9GiB(44%) CN:8 DL:2.6MiB ETA:10m29s]
[#846b82 1.3GiB/2.9GiB(44%) CN:8 DL:2.7MiB ETA:10m16s]
[#846b82 1.3GiB/2.9GiB(44%) CN:8 DL:2.7MiB ETA:10m8s]
[#846b82 1.3GiB/2.9GiB(45%) CN:8 DL:2.7MiB ETA:10m11s]
[#846b82 1.3GiB/2.9GiB(45%) CN:8 DL:2.7MiB ETA:10m11s]
[#846b82 1.3GiB/2.9GiB(45%) CN:8 DL:2.7MiB ETA:10m11s]
[#846b82 1.3GiB/2.9GiB(45%) CN:8 DL:2.6MiB ETA:10m16s]
[#846b82 1.3GiB/2.9GiB(45%) CN:8 DL:2.6MiB ETA:10m20s]
 *** Download Progress Summary as of Sun Oct  4 11:20:48 2026 *** 
===============================================================================
[#846b82 1.3GiB/2.9GiB(45%) CN:8 DL:2.6MiB ETA:10m25s]
FILE: /mnt/mydata/wja/reasoning-diff/assets/models/Qwen3-8B/model-00004-of-00005.safetensors
-------------------------------------------------------------------------------

[#8a3441 1.4GiB/3.7GiB(38%) CN:8 DL:2.9MiB ETA:13m24s]
[#8a3441 1.4GiB/3.7GiB(38%) CN:8 DL:2.9MiB ETA:13m28s]
[#8a3441 1.4GiB/3.7GiB(38%) CN:8 DL:2.9MiB ETA:13m12s]
[#8a3441 1.4GiB/3.7GiB(38%) CN:8 DL:2.9MiB ETA:13m7s]
[#8a3441 1.4GiB/3.7GiB(38%) CN:8 DL:2.9MiB ETA:13m7s]
[#8a3441 1.4GiB/3.7GiB(38%) CN:8 DL:3.0MiB ETA:12m53s]
[#8a3441 1.4GiB/3.7GiB(38%) CN:8 DL:3.0MiB ETA:12m51s]
[#8a3441 1.4GiB/3.7GiB(38%) CN:8 DL:3.0MiB ETA:12m55s]
[#8a3441 1.4GiB/3.7GiB(38%) CN:8 DL:3.0MiB ETA:12m56s]
[#8a3441 1.4GiB/3.7GiB(38%) CN:8 DL:3.0MiB ETA:12m52s]
[#8a3441 1.4GiB/3.7GiB(38%) CN:8 DL:3.0MiB ETA:12m51s]
[#8a3441 1.4GiB/3.7GiB(38%) CN:8 DL:2.9MiB ETA:12m55s]
[#8a3441 1.4GiB/3.7GiB(39%) CN:8 DL:2.9MiB ETA:12m54s]
[#8a3441 1.4GiB/3.7GiB(39%) CN:8 DL:2.9MiB ETA:12m53s]
[#8a3441 1.4GiB/3.7GiB(39%) CN:8 DL:2.9MiB ETA:13m6s]
[#8a3441 1.4GiB/3.7GiB(39%) CN:8 DL:2.9MiB ETA:13m3s]
[#8a3441 1.4GiB/3.7GiB(39%) CN:8 DL:2.9MiB ETA:12m59s]
[#8a3441 1.4GiB/3.7GiB(39%) CN:8 DL:2.9MiB ETA:13m3s]
[#8a3441 1.4GiB/3.7GiB(39%) CN:8 DL:3.0MiB ETA:12m45s]
[#8a3441 1.4GiB/3.7GiB(39%) CN:8 DL:2.9MiB ETA:12m48s]
[#8a3441 1.4GiB/3.7GiB(39%) CN:8 DL:3.0MiB ETA:12m44s]
[#8a3441 1.4GiB/3.7GiB(39%) CN:8 DL:3.0MiB ETA:12m41s]
[#8a3441 1.4GiB/3.7GiB(39%) CN:8 DL:2.9MiB ETA:12m47s]
[#8a3441 1.4GiB/3.7GiB(39%) CN:8 DL:3.0MiB ETA:12m39s]
[#8a3441 1.4GiB/3.7GiB(40%) CN:8 DL:3.0MiB ETA:12m35s]
[#8a3441 1.4GiB/3.7GiB(40%) CN:8 DL:3.0MiB ETA:12m33s]
[#8a3441 1.4GiB/3.7GiB(40%) CN:8 DL:3.0MiB ETA:12m28s]
[#8a3441 1.4GiB/3.7GiB(40%) CN:8 DL:3.0MiB ETA:12m34s]
[#8a3441 1.5GiB/3.7GiB(40%) CN:8 DL:3.0MiB ETA:12m32s]
[#8a3441 1.5GiB/3.7GiB(40%) CN:8 DL:3.0MiB ETA:12m31s]
 *** Download Progress Summary as of Sun Oct  4 11:21:08 2026 *** 
===============================================================================
[#8a3441 1.5GiB/3.7GiB(40%) CN:8 DL:3.0MiB ETA:12m30s]
FILE: /mnt/mydata/wja/reasoning-diff/assets/models/Qwen3-8B/model-00001-of-00005.safetensors
-------------------------------------------------------------------------------

[#c81886 1.3GiB/3.6GiB(37%) CN:8 DL:3.0MiB ETA:13m]
[#c81886 1.4GiB/3.6GiB(38%) CN:8 DL:2.9MiB ETA:13m14s]
[#c81886 1.4GiB/3.6GiB(38%) CN:8 DL:2.9MiB ETA:13m4s]
[#c81886 1.4GiB/3.6GiB(38%) CN:8 DL:2.9MiB ETA:12m57s]
[#c81886 1.4GiB/3.6GiB(38%) CN:8 DL:3.0MiB ETA:12m43s]
[#c81886 1.4GiB/3.6GiB(38%) CN:8 DL:3.0MiB ETA:12m42s]
[#c81886 1.4GiB/3.6GiB(38%) CN:8 DL:3.0MiB ETA:12m43s]
[#c81886 1.4GiB/3.6GiB(38%) CN:8 DL:3.0MiB ETA:12m35s]
[#c81886 1.4GiB/3.6GiB(38%) CN:8 DL:3.0MiB ETA:12m29s]
[#c81886 1.4GiB/3.6GiB(38%) CN:8 DL:3.1MiB ETA:12m22s]
[#c81886 1.4GiB/3.6GiB(38%) CN:8 DL:3.1MiB ETA:12m12s]
[#c81886 1.4GiB/3.6GiB(38%) CN:8 DL:3.1MiB ETA:12m8s]
[#c81886 1.4GiB/3.6GiB(38%) CN:8 DL:3.1MiB ETA:12m6s]
[#c81886 1.4GiB/3.6GiB(39%) CN:8 DL:3.1MiB ETA:12m7s]
[#c81886 1.4GiB/3.6GiB(39%) CN:8 DL:3.1MiB ETA:12m8s]
[#c81886 1.4GiB/3.6GiB(39%) CN:8 DL:3.1MiB ETA:11m57s]
[#c81886 1.4GiB/3.6GiB(39%) CN:8 DL:3.1MiB ETA:11m56s]
[#c81886 1.4GiB/3.6GiB(39%) CN:8 DL:3.1MiB ETA:11m59s]
[#c81886 1.4GiB/3.6GiB(39%) CN:8 DL:3.1MiB ETA:12m]
[#c81886 1.4GiB/3.6GiB(39%) CN:8 DL:3.1MiB ETA:12m7s]
[#c81886 1.4GiB/3.6GiB(39%) CN:8 DL:3.1MiB ETA:12m10s]
[#c81886 1.4GiB/3.6GiB(39%) CN:8 DL:3.1MiB ETA:12m8s]
[#c81886 1.4GiB/3.6GiB(39%) CN:8 DL:3.1MiB ETA:12m8s]
[#c81886 1.4GiB/3.6GiB(39%) CN:8 DL:3.1MiB ETA:12m7s]
[#c81886 1.4GiB/3.6GiB(40%) CN:8 DL:3.1MiB ETA:12m7s]
[#c81886 1.4GiB/3.6GiB(40%) CN:8 DL:3.1MiB ETA:12m7s]
[#c81886 1.4GiB/3.6GiB(40%) CN:8 DL:3.0MiB ETA:12m9s]
[#c81886 1.4GiB/3.6GiB(40%) CN:8 DL:3.1MiB ETA:12m5s]
[#c81886 1.4GiB/3.6GiB(40%) CN:8 DL:3.0MiB ETA:12m8s]
 *** Download Progress Summary as of Sun Oct  4 11:21:10 2026 *** 
===============================================================================
[#c81886 1.4GiB/3.6GiB(40%) CN:8 DL:3.0MiB ETA:12m6s]
FILE: /mnt/mydata/wja/reasoning-diff/assets/models/Qwen3-8B/model-00003-of-00005.safetensors
-------------------------------------------------------------------------------

[#9f16c5 827MiB/3.7GiB(21%) CN:8 DL:1.6MiB ETA:30m59s]
[#9f16c5 829MiB/3.7GiB(21%) CN:8 DL:1.5MiB ETA:31m18s]
[#9f16c5 831MiB/3.7GiB(21%) CN:8 DL:1.6MiB ETA:30m48s]
[#9f16c5 833MiB/3.7GiB(21%) CN:8 DL:1.6MiB ETA:30m40s]
[#9f16c5 835MiB/3.7GiB(21%) CN:8 DL:1.6MiB ETA:30m36s]
[#9f16c5 836MiB/3.7GiB(21%) CN:8 DL:1.6MiB ETA:30m36s]
[#9f16c5 838MiB/3.7GiB(22%) CN:8 DL:1.6MiB ETA:30m5s]
[#9f16c5 840MiB/3.7GiB(22%) CN:8 DL:1.6MiB ETA:30m16s]
[#9f16c5 841MiB/3.7GiB(22%) CN:8 DL:1.6MiB ETA:29m52s]
[#9f16c5 843MiB/3.7GiB(22%) CN:8 DL:1.6MiB ETA:29m55s]
[#9f16c5 844MiB/3.7GiB(22%) CN:8 DL:1.6MiB ETA:30m5s]
[#9f16c5 846MiB/3.7GiB(22%) CN:8 DL:1.6MiB ETA:30m15s]
[#9f16c5 848MiB/3.7GiB(22%) CN:8 DL:1.6MiB ETA:29m28s]
[#9f16c5 850MiB/3.7GiB(22%) CN:8 DL:1.6MiB ETA:29m29s]
[#9f16c5 851MiB/3.7GiB(22%) CN:8 DL:1.6MiB ETA:29m12s]
[#9f16c5 853MiB/3.7GiB(22%) CN:8 DL:1.6MiB ETA:29m39s]
[#9f16c5 854MiB/3.7GiB(22%) CN:8 DL:1.6MiB ETA:30m15s]
[#9f16c5 856MiB/3.7GiB(22%) CN:8 DL:1.6MiB ETA:30m29s]
[#9f16c5 857MiB/3.7GiB(22%) CN:8 DL:1.5MiB ETA:30m56s]
[#9f16c5 859MiB/3.7GiB(22%) CN:8 DL:1.6MiB ETA:30m36s]
[#9f16c5 861MiB/3.7GiB(22%) CN:8 DL:1.6MiB ETA:30m17s]
[#9f16c5 863MiB/3.7GiB(22%) CN:8 DL:1.6MiB ETA:30m3s]
[#9f16c5 865MiB/3.7GiB(22%) CN:8 DL:1.6MiB ETA:29m42s]
[#9f16c5 866MiB/3.7GiB(22%) CN:8 DL:1.6MiB ETA:29m36s]
[#9f16c5 868MiB/3.7GiB(22%) CN:8 DL:1.6MiB ETA:29m30s]
[#9f16c5 870MiB/3.7GiB(22%) CN:8 DL:1.6MiB ETA:29m17s]
[#9f16c5 871MiB/3.7GiB(22%) CN:8 DL:1.6MiB ETA:29m31s]
[#9f16c5 873MiB/3.7GiB(22%) CN:8 DL:1.6MiB ETA:29m27s]
[#9f16c5 875MiB/3.7GiB(22%) CN:8 DL:1.6MiB ETA:29m9s]
[#9f16c5 876MiB/3.7GiB(23%) CN:8 DL:1.6MiB ETA:28m51s]
 *** Download Progress Summary as of Sun Oct  4 11:21:11 2026 *** 
===============================================================================
[#9f16c5 878MiB/3.7GiB(23%) CN:8 DL:1.6MiB ETA:29m2s]
FILE: /mnt/mydata/wja/reasoning-diff/assets/models/Qwen3-8B/model-00002-of-00005.safetensors
-------------------------------------------------------------------------------

[#846b82 1.3GiB/2.9GiB(45%) CN:8 DL:2.6MiB ETA:10m25s]
[#846b82 1.3GiB/2.9GiB(45%) CN:8 DL:2.6MiB ETA:10m24s]
[#846b82 1.3GiB/2.9GiB(45%) CN:8 DL:2.6MiB ETA:10m28s]
[#846b82 1.3GiB/2.9GiB(45%) CN:8 DL:2.5MiB ETA:10m39s]
[#846b82 1.3GiB/2.9GiB(45%) CN:8 DL:2.5MiB ETA:10m40s]
[#846b82 1.3GiB/2.9GiB(45%) CN:8 DL:2.5MiB ETA:10m40s]
[#846b82 1.3GiB/2.9GiB(46%) CN:8 DL:2.5MiB ETA:10m38s]
[#846b82 1.3GiB/2.9GiB(46%) CN:8 DL:2.5MiB ETA:10m34s]
[#846b82 1.3GiB/2.9GiB(46%) CN:8 DL:2.6MiB ETA:10m28s]
[#846b82 1.3GiB/2.9GiB(46%) CN:8 DL:2.5MiB ETA:10m29s]
[#846b82 1.3GiB/2.9GiB(46%) CN:8 DL:2.5MiB ETA:10m28s]
[#846b82 1.3GiB/2.9GiB(46%) CN:8 DL:2.5MiB ETA:10m26s]
[#846b82 1.3GiB/2.9GiB(46%) CN:8 DL:2.5MiB ETA:10m26s]
[#846b82 1.3GiB/2.9GiB(46%) CN:8 DL:2.6MiB ETA:10m22s]
[#846b82 1.3GiB/2.9GiB(46%) CN:8 DL:2.6MiB ETA:10m19s]
[#846b82 1.3GiB/2.9GiB(46%) CN:8 DL:2.6MiB ETA:10m20s]
[#846b82 1.3GiB/2.9GiB(46%) CN:8 DL:2.5MiB ETA:10m24s]
[#846b82 1.3GiB/2.9GiB(47%) CN:8 DL:2.5MiB ETA:10m22s]
[#846b82 1.3GiB/2.9GiB(47%) CN:8 DL:2.6MiB ETA:10m16s]
[#846b82 1.4GiB/2.9GiB(47%) CN:8 DL:2.6MiB ETA:10m11s]
[#846b82 1.4GiB/2.9GiB(47%) CN:8 DL:2.6MiB ETA:9m58s]
[#846b82 1.4GiB/2.9GiB(47%) CN:8 DL:2.6MiB ETA:9m57s]
[#846b82 1.4GiB/2.9GiB(47%) CN:8 DL:2.6MiB ETA:9m56s]
[#846b82 1.4GiB/2.9GiB(47%) CN:8 DL:2.6MiB ETA:9m59s]
[#846b82 1.4GiB/2.9GiB(47%) CN:8 DL:2.6MiB ETA:10m6s]
[#846b82 1.4GiB/2.9GiB(47%) CN:8 DL:2.6MiB ETA:10m6s]
[#846b82 1.4GiB/2.9GiB(47%) CN:8 DL:2.6MiB ETA:10m7s]
[#846b82 1.4GiB/2.9GiB(47%) CN:8 DL:2.6MiB ETA:10m8s]
[#846b82 1.4GiB/2.9GiB(47%) CN:8 DL:2.5MiB ETA:10m9s]
 *** Download Progress Summary as of Sun Oct  4 11:21:19 2026 *** 
===============================================================================
[#846b82 1.4GiB/2.9GiB(48%) CN:8 DL:2.5MiB ETA:10m8s]
FILE: /mnt/mydata/wja/reasoning-diff/assets/models/Qwen3-8B/model-00004-of-00005.safetensors
-------------------------------------------------------------------------------

[#8a3441 1.5GiB/3.7GiB(40%) CN:8 DL:3.0MiB ETA:12m30s]
[#8a3441 1.5GiB/3.7GiB(40%) CN:8 DL:3.0MiB ETA:12m26s]
[#8a3441 1.5GiB/3.7GiB(40%) CN:8 DL:3.0MiB ETA:12m10s]
[#8a3441 1.5GiB/3.7GiB(40%) CN:8 DL:3.0MiB ETA:12m8s]
[#8a3441 1.5GiB/3.7GiB(40%) CN:8 DL:3.0MiB ETA:12m7s]
[#8a3441 1.5GiB/3.7GiB(40%) CN:8 DL:3.1MiB ETA:12m2s]
[#8a3441 1.5GiB/3.7GiB(41%) CN:8 DL:3.0MiB ETA:12m8s]
[#8a3441 1.5GiB/3.7GiB(41%) CN:8 DL:3.0MiB ETA:12m8s]
[#8a3441 1.5GiB/3.7GiB(41%) CN:8 DL:3.0MiB ETA:12m7s]
[#8a3441 1.5GiB/3.7GiB(41%) CN:8 DL:3.0MiB ETA:12m4s]
[#8a3441 1.5GiB/3.7GiB(41%) CN:8 DL:3.1MiB ETA:11m59s]
[#8a3441 1.5GiB/3.7GiB(41%) CN:8 DL:3.0MiB ETA:12m]
[#8a3441 1.5GiB/3.7GiB(41%) CN:8 DL:3.0MiB ETA:12m3s]
[#8a3441 1.5GiB/3.7GiB(41%) CN:8 DL:3.0MiB ETA:12m5s]
[#8a3441 1.5GiB/3.7GiB(41%) CN:8 DL:3.0MiB ETA:12m7s]
[#8a3441 1.5GiB/3.7GiB(41%) CN:8 DL:3.0MiB ETA:12m11s]
[#8a3441 1.5GiB/3.7GiB(41%) CN:8 DL:3.0MiB ETA:12m6s]
[#8a3441 1.5GiB/3.7GiB(41%) CN:8 DL:3.0MiB ETA:11m59s]
[#8a3441 1.5GiB/3.7GiB(41%) CN:8 DL:3.0MiB ETA:12m1s]
[#8a3441 1.5GiB/3.7GiB(42%) CN:8 DL:3.0MiB ETA:12m]
[#8a3441 1.5GiB/3.7GiB(42%) CN:8 DL:3.0MiB ETA:11m53s]
[#8a3441 1.5GiB/3.7GiB(42%) CN:8 DL:3.0MiB ETA:11m52s]
[#8a3441 1.5GiB/3.7GiB(42%) CN:8 DL:3.0MiB ETA:11m54s]
[#8a3441 1.5GiB/3.7GiB(42%) CN:8 DL:3.0MiB ETA:11m53s]
[#8a3441 1.5GiB/3.7GiB(42%) CN:8 DL:3.0MiB ETA:11m53s]
[#8a3441 1.5GiB/3.7GiB(42%) CN:8 DL:3.0MiB ETA:11m54s]
[#8a3441 1.5GiB/3.7GiB(42%) CN:8 DL:3.0MiB ETA:12m]
[#8a3441 1.5GiB/3.7GiB(42%) CN:8 DL:3.0MiB ETA:12m2s]
[#8a3441 1.5GiB/3.7GiB(42%) CN:8 DL:3.0MiB ETA:11m55s]
[#8a3441 1.5GiB/3.7GiB(42%) CN:8 DL:3.0MiB ETA:11m54s]
 *** Download Progress Summary as of Sun Oct  4 11:21:38 2026 *** 
===============================================================================
[#8a3441 1.5GiB/3.7GiB(42%) CN:8 DL:3.0MiB ETA:11m57s]
FILE: /mnt/mydata/wja/reasoning-diff/assets/models/Qwen3-8B/model-00001-of-00005.safetensors
-------------------------------------------------------------------------------

[#c81886 1.4GiB/3.6GiB(40%) CN:8 DL:3.0MiB ETA:12m6s]
[#c81886 1.4GiB/3.6GiB(40%) CN:8 DL:3.0MiB ETA:12m4s]
[#c81886 1.4GiB/3.6GiB(40%) CN:8 DL:3.1MiB ETA:12m]
[#c81886 1.5GiB/3.6GiB(40%) CN:8 DL:3.1MiB ETA:11m57s]
[#c81886 1.5GiB/3.6GiB(40%) CN:8 DL:3.1MiB ETA:11m53s]
[#c81886 1.5GiB/3.6GiB(40%) CN:8 DL:3.1MiB ETA:11m52s]
[#c81886 1.5GiB/3.6GiB(40%) CN:8 DL:3.1MiB ETA:11m46s]
[#c81886 1.5GiB/3.6GiB(41%) CN:8 DL:3.1MiB ETA:11m42s]
[#c81886 1.5GiB/3.6GiB(41%) CN:8 DL:3.1MiB ETA:11m40s]
[#c81886 1.5GiB/3.6GiB(41%) CN:8 DL:3.1MiB ETA:11m35s]
[#c81886 1.5GiB/3.6GiB(41%) CN:8 DL:3.1MiB ETA:11m33s]
[#c81886 1.5GiB/3.6GiB(41%) CN:8 DL:3.2MiB ETA:11m30s]
[#c81886 1.5GiB/3.6GiB(41%) CN:8 DL:3.2MiB ETA:11m27s]
[#c81886 1.5GiB/3.6GiB(41%) CN:8 DL:3.2MiB ETA:11m27s]
[#c81886 1.5GiB/3.6GiB(41%) CN:8 DL:3.2MiB ETA:11m16s]
[#c81886 1.5GiB/3.6GiB(41%) CN:8 DL:3.2MiB ETA:11m15s]
[#c81886 1.5GiB/3.6GiB(41%) CN:8 DL:3.2MiB ETA:11m17s]
[#c81886 1.5GiB/3.6GiB(41%) CN:8 DL:3.2MiB ETA:11m16s]
[#c81886 1.5GiB/3.6GiB(42%) CN:8 DL:3.2MiB ETA:11m18s]
[#c81886 1.5GiB/3.6GiB(42%) CN:8 DL:3.1MiB ETA:11m24s]
[#c81886 1.5GiB/3.6GiB(42%) CN:8 DL:3.1MiB ETA:11m24s]
[#c81886 1.5GiB/3.6GiB(42%) CN:8 DL:3.1MiB ETA:11m25s]
[#c81886 1.5GiB/3.6GiB(42%) CN:8 DL:3.1MiB ETA:11m24s]
[#c81886 1.5GiB/3.6GiB(42%) CN:8 DL:3.1MiB ETA:11m24s]
[#c81886 1.5GiB/3.6GiB(42%) CN:8 DL:3.1MiB ETA:11m23s]
[#c81886 1.5GiB/3.6GiB(42%) CN:8 DL:3.1MiB ETA:11m21s]
[#c81886 1.5GiB/3.6GiB(42%) CN:8 DL:3.2MiB ETA:11m10s]
[#c81886 1.5GiB/3.6GiB(42%) CN:8 DL:3.2MiB ETA:11m12s]
[#c81886 1.5GiB/3.6GiB(42%) CN:8 DL:3.1MiB ETA:11m16s]
[#c81886 1.5GiB/3.6GiB(42%) CN:8 DL:3.1MiB ETA:11m18s]
 *** Download Progress Summary as of Sun Oct  4 11:21:41 2026 *** 
===============================================================================
[#c81886 1.5GiB/3.6GiB(43%) CN:8 DL:3.1MiB ETA:11m28s]
FILE: /mnt/mydata/wja/reasoning-diff/assets/models/Qwen3-8B/model-00003-of-00005.safetensors
-------------------------------------------------------------------------------

[#9f16c5 878MiB/3.7GiB(23%) CN:8 DL:1.6MiB ETA:29m2s]
[#9f16c5 880MiB/3.7GiB(23%) CN:8 DL:1.6MiB ETA:29m30s]
[#9f16c5 881MiB/3.7GiB(23%) CN:8 DL:1.6MiB ETA:29m22s]
[#9f16c5 883MiB/3.7GiB(23%) CN:8 DL:1.6MiB ETA:29m27s]
[#9f16c5 884MiB/3.7GiB(23%) CN:8 DL:1.6MiB ETA:29m41s]
[#9f16c5 886MiB/3.7GiB(23%) CN:8 DL:1.6MiB ETA:29m27s]
[#9f16c5 888MiB/3.7GiB(23%) CN:8 DL:1.6MiB ETA:29m29s]
[#9f16c5 890MiB/3.7GiB(23%) CN:8 DL:1.6MiB ETA:29m15s]
[#9f16c5 891MiB/3.7GiB(23%) CN:8 DL:1.6MiB ETA:29m22s]
[#9f16c5 893MiB/3.7GiB(23%) CN:8 DL:1.6MiB ETA:29m26s]
[#9f16c5 894MiB/3.7GiB(23%) CN:8 DL:1.6MiB ETA:29m22s]
[#9f16c5 896MiB/3.7GiB(23%) CN:8 DL:1.6MiB ETA:29m33s]
[#9f16c5 897MiB/3.7GiB(23%) CN:8 DL:1.6MiB ETA:29m58s]
[#9f16c5 899MiB/3.7GiB(23%) CN:8 DL:1.6MiB ETA:29m45s]
[#9f16c5 901MiB/3.7GiB(23%) CN:8 DL:1.6MiB ETA:29m26s]
[#9f16c5 903MiB/3.7GiB(23%) CN:8 DL:1.6MiB ETA:29m11s]
[#9f16c5 904MiB/3.7GiB(23%) CN:8 DL:1.6MiB ETA:29m18s]
[#9f16c5 906MiB/3.7GiB(23%) CN:8 DL:1.6MiB ETA:29m1s]
[#9f16c5 908MiB/3.7GiB(23%) CN:8 DL:1.6MiB ETA:28m58s]
[#9f16c5 909MiB/3.7GiB(23%) CN:8 DL:1.6MiB ETA:29m38s]
[#9f16c5 911MiB/3.7GiB(23%) CN:8 DL:1.6MiB ETA:29m47s]
[#9f16c5 912MiB/3.7GiB(23%) CN:8 DL:1.6MiB ETA:29m45s]
[#9f16c5 914MiB/3.7GiB(24%) CN:8 DL:1.6MiB ETA:29m31s]
[#9f16c5 916MiB/3.7GiB(24%) CN:8 DL:1.6MiB ETA:29m33s]
[#9f16c5 917MiB/3.7GiB(24%) CN:8 DL:1.6MiB ETA:29m17s]
[#9f16c5 919MiB/3.7GiB(24%) CN:8 DL:1.6MiB ETA:29m29s]
[#9f16c5 920MiB/3.7GiB(24%) CN:8 DL:1.6MiB ETA:29m36s]
[#9f16c5 0.9GiB/3.7GiB(24%) CN:8 DL:1.6MiB ETA:29m56s]
[#9f16c5 0.9GiB/3.7GiB(24%) CN:8 DL:1.6MiB ETA:29m46s]
[#9f16c5 0.9GiB/3.7GiB(24%) CN:8 DL:1.6MiB ETA:29m28s]
 *** Download Progress Summary as of Sun Oct  4 11:21:41 2026 *** 
===============================================================================
[#9f16c5 0.9GiB/3.7GiB(24%) CN:8 DL:1.6MiB ETA:29m29s]
FILE: /mnt/mydata/wja/reasoning-diff/assets/models/Qwen3-8B/model-00002-of-00005.safetensors
-------------------------------------------------------------------------------

[#846b82 1.4GiB/2.9GiB(48%) CN:8 DL:2.5MiB ETA:10m8s]
[#846b82 1.4GiB/2.9GiB(48%) CN:8 DL:2.5MiB ETA:10m13s]
[#846b82 1.4GiB/2.9GiB(48%) CN:8 DL:2.5MiB ETA:10m16s]
[#846b82 1.4GiB/2.9GiB(48%) CN:8 DL:2.5MiB ETA:10m14s]
[#846b82 1.4GiB/2.9GiB(48%) CN:8 DL:2.5MiB ETA:10m12s]
[#846b82 1.4GiB/2.9GiB(48%) CN:8 DL:2.5MiB ETA:10m17s]
[#846b82 1.4GiB/2.9GiB(48%) CN:8 DL:2.5MiB ETA:10m2s]
[#846b82 1.4GiB/2.9GiB(48%) CN:8 DL:2.6MiB ETA:9m58s]
[#846b82 1.4GiB/2.9GiB(48%) CN:8 DL:2.6MiB ETA:9m55s]
[#846b82 1.4GiB/2.9GiB(48%) CN:8 DL:2.6MiB ETA:9m56s]
[#846b82 1.4GiB/2.9GiB(48%) CN:8 DL:2.6MiB ETA:9m54s]
[#846b82 1.4GiB/2.9GiB(49%) CN:8 DL:2.5MiB ETA:9m56s]
[#846b82 1.4GiB/2.9GiB(49%) CN:8 DL:2.6MiB ETA:9m51s]
[#846b82 1.4GiB/2.9GiB(49%) CN:8 DL:2.6MiB ETA:9m50s]
[#846b82 1.4GiB/2.9GiB(49%) CN:8 DL:2.6MiB ETA:9m45s]
[#846b82 1.4GiB/2.9GiB(49%) CN:8 DL:2.6MiB ETA:9m45s]
[#846b82 1.4GiB/2.9GiB(49%) CN:8 DL:2.6MiB ETA:9m41s]
[#846b82 1.4GiB/2.9GiB(49%) CN:8 DL:2.6MiB ETA:9m37s]
[#846b82 1.4GiB/2.9GiB(49%) CN:8 DL:2.6MiB ETA:9m35s]
[#846b82 1.4GiB/2.9GiB(49%) CN:8 DL:2.6MiB ETA:9m34s]
[#846b82 1.4GiB/2.9GiB(49%) CN:8 DL:2.6MiB ETA:9m31s]
[#846b82 1.4GiB/2.9GiB(49%) CN:8 DL:2.6MiB ETA:9m34s]
[#846b82 1.4GiB/2.9GiB(49%) CN:8 DL:2.6MiB ETA:9m40s]
[#846b82 1.4GiB/2.9GiB(50%) CN:8 DL:2.6MiB ETA:9m35s]
[#846b82 1.4GiB/2.9GiB(50%) CN:8 DL:2.6MiB ETA:9m28s]
[#846b82 1.4GiB/2.9GiB(50%) CN:8 DL:2.7MiB ETA:9m17s]
[#846b82 1.4GiB/2.9GiB(50%) CN:8 DL:2.7MiB ETA:9m14s]
[#846b82 1.4GiB/2.9GiB(50%) CN:8 DL:2.7MiB ETA:9m13s]
[#846b82 1.5GiB/2.9GiB(50%) CN:8 DL:2.7MiB ETA:9m8s]
[#846b82 1.5GiB/2.9GiB(50%) CN:8 DL:2.7MiB ETA:9m7s]
 *** Download Progress Summary as of Sun Oct  4 11:21:49 2026 *** 
===============================================================================
[#846b82 1.5GiB/2.9GiB(50%) CN:8 DL:2.7MiB ETA:9m7s]
FILE: /mnt/mydata/wja/reasoning-diff/assets/models/Qwen3-8B/model-00004-of-00005.safetensors
-------------------------------------------------------------------------------

[#8a3441 1.5GiB/3.7GiB(42%) CN:8 DL:3.0MiB ETA:11m57s]
[#8a3441 1.6GiB/3.7GiB(43%) CN:8 DL:3.0MiB ETA:11m58s]
[#8a3441 1.6GiB/3.7GiB(43%) CN:8 DL:3.0MiB ETA:11m54s]
[#8a3441 1.6GiB/3.7GiB(43%) CN:8 DL:3.0MiB ETA:11m55s]
[#8a3441 1.6GiB/3.7GiB(43%) CN:8 DL:3.0MiB ETA:11m54s]
[#8a3441 1.6GiB/3.7GiB(43%) CN:8 DL:3.0MiB ETA:11m49s]
[#8a3441 1.6GiB/3.7GiB(43%) CN:8 DL:3.0MiB ETA:11m37s]
[#8a3441 1.6GiB/3.7GiB(43%) CN:8 DL:3.0MiB ETA:11m35s]
[#8a3441 1.6GiB/3.7GiB(43%) CN:8 DL:3.0MiB ETA:11m39s]
[#8a3441 1.6GiB/3.7GiB(43%) CN:8 DL:3.1MiB ETA:11m28s]
[#8a3441 1.6GiB/3.7GiB(43%) CN:8 DL:3.1MiB ETA:11m26s]
[#8a3441 1.6GiB/3.7GiB(43%) CN:8 DL:3.0MiB ETA:11m36s]
[#8a3441 1.6GiB/3.7GiB(43%) CN:8 DL:3.0MiB ETA:11m39s]
[#8a3441 1.6GiB/3.7GiB(44%) CN:8 DL:3.0MiB ETA:11m37s]
[#8a3441 1.6GiB/3.7GiB(44%) CN:8 DL:3.0MiB ETA:11m38s]
[#8a3441 1.6GiB/3.7GiB(44%) CN:8 DL:3.0MiB ETA:11m46s]
[#8a3441 1.6GiB/3.7GiB(44%) CN:8 DL:3.0MiB ETA:11m45s]
[#8a3441 1.6GiB/3.7GiB(44%) CN:8 DL:3.0MiB ETA:11m45s]
[#8a3441 1.6GiB/3.7GiB(44%) CN:8 DL:3.0MiB ETA:11m42s]
[#8a3441 1.6GiB/3.7GiB(44%) CN:8 DL:3.0MiB ETA:11m38s]
[#8a3441 1.6GiB/3.7GiB(44%) CN:8 DL:3.0MiB ETA:11m31s]
[#8a3441 1.6GiB/3.7GiB(44%) CN:8 DL:3.0MiB ETA:11m25s]
[#8a3441 1.6GiB/3.7GiB(44%) CN:8 DL:3.0MiB ETA:11m18s]
[#8a3441 1.6GiB/3.7GiB(44%) CN:8 DL:3.0MiB ETA:11m18s]
[#8a3441 1.6GiB/3.7GiB(44%) CN:8 DL:3.0MiB ETA:11m21s]
[#8a3441 1.6GiB/3.7GiB(45%) CN:8 DL:3.0MiB ETA:11m28s]
[#8a3441 1.6GiB/3.7GiB(45%) CN:8 DL:3.0MiB ETA:11m22s]
[#8a3441 1.6GiB/3.7GiB(45%) CN:8 DL:3.0MiB ETA:11m22s]
[#8a3441 1.6GiB/3.7GiB(45%) CN:8 DL:3.0MiB ETA:11m25s]
[#8a3441 1.6GiB/3.7GiB(45%) CN:8 DL:3.0MiB ETA:11m29s]
 *** Download Progress Summary as of Sun Oct  4 11:22:09 2026 *** 
===============================================================================
[#8a3441 1.6GiB/3.7GiB(45%) CN:8 DL:3.0MiB ETA:11m27s]
FILE: /mnt/mydata/wja/reasoning-diff/assets/models/Qwen3-8B/model-00001-of-00005.safetensors
-------------------------------------------------------------------------------

[#c81886 1.5GiB/3.6GiB(43%) CN:8 DL:3.1MiB ETA:11m28s]
[#c81886 1.5GiB/3.6GiB(43%) CN:8 DL:3.0MiB ETA:11m34s]
[#c81886 1.5GiB/3.6GiB(43%) CN:8 DL:3.0MiB ETA:11m36s]
[#c81886 1.5GiB/3.6GiB(43%) CN:8 DL:3.1MiB ETA:11m26s]
[#c81886 1.5GiB/3.6GiB(43%) CN:8 DL:3.0MiB ETA:11m30s]
[#c81886 1.6GiB/3.6GiB(43%) CN:8 DL:3.0MiB ETA:11m32s]
[#c81886 1.6GiB/3.6GiB(43%) CN:8 DL:3.0MiB ETA:11m44s]
[#c81886 1.6GiB/3.6GiB(43%) CN:8 DL:3.0MiB ETA:11m38s]
[#c81886 1.6GiB/3.6GiB(43%) CN:8 DL:3.0MiB ETA:11m38s]
[#c81886 1.6GiB/3.6GiB(43%) CN:8 DL:3.0MiB ETA:11m39s]
[#c81886 1.6GiB/3.6GiB(43%) CN:8 DL:3.0MiB ETA:11m40s]
[#c81886 1.6GiB/3.6GiB(43%) CN:8 DL:3.0MiB ETA:11m40s]
[#c81886 1.6GiB/3.6GiB(44%) CN:8 DL:3.0MiB ETA:11m41s]
[#c81886 1.6GiB/3.6GiB(44%) CN:8 DL:2.9MiB ETA:11m46s]
[#c81886 1.6GiB/3.6GiB(44%) CN:8 DL:2.9MiB ETA:11m43s]
[#c81886 1.6GiB/3.6GiB(44%) CN:8 DL:2.9MiB ETA:11m41s]
[#c81886 1.6GiB/3.6GiB(44%) CN:8 DL:2.9MiB ETA:11m42s]
[#c81886 1.6GiB/3.6GiB(44%) CN:8 DL:3.0MiB ETA:11m36s]
[#c81886 1.6GiB/3.6GiB(44%) CN:8 DL:3.0MiB ETA:11m34s]
[#c81886 1.6GiB/3.6GiB(44%) CN:8 DL:3.0MiB ETA:11m33s]
[#c81886 1.6GiB/3.6GiB(44%) CN:8 DL:3.0MiB ETA:11m21s]
[#c81886 1.6GiB/3.6GiB(44%) CN:8 DL:3.0MiB ETA:11m18s]
[#c81886 1.6GiB/3.6GiB(44%) CN:8 DL:3.0MiB ETA:11m20s]
[#c81886 1.6GiB/3.6GiB(44%) CN:8 DL:3.0MiB ETA:11m23s]
[#c81886 1.6GiB/3.6GiB(45%) CN:8 DL:3.0MiB ETA:11m16s]
[#c81886 1.6GiB/3.6GiB(45%) CN:8 DL:3.0MiB ETA:11m16s]
[#c81886 1.6GiB/3.6GiB(45%) CN:8 DL:3.0MiB ETA:11m15s]
[#c81886 1.6GiB/3.6GiB(45%) CN:8 DL:3.0MiB ETA:11m25s]
[#c81886 1.6GiB/3.6GiB(45%) CN:8 DL:3.0MiB ETA:11m24s]
[#c81886 1.6GiB/3.6GiB(45%) CN:8 DL:3.0MiB ETA:11m24s]
 *** Download Progress Summary as of Sun Oct  4 11:22:12 2026 *** 
===============================================================================
[#c81886 1.6GiB/3.6GiB(45%) CN:8 DL:3.0MiB ETA:11m25s]
FILE: /mnt/mydata/wja/reasoning-diff/assets/models/Qwen3-8B/model-00003-of-00005.safetensors
-------------------------------------------------------------------------------

[#9f16c5 0.9GiB/3.7GiB(24%) CN:8 DL:1.6MiB ETA:29m29s]
[#9f16c5 0.9GiB/3.7GiB(24%) CN:8 DL:1.6MiB ETA:29m36s]
[#9f16c5 0.9GiB/3.7GiB(24%) CN:8 DL:1.6MiB ETA:29m46s]
[#9f16c5 0.9GiB/3.7GiB(24%) CN:8 DL:1.5MiB ETA:30m28s]
[#9f16c5 0.9GiB/3.7GiB(24%) CN:8 DL:1.5MiB ETA:30m51s]
[#9f16c5 0.9GiB/3.7GiB(24%) CN:8 DL:1.5MiB ETA:31m3s]
[#9f16c5 0.9GiB/3.7GiB(24%) CN:8 DL:1.5MiB ETA:30m23s]
[#9f16c5 0.9GiB/3.7GiB(24%) CN:8 DL:1.5MiB ETA:30m28s]
[#9f16c5 0.9GiB/3.7GiB(24%) CN:8 DL:1.5MiB ETA:29m55s]
[#9f16c5 0.9GiB/3.7GiB(24%) CN:8 DL:1.6MiB ETA:29m38s]
[#9f16c5 0.9GiB/3.7GiB(24%) CN:8 DL:1.6MiB ETA:29m24s]
[#9f16c5 0.9GiB/3.7GiB(24%) CN:8 DL:1.6MiB ETA:29m26s]
[#9f16c5 0.9GiB/3.7GiB(24%) CN:8 DL:1.6MiB ETA:29m47s]
[#9f16c5 0.9GiB/3.7GiB(24%) CN:8 DL:1.5MiB ETA:29m51s]
[#9f16c5 0.9GiB/3.7GiB(24%) CN:8 DL:1.6MiB ETA:29m36s]
[#9f16c5 0.9GiB/3.7GiB(24%) CN:8 DL:1.6MiB ETA:29m25s]
[#9f16c5 0.9GiB/3.7GiB(25%) CN:8 DL:1.6MiB ETA:29m8s]
[#9f16c5 0.9GiB/3.7GiB(25%) CN:8 DL:1.6MiB ETA:28m48s]
[#9f16c5 0.9GiB/3.7GiB(25%) CN:8 DL:1.6MiB ETA:28m51s]
[#9f16c5 0.9GiB/3.7GiB(25%) CN:8 DL:1.6MiB ETA:28m42s]
[#9f16c5 0.9GiB/3.7GiB(25%) CN:8 DL:1.6MiB ETA:28m54s]
[#9f16c5 0.9GiB/3.7GiB(25%) CN:8 DL:1.6MiB ETA:29m2s]
[#9f16c5 0.9GiB/3.7GiB(25%) CN:8 DL:1.6MiB ETA:29m6s]
[#9f16c5 0.9GiB/3.7GiB(25%) CN:8 DL:1.6MiB ETA:28m57s]
[#9f16c5 0.9GiB/3.7GiB(25%) CN:8 DL:1.6MiB ETA:29m30s]
[#9f16c5 0.9GiB/3.7GiB(25%) CN:8 DL:1.6MiB ETA:29m24s]
[#9f16c5 0.9GiB/3.7GiB(25%) CN:8 DL:1.6MiB ETA:28m36s]
[#9f16c5 0.9GiB/3.7GiB(25%) CN:8 DL:1.6MiB ETA:28m23s]
[#9f16c5 0.9GiB/3.7GiB(25%) CN:8 DL:1.6MiB ETA:28m7s]
[#9f16c5 0.9GiB/3.7GiB(25%) CN:8 DL:1.6MiB ETA:28m38s]
 *** Download Progress Summary as of Sun Oct  4 11:22:12 2026 *** 
===============================================================================
[#9f16c5 0.9GiB/3.7GiB(25%) CN:8 DL:1.6MiB ETA:28m27s]
FILE: /mnt/mydata/wja/reasoning-diff/assets/models/Qwen3-8B/model-00002-of-00005.safetensors
-------------------------------------------------------------------------------

[#846b82 1.5GiB/2.9GiB(50%) CN:8 DL:2.7MiB ETA:9m7s]
[#846b82 1.5GiB/2.9GiB(50%) CN:8 DL:2.7MiB ETA:9m4s]
[#846b82 1.5GiB/2.9GiB(50%) CN:8 DL:2.7MiB ETA:9m2s]
[#846b82 1.5GiB/2.9GiB(51%) CN:8 DL:2.7MiB ETA:9m]
[#846b82 1.5GiB/2.9GiB(51%) CN:8 DL:2.7MiB ETA:9m5s]
[#846b82 1.5GiB/2.9GiB(51%) CN:8 DL:2.7MiB ETA:8m59s]
[#846b82 1.5GiB/2.9GiB(51%) CN:8 DL:2.7MiB ETA:8m54s]
[#846b82 1.5GiB/2.9GiB(51%) CN:8 DL:2.7MiB ETA:8m53s]
[#846b82 1.5GiB/2.9GiB(51%) CN:8 DL:2.7MiB ETA:8m55s]
[#846b82 1.5GiB/2.9GiB(51%) CN:8 DL:2.7MiB ETA:8m55s]
[#846b82 1.5GiB/2.9GiB(51%) CN:8 DL:2.7MiB ETA:8m52s]
[#846b82 1.5GiB/2.9GiB(51%) CN:8 DL:2.7MiB ETA:8m52s]
[#846b82 1.5GiB/2.9GiB(51%) CN:8 DL:2.7MiB ETA:8m44s]
[#846b82 1.5GiB/2.9GiB(51%) CN:8 DL:2.7MiB ETA:8m43s]
[#846b82 1.5GiB/2.9GiB(52%) CN:8 DL:2.7MiB ETA:8m41s]
[#846b82 1.5GiB/2.9GiB(52%) CN:8 DL:2.7MiB ETA:8m48s]
[#846b82 1.5GiB/2.9GiB(52%) CN:8 DL:2.7MiB ETA:8m45s]
[#846b82 1.5GiB/2.9GiB(52%) CN:8 DL:2.7MiB ETA:8m46s]
[#846b82 1.5GiB/2.9GiB(52%) CN:8 DL:2.7MiB ETA:8m39s]
[#846b82 1.5GiB/2.9GiB(52%) CN:8 DL:2.8MiB ETA:8m31s]
[#846b82 1.5GiB/2.9GiB(52%) CN:8 DL:2.8MiB ETA:8m27s]
[#846b82 1.5GiB/2.9GiB(52%) CN:8 DL:2.8MiB ETA:8m30s]
[#846b82 1.5GiB/2.9GiB(52%) CN:8 DL:2.8MiB ETA:8m31s]
[#846b82 1.5GiB/2.9GiB(52%) CN:8 DL:2.7MiB ETA:8m32s]
[#846b82 1.5GiB/2.9GiB(52%) CN:8 DL:2.8MiB ETA:8m22s]
[#846b82 1.5GiB/2.9GiB(53%) CN:8 DL:2.8MiB ETA:8m17s]
[#846b82 1.5GiB/2.9GiB(53%) CN:8 DL:2.8MiB ETA:8m12s]
[#846b82 1.5GiB/2.9GiB(53%) CN:8 DL:2.8MiB ETA:8m10s]
[#846b82 1.5GiB/2.9GiB(53%) CN:8 DL:2.8MiB ETA:8m13s]
[#846b82 1.5GiB/2.9GiB(53%) CN:8 DL:2.8MiB ETA:8m9s]
 *** Download Progress Summary as of Sun Oct  4 11:22:20 2026 *** 
===============================================================================
[#846b82 1.5GiB/2.9GiB(53%) CN:8 DL:2.8MiB ETA:8m6s]
FILE: /mnt/mydata/wja/reasoning-diff/assets/models/Qwen3-8B/model-00004-of-00005.safetensors
-------------------------------------------------------------------------------

[#8a3441 1.6GiB/3.7GiB(45%) CN:8 DL:3.0MiB ETA:11m27s]
[#8a3441 1.6GiB/3.7GiB(45%) CN:8 DL:3.0MiB ETA:11m27s]
[#8a3441 1.6GiB/3.7GiB(45%) CN:8 DL:2.9MiB ETA:11m35s]
[#8a3441 1.6GiB/3.7GiB(45%) CN:8 DL:2.9MiB ETA:11m38s]
[#8a3441 1.7GiB/3.7GiB(45%) CN:8 DL:2.9MiB ETA:11m44s]
[#8a3441 1.7GiB/3.7GiB(45%) CN:8 DL:2.9MiB ETA:11m41s]
[#8a3441 1.7GiB/3.7GiB(45%) CN:8 DL:2.9MiB ETA:11m41s]
[#8a3441 1.7GiB/3.7GiB(45%) CN:8 DL:2.9MiB ETA:11m41s]
[#8a3441 1.7GiB/3.7GiB(46%) CN:8 DL:2.8MiB ETA:11m49s]
[#8a3441 1.7GiB/3.7GiB(46%) CN:8 DL:2.8MiB ETA:12m2s]
[#8a3441 1.7GiB/3.7GiB(46%) CN:8 DL:2.8MiB ETA:12m4s]
[#8a3441 1.7GiB/3.7GiB(46%) CN:8 DL:2.8MiB ETA:12m7s]
[#8a3441 1.7GiB/3.7GiB(46%) CN:8 DL:2.8MiB ETA:12m4s]
[#8a3441 1.7GiB/3.7GiB(46%) CN:8 DL:2.8MiB ETA:12m2s]
[#8a3441 1.7GiB/3.7GiB(46%) CN:8 DL:2.8MiB ETA:12m5s]
[#8a3441 1.7GiB/3.7GiB(46%) CN:8 DL:2.8MiB ETA:12m4s]
[#8a3441 1.7GiB/3.7GiB(46%) CN:8 DL:2.8MiB ETA:11m56s]
[#8a3441 1.7GiB/3.7GiB(46%) CN:8 DL:2.8MiB ETA:11m57s]
[#8a3441 1.7GiB/3.7GiB(46%) CN:8 DL:2.8MiB ETA:12m]
[#8a3441 1.7GiB/3.7GiB(46%) CN:8 DL:2.7MiB ETA:12m8s]
[#8a3441 1.7GiB/3.7GiB(46%) CN:8 DL:2.7MiB ETA:12m6s]
[#8a3441 1.7GiB/3.7GiB(47%) CN:8 DL:2.7MiB ETA:12m9s]
[#8a3441 1.7GiB/3.7GiB(47%) CN:8 DL:2.7MiB ETA:12m6s]
[#8a3441 1.7GiB/3.7GiB(47%) CN:8 DL:2.8MiB ETA:11m56s]
[#8a3441 1.7GiB/3.7GiB(47%) CN:8 DL:2.7MiB ETA:12m4s]
[#8a3441 1.7GiB/3.7GiB(47%) CN:8 DL:2.7MiB ETA:12m]
[#8a3441 1.7GiB/3.7GiB(47%) CN:8 DL:2.8MiB ETA:11m44s]
[#8a3441 1.7GiB/3.7GiB(47%) CN:8 DL:2.8MiB ETA:11m38s]
[#8a3441 1.7GiB/3.7GiB(47%) CN:8 DL:2.8MiB ETA:11m35s]
 *** Download Progress Summary as of Sun Oct  4 11:22:39 2026 *** 
===============================================================================
[#8a3441 1.7GiB/3.7GiB(47%) CN:8 DL:2.8MiB ETA:11m35s]
FILE: /mnt/mydata/wja/reasoning-diff/assets/models/Qwen3-8B/model-00001-of-00005.safetensors
-------------------------------------------------------------------------------

[#9f16c5 0.9GiB/3.7GiB(25%) CN:8 DL:1.6MiB ETA:28m27s]
[#9f16c5 0.9GiB/3.7GiB(25%) CN:8 DL:1.6MiB ETA:28m44s]
[#9f16c5 0.9GiB/3.7GiB(25%) CN:8 DL:1.6MiB ETA:27m55s]
[#9f16c5 0.9GiB/3.7GiB(25%) CN:8 DL:1.7MiB ETA:27m21s]
[#9f16c5 0.9GiB/3.7GiB(25%) CN:8 DL:1.7MiB ETA:27m38s]
[#9f16c5 0.9GiB/3.7GiB(25%) CN:8 DL:1.6MiB ETA:27m46s]
[#9f16c5 0.9GiB/3.7GiB(25%) CN:8 DL:1.6MiB ETA:28m10s]
[#9f16c5 0.9GiB/3.7GiB(25%) CN:8 DL:1.6MiB ETA:28m21s]
[#9f16c5 0.9GiB/3.7GiB(26%) CN:8 DL:1.6MiB ETA:28m14s]
[#9f16c5 0.9GiB/3.7GiB(26%) CN:8 DL:1.6MiB ETA:28m13s]
[#9f16c5 0.9GiB/3.7GiB(26%) CN:8 DL:1.6MiB ETA:28m33s]
[#9f16c5 0.9GiB/3.7GiB(26%) CN:8 DL:1.6MiB ETA:28m35s]
[#9f16c5 0.9GiB/3.7GiB(26%) CN:8 DL:1.6MiB ETA:29m1s]
[#9f16c5 0.9GiB/3.7GiB(26%) CN:8 DL:1.6MiB ETA:28m24s]
[#9f16c5 0.9GiB/3.7GiB(26%) CN:8 DL:1.6MiB ETA:28m33s]
[#9f16c5 0.9GiB/3.7GiB(26%) CN:8 DL:1.6MiB ETA:28m38s]
[#9f16c5 0.9GiB/3.7GiB(26%) CN:8 DL:1.6MiB ETA:28m50s]
[#9f16c5 0.9GiB/3.7GiB(26%) CN:8 DL:1.6MiB ETA:28m38s]
[#9f16c5 0.9GiB/3.7GiB(26%) CN:8 DL:1.6MiB ETA:28m2s]
[#9f16c5 0.9GiB/3.7GiB(26%) CN:8 DL:1.6MiB ETA:28m]
[#9f16c5 0.9GiB/3.7GiB(26%) CN:8 DL:1.6MiB ETA:28m5s]
[#9f16c5 0.9GiB/3.7GiB(26%) CN:8 DL:1.6MiB ETA:28m4s]
[#9f16c5 0.9GiB/3.7GiB(26%) CN:8 DL:1.6MiB ETA:28m37s]
[#9f16c5 0.9GiB/3.7GiB(26%) CN:8 DL:1.6MiB ETA:27m55s]
[#9f16c5 0.9GiB/3.7GiB(26%) CN:8 DL:1.6MiB ETA:28m22s]
[#9f16c5 0.9GiB/3.7GiB(26%) CN:8 DL:1.6MiB ETA:28m21s]
[#9f16c5 0.9GiB/3.7GiB(26%) CN:8 DL:1.6MiB ETA:28m4s]
[#9f16c5 0.9GiB/3.7GiB(26%) CN:8 DL:1.6MiB ETA:27m32s]
[#9f16c5 1.0GiB/3.7GiB(26%) CN:8 DL:1.6MiB ETA:27m33s]
[#9f16c5 1.0GiB/3.7GiB(26%) CN:8 DL:1.6MiB ETA:27m53s]
 *** Download Progress Summary as of Sun Oct  4 11:22:42 2026 *** 
===============================================================================
[#9f16c5 1.0GiB/3.7GiB(26%) CN:8 DL:1.6MiB ETA:27m28s]
FILE: /mnt/mydata/wja/reasoning-diff/assets/models/Qwen3-8B/model-00002-of-00005.safetensors
-------------------------------------------------------------------------------

[#c81886 1.6GiB/3.6GiB(45%) CN:8 DL:3.0MiB ETA:11m25s]
[#c81886 1.6GiB/3.6GiB(45%) CN:8 DL:2.9MiB ETA:11m29s]
[#c81886 1.6GiB/3.6GiB(45%) CN:8 DL:2.9MiB ETA:11m31s]
[#c81886 1.6GiB/3.6GiB(45%) CN:8 DL:2.9MiB ETA:11m29s]
[#c81886 1.6GiB/3.6GiB(45%) CN:8 DL:2.9MiB ETA:11m22s]
[#c81886 1.6GiB/3.6GiB(45%) CN:8 DL:2.9MiB ETA:11m22s]
[#c81886 1.6GiB/3.6GiB(46%) CN:8 DL:3.0MiB ETA:11m13s]
[#c81886 1.6GiB/3.6GiB(46%) CN:8 DL:3.0MiB ETA:11m12s]
[#c81886 1.7GiB/3.6GiB(46%) CN:8 DL:3.0MiB ETA:11m11s]
[#c81886 1.7GiB/3.6GiB(46%) CN:8 DL:3.0MiB ETA:11m15s]
[#c81886 1.7GiB/3.6GiB(46%) CN:8 DL:3.0MiB ETA:11m14s]
[#c81886 1.7GiB/3.6GiB(46%) CN:8 DL:3.0MiB ETA:11m12s]
[#c81886 1.7GiB/3.6GiB(46%) CN:8 DL:3.0MiB ETA:11m13s]
[#c81886 1.7GiB/3.6GiB(46%) CN:8 DL:3.0MiB ETA:11m4s]
[#c81886 1.7GiB/3.6GiB(46%) CN:8 DL:3.0MiB ETA:11m3s]
[#c81886 1.7GiB/3.6GiB(46%) CN:8 DL:3.0MiB ETA:11m5s]
[#c81886 1.7GiB/3.6GiB(46%) CN:8 DL:2.9MiB ETA:11m16s]
[#c81886 1.7GiB/3.6GiB(46%) CN:8 DL:2.9MiB ETA:11m19s]
[#c81886 1.7GiB/3.6GiB(46%) CN:8 DL:2.9MiB ETA:11m25s]
[#c81886 1.7GiB/3.6GiB(47%) CN:8 DL:2.8MiB ETA:11m31s]
[#c81886 1.7GiB/3.6GiB(47%) CN:8 DL:2.8MiB ETA:11m31s]
[#c81886 1.7GiB/3.6GiB(47%) CN:8 DL:2.8MiB ETA:11m40s]
[#c81886 1.7GiB/3.6GiB(47%) CN:8 DL:2.8MiB ETA:11m42s]
[#c81886 1.7GiB/3.6GiB(47%) CN:8 DL:2.8MiB ETA:11m48s]
[#c81886 1.7GiB/3.6GiB(47%) CN:8 DL:2.8MiB ETA:11m45s]
[#c81886 1.7GiB/3.6GiB(47%) CN:8 DL:2.7MiB ETA:11m50s]
[#c81886 1.7GiB/3.6GiB(47%) CN:8 DL:2.7MiB ETA:11m53s]
[#c81886 1.7GiB/3.6GiB(47%) CN:8 DL:2.7MiB ETA:11m47s]
[#c81886 1.7GiB/3.6GiB(47%) CN:8 DL:2.8MiB ETA:11m37s]
[#c81886 1.7GiB/3.6GiB(47%) CN:8 DL:2.8MiB ETA:11m33s]
 *** Download Progress Summary as of Sun Oct  4 11:22:42 2026 *** 
===============================================================================
[#c81886 1.7GiB/3.6GiB(47%) CN:8 DL:2.8MiB ETA:11m33s]
FILE: /mnt/mydata/wja/reasoning-diff/assets/models/Qwen3-8B/model-00003-of-00005.safetensors
-------------------------------------------------------------------------------

[#846b82 1.5GiB/2.9GiB(53%) CN:8 DL:2.8MiB ETA:8m6s]
[#846b82 1.5GiB/2.9GiB(53%) CN:8 DL:2.9MiB ETA:8m4s]
[#846b82 1.5GiB/2.9GiB(53%) CN:8 DL:2.9MiB ETA:8m]
[#846b82 1.5GiB/2.9GiB(53%) CN:8 DL:2.9MiB ETA:7m49s]
[#846b82 1.6GiB/2.9GiB(53%) CN:8 DL:3.0MiB ETA:7m46s]
[#846b82 1.6GiB/2.9GiB(54%) CN:8 DL:2.9MiB ETA:7m46s]
[#846b82 1.6GiB/2.9GiB(54%) CN:8 DL:2.9MiB ETA:7m49s]
[#846b82 1.6GiB/2.9GiB(54%) CN:8 DL:2.9MiB ETA:7m45s]
[#846b82 1.6GiB/2.9GiB(54%) CN:8 DL:3.0MiB ETA:7m41s]
[#846b82 1.6GiB/2.9GiB(54%) CN:8 DL:3.0MiB ETA:7m39s]
[#846b82 1.6GiB/2.9GiB(54%) CN:8 DL:3.0MiB ETA:7m35s]
[#846b82 1.6GiB/2.9GiB(54%) CN:8 DL:3.0MiB ETA:7m32s]
[#846b82 1.6GiB/2.9GiB(54%) CN:8 DL:3.0MiB ETA:7m35s]
[#846b82 1.6GiB/2.9GiB(54%) CN:8 DL:3.0MiB ETA:7m30s]
[#846b82 1.6GiB/2.9GiB(55%) CN:8 DL:3.0MiB ETA:7m22s]
[#846b82 1.6GiB/2.9GiB(55%) CN:8 DL:3.1MiB ETA:7m16s]
[#846b82 1.6GiB/2.9GiB(55%) CN:8 DL:3.1MiB ETA:7m13s]
[#846b82 1.6GiB/2.9GiB(55%) CN:8 DL:3.1MiB ETA:7m13s]
[#846b82 1.6GiB/2.9GiB(55%) CN:8 DL:3.1MiB ETA:7m11s]
[#846b82 1.6GiB/2.9GiB(55%) CN:8 DL:3.1MiB ETA:7m6s]
[#846b82 1.6GiB/2.9GiB(55%) CN:8 DL:3.1MiB ETA:7m6s]
[#846b82 1.6GiB/2.9GiB(55%) CN:8 DL:3.0MiB ETA:7m15s]
[#846b82 1.6GiB/2.9GiB(55%) CN:8 DL:3.0MiB ETA:7m17s]
[#846b82 1.6GiB/2.9GiB(55%) CN:8 DL:3.0MiB ETA:7m17s]
[#846b82 1.6GiB/2.9GiB(56%) CN:8 DL:3.0MiB ETA:7m18s]
[#846b82 1.6GiB/2.9GiB(56%) CN:8 DL:3.0MiB ETA:7m16s]
[#846b82 1.6GiB/2.9GiB(56%) CN:8 DL:3.0MiB ETA:7m14s]
[#846b82 1.6GiB/2.9GiB(56%) CN:8 DL:3.0MiB ETA:7m13s]
[#846b82 1.6GiB/2.9GiB(56%) CN:8 DL:3.0MiB ETA:7m18s]
 *** Download Progress Summary as of Sun Oct  4 11:22:50 2026 *** 
===============================================================================
[#846b82 1.6GiB/2.9GiB(56%) CN:8 DL:3.0MiB ETA:7m17s]
FILE: /mnt/mydata/wja/reasoning-diff/assets/models/Qwen3-8B/model-00004-of-00005.safetensors
-------------------------------------------------------------------------------

[#8a3441 1.7GiB/3.7GiB(47%) CN:8 DL:2.8MiB ETA:11m35s]
[#8a3441 1.7GiB/3.7GiB(47%) CN:8 DL:2.8MiB ETA:11m42s]
[#8a3441 1.7GiB/3.7GiB(47%) CN:8 DL:2.8MiB ETA:11m30s]
[#8a3441 1.7GiB/3.7GiB(47%) CN:8 DL:2.8MiB ETA:11m28s]
[#8a3441 1.7GiB/3.7GiB(47%) CN:8 DL:2.8MiB ETA:11m31s]
[#8a3441 1.7GiB/3.7GiB(47%) CN:8 DL:2.8MiB ETA:11m41s]
[#8a3441 1.7GiB/3.7GiB(48%) CN:8 DL:2.8MiB ETA:11m38s]
[#8a3441 1.7GiB/3.7GiB(48%) CN:8 DL:2.8MiB ETA:11m32s]
[#8a3441 1.7GiB/3.7GiB(48%) CN:8 DL:2.8MiB ETA:11m33s]
[#8a3441 1.7GiB/3.7GiB(48%) CN:8 DL:2.8MiB ETA:11m31s]
[#8a3441 1.8GiB/3.7GiB(48%) CN:8 DL:2.8MiB ETA:11m35s]
[#8a3441 1.8GiB/3.7GiB(48%) CN:8 DL:2.8MiB ETA:11m27s]
[#8a3441 1.8GiB/3.7GiB(48%) CN:8 DL:2.8MiB ETA:11m17s]
[#8a3441 1.8GiB/3.7GiB(48%) CN:8 DL:2.9MiB ETA:11m13s]
[#8a3441 1.8GiB/3.7GiB(48%) CN:8 DL:2.9MiB ETA:11m11s]
[#8a3441 1.8GiB/3.7GiB(48%) CN:8 DL:2.8MiB ETA:11m13s]
[#8a3441 1.8GiB/3.7GiB(48%) CN:8 DL:2.8MiB ETA:11m12s]
[#8a3441 1.8GiB/3.7GiB(48%) CN:8 DL:2.9MiB ETA:11m4s]
[#8a3441 1.8GiB/3.7GiB(49%) CN:8 DL:2.8MiB ETA:11m11s]
[#8a3441 1.8GiB/3.7GiB(49%) CN:8 DL:2.8MiB ETA:11m15s]
[#8a3441 1.8GiB/3.7GiB(49%) CN:8 DL:2.8MiB ETA:11m10s]
[#8a3441 1.8GiB/3.7GiB(49%) CN:8 DL:2.8MiB ETA:11m15s]
[#8a3441 1.8GiB/3.7GiB(49%) CN:8 DL:2.8MiB ETA:11m17s]
[#8a3441 1.8GiB/3.7GiB(49%) CN:8 DL:2.8MiB ETA:11m15s]
[#8a3441 1.8GiB/3.7GiB(49%) CN:8 DL:2.8MiB ETA:11m7s]
[#8a3441 1.8GiB/3.7GiB(49%) CN:8 DL:2.8MiB ETA:11m6s]
[#8a3441 1.8GiB/3.7GiB(49%) CN:8 DL:2.8MiB ETA:11m16s]
[#8a3441 1.8GiB/3.7GiB(49%) CN:8 DL:2.8MiB ETA:11m18s]
[#8a3441 1.8GiB/3.7GiB(49%) CN:8 DL:2.8MiB ETA:11m14s]
[#8a3441 1.8GiB/3.7GiB(49%) CN:8 DL:2.8MiB ETA:11m2s]
 *** Download Progress Summary as of Sun Oct  4 11:23:09 2026 *** 
===============================================================================
[#8a3441 1.8GiB/3.7GiB(49%) CN:8 DL:2.8MiB ETA:11m4s]
FILE: /mnt/mydata/wja/reasoning-diff/assets/models/Qwen3-8B/model-00001-of-00005.safetensors
-------------------------------------------------------------------------------

[#c81886 1.7GiB/3.6GiB(47%) CN:8 DL:2.8MiB ETA:11m33s]
[#c81886 1.7GiB/3.6GiB(47%) CN:8 DL:2.8MiB ETA:11m34s]
[#c81886 1.7GiB/3.6GiB(48%) CN:8 DL:2.8MiB ETA:11m39s]
[#c81886 1.7GiB/3.6GiB(48%) CN:8 DL:2.8MiB ETA:11m33s]
[#c81886 1.7GiB/3.6GiB(48%) CN:8 DL:2.7MiB ETA:11m39s]
[#c81886 1.7GiB/3.6GiB(48%) CN:8 DL:2.7MiB ETA:11m42s]
[#c81886 1.7GiB/3.6GiB(48%) CN:8 DL:2.7MiB ETA:11m40s]
[#c81886 1.7GiB/3.6GiB(48%) CN:8 DL:2.8MiB ETA:11m32s]
[#c81886 1.7GiB/3.6GiB(48%) CN:8 DL:2.7MiB ETA:11m40s]
[#c81886 1.7GiB/3.6GiB(48%) CN:8 DL:2.7MiB ETA:11m37s]
[#c81886 1.7GiB/3.6GiB(48%) CN:8 DL:2.7MiB ETA:11m44s]
[#c81886 1.7GiB/3.6GiB(48%) CN:8 DL:2.7MiB ETA:11m37s]
[#c81886 1.7GiB/3.6GiB(48%) CN:8 DL:2.7MiB ETA:11m38s]
[#c81886 1.8GiB/3.6GiB(48%) CN:8 DL:2.8MiB ETA:11m26s]
[#c81886 1.8GiB/3.6GiB(48%) CN:8 DL:2.8MiB ETA:11m21s]
[#c81886 1.8GiB/3.6GiB(49%) CN:8 DL:2.8MiB ETA:11m24s]
[#c81886 1.8GiB/3.6GiB(49%) CN:8 DL:2.7MiB ETA:11m30s]
[#c81886 1.8GiB/3.6GiB(49%) CN:8 DL:2.7MiB ETA:11m29s]
[#c81886 1.8GiB/3.6GiB(49%) CN:8 DL:2.7MiB ETA:11m25s]
[#c81886 1.8GiB/3.6GiB(49%) CN:8 DL:2.8MiB ETA:11m10s]
[#c81886 1.8GiB/3.6GiB(49%) CN:8 DL:2.8MiB ETA:10m59s]
[#c81886 1.8GiB/3.6GiB(49%) CN:8 DL:2.8MiB ETA:11m4s]
[#c81886 1.8GiB/3.6GiB(49%) CN:8 DL:2.8MiB ETA:11m9s]
[#c81886 1.8GiB/3.6GiB(49%) CN:8 DL:2.8MiB ETA:11m8s]
[#c81886 1.8GiB/3.6GiB(49%) CN:8 DL:2.8MiB ETA:11m4s]
[#c81886 1.8GiB/3.6GiB(49%) CN:8 DL:2.9MiB ETA:10m49s]
[#c81886 1.8GiB/3.6GiB(49%) CN:8 DL:2.9MiB ETA:10m44s]
[#c81886 1.8GiB/3.6GiB(49%) CN:8 DL:2.9MiB ETA:10m39s]
[#c81886 1.8GiB/3.6GiB(50%) CN:8 DL:2.9MiB ETA:10m36s]
[#c81886 1.8GiB/3.6GiB(50%) CN:8 DL:2.9MiB ETA:10m36s]
 *** Download Progress Summary as of Sun Oct  4 11:23:13 2026 *** 
===============================================================================
[#c81886 1.8GiB/3.6GiB(50%) CN:8 DL:2.9MiB ETA:10m32s]
FILE: /mnt/mydata/wja/reasoning-diff/assets/models/Qwen3-8B/model-00003-of-00005.safetensors
-------------------------------------------------------------------------------

[#9f16c5 1.0GiB/3.7GiB(26%) CN:8 DL:1.6MiB ETA:27m28s]
[#9f16c5 1.0GiB/3.7GiB(27%) CN:8 DL:1.6MiB ETA:27m38s]
[#9f16c5 1.0GiB/3.7GiB(27%) CN:8 DL:1.6MiB ETA:27m42s]
[#9f16c5 1.0GiB/3.7GiB(27%) CN:8 DL:1.6MiB ETA:27m37s]
[#9f16c5 1.0GiB/3.7GiB(27%) CN:8 DL:1.6MiB ETA:27m41s]
[#9f16c5 1.0GiB/3.7GiB(27%) CN:8 DL:1.6MiB ETA:27m50s]
[#9f16c5 1.0GiB/3.7GiB(27%) CN:8 DL:1.6MiB ETA:27m53s]
[#9f16c5 1.0GiB/3.7GiB(27%) CN:8 DL:1.6MiB ETA:28m17s]
[#9f16c5 1.0GiB/3.7GiB(27%) CN:8 DL:1.6MiB ETA:28m27s]
[#9f16c5 1.0GiB/3.7GiB(27%) CN:8 DL:1.6MiB ETA:28m22s]
[#9f16c5 1.0GiB/3.7GiB(27%) CN:8 DL:1.6MiB ETA:28m15s]
[#9f16c5 1.0GiB/3.7GiB(27%) CN:8 DL:1.6MiB ETA:28m14s]
[#9f16c5 1.0GiB/3.7GiB(27%) CN:8 DL:1.6MiB ETA:28m10s]
[#9f16c5 1.0GiB/3.7GiB(27%) CN:8 DL:1.6MiB ETA:27m42s]
[#9f16c5 1.0GiB/3.7GiB(27%) CN:8 DL:1.6MiB ETA:27m37s]
[#9f16c5 1.0GiB/3.7GiB(27%) CN:8 DL:1.6MiB ETA:27m42s]
[#9f16c5 1.0GiB/3.7GiB(27%) CN:8 DL:1.6MiB ETA:27m28s]
[#9f16c5 1.0GiB/3.7GiB(27%) CN:8 DL:1.6MiB ETA:27m14s]
[#9f16c5 1.0GiB/3.7GiB(27%) CN:8 DL:1.6MiB ETA:27m23s]
[#9f16c5 1.0GiB/3.7GiB(27%) CN:8 DL:1.6MiB ETA:27m24s]
[#9f16c5 1.0GiB/3.7GiB(27%) CN:8 DL:1.6MiB ETA:27m1s]
[#9f16c5 1.0GiB/3.7GiB(27%) CN:8 DL:1.6MiB ETA:27m11s]
[#9f16c5 1.0GiB/3.7GiB(27%) CN:8 DL:1.6MiB ETA:27m16s]
[#9f16c5 1.0GiB/3.7GiB(28%) CN:8 DL:1.6MiB ETA:27m25s]
[#9f16c5 1.0GiB/3.7GiB(28%) CN:8 DL:1.6MiB ETA:27m57s]
[#9f16c5 1.0GiB/3.7GiB(28%) CN:8 DL:1.6MiB ETA:27m36s]
[#9f16c5 1.0GiB/3.7GiB(28%) CN:8 DL:1.6MiB ETA:27m39s]
[#9f16c5 1.0GiB/3.7GiB(28%) CN:8 DL:1.6MiB ETA:27m32s]
[#9f16c5 1.0GiB/3.7GiB(28%) CN:8 DL:1.6MiB ETA:27m46s]
[#9f16c5 1.0GiB/3.7GiB(28%) CN:8 DL:1.6MiB ETA:27m48s]
 *** Download Progress Summary as of Sun Oct  4 11:23:13 2026 *** 
===============================================================================
[#9f16c5 1.0GiB/3.7GiB(28%) CN:8 DL:1.6MiB ETA:27m39s]
FILE: /mnt/mydata/wja/reasoning-diff/assets/models/Qwen3-8B/model-00002-of-00005.safetensors
-------------------------------------------------------------------------------

[#846b82 1.6GiB/2.9GiB(56%) CN:8 DL:3.0MiB ETA:7m17s]
[#846b82 1.6GiB/2.9GiB(56%) CN:8 DL:3.0MiB ETA:7m9s]
[#846b82 1.6GiB/2.9GiB(56%) CN:8 DL:3.0MiB ETA:7m4s]
[#846b82 1.6GiB/2.9GiB(56%) CN:8 DL:3.1MiB ETA:7m]
[#846b82 1.6GiB/2.9GiB(57%) CN:8 DL:3.0MiB ETA:7m1s]
[#846b82 1.6GiB/2.9GiB(57%) CN:8 DL:3.0MiB ETA:7m2s]
[#846b82 1.6GiB/2.9GiB(57%) CN:8 DL:3.0MiB ETA:7m7s]
[#846b82 1.7GiB/2.9GiB(57%) CN:8 DL:3.0MiB ETA:7m6s]
[#846b82 1.7GiB/2.9GiB(57%) CN:8 DL:3.0MiB ETA:7m3s]
[#846b82 1.7GiB/2.9GiB(57%) CN:8 DL:3.0MiB ETA:7m1s]
[#846b82 1.7GiB/2.9GiB(57%) CN:8 DL:3.0MiB ETA:7m6s]
[#846b82 1.7GiB/2.9GiB(57%) CN:8 DL:2.9MiB ETA:7m9s]
[#846b82 1.7GiB/2.9GiB(57%) CN:8 DL:2.9MiB ETA:7m12s]
[#846b82 1.7GiB/2.9GiB(57%) CN:8 DL:3.0MiB ETA:6m58s]
[#846b82 1.7GiB/2.9GiB(58%) CN:8 DL:3.0MiB ETA:6m58s]
[#846b82 1.7GiB/2.9GiB(58%) CN:8 DL:2.9MiB ETA:7m5s]
[#846b82 1.7GiB/2.9GiB(58%) CN:8 DL:2.9MiB ETA:7m6s]
[#846b82 1.7GiB/2.9GiB(58%) CN:8 DL:3.0MiB ETA:7m2s]
[#846b82 1.7GiB/2.9GiB(58%) CN:8 DL:2.9MiB ETA:7m6s]
[#846b82 1.7GiB/2.9GiB(58%) CN:8 DL:2.9MiB ETA:7m6s]
[#846b82 1.7GiB/2.9GiB(58%) CN:8 DL:2.9MiB ETA:7m7s]
[#846b82 1.7GiB/2.9GiB(58%) CN:8 DL:2.9MiB ETA:7m7s]
[#846b82 1.7GiB/2.9GiB(58%) CN:8 DL:2.9MiB ETA:7m5s]
[#846b82 1.7GiB/2.9GiB(58%) CN:8 DL:2.9MiB ETA:7m7s]
[#846b82 1.7GiB/2.9GiB(59%) CN:8 DL:2.8MiB ETA:7m13s]
[#846b82 1.7GiB/2.9GiB(59%) CN:8 DL:2.8MiB ETA:7m12s]
[#846b82 1.7GiB/2.9GiB(59%) CN:8 DL:2.8MiB ETA:7m20s]
[#846b82 1.7GiB/2.9GiB(59%) CN:8 DL:2.8MiB ETA:7m19s]
[#846b82 1.7GiB/2.9GiB(59%) CN:8 DL:2.8MiB ETA:7m12s]
[#846b82 1.7GiB/2.9GiB(59%) CN:8 DL:2.8MiB ETA:7m12s]
 *** Download Progress Summary as of Sun Oct  4 11:23:20 2026 *** 
===============================================================================
[#846b82 1.7GiB/2.9GiB(59%) CN:8 DL:2.8MiB ETA:7m15s]
FILE: /mnt/mydata/wja/reasoning-diff/assets/models/Qwen3-8B/model-00004-of-00005.safetensors
-------------------------------------------------------------------------------

[#8a3441 1.8GiB/3.7GiB(49%) CN:8 DL:2.8MiB ETA:11m4s]
[#8a3441 1.8GiB/3.7GiB(49%) CN:8 DL:2.8MiB ETA:11m3s]
[#8a3441 1.8GiB/3.7GiB(50%) CN:8 DL:2.8MiB ETA:11m8s]
[#8a3441 1.8GiB/3.7GiB(50%) CN:8 DL:2.8MiB ETA:11m15s]
[#8a3441 1.8GiB/3.7GiB(50%) CN:8 DL:2.7MiB ETA:11m28s]
[#8a3441 1.8GiB/3.7GiB(50%) CN:8 DL:2.7MiB ETA:11m18s]
[#8a3441 1.8GiB/3.7GiB(50%) CN:8 DL:2.7MiB ETA:11m15s]
[#8a3441 1.8GiB/3.7GiB(50%) CN:8 DL:2.8MiB ETA:11m]
[#8a3441 1.8GiB/3.7GiB(50%) CN:8 DL:2.8MiB ETA:10m58s]
[#8a3441 1.8GiB/3.7GiB(50%) CN:8 DL:2.9MiB ETA:10m46s]
[#8a3441 1.8GiB/3.7GiB(50%) CN:8 DL:2.9MiB ETA:10m47s]
[#8a3441 1.8GiB/3.7GiB(50%) CN:8 DL:2.9MiB ETA:10m37s]
[#8a3441 1.8GiB/3.7GiB(50%) CN:8 DL:2.9MiB ETA:10m35s]
[#8a3441 1.8GiB/3.7GiB(50%) CN:8 DL:2.9MiB ETA:10m42s]
[#8a3441 1.8GiB/3.7GiB(51%) CN:8 DL:2.9MiB ETA:10m28s]
[#8a3441 1.9GiB/3.7GiB(51%) CN:8 DL:2.9MiB ETA:10m27s]
[#8a3441 1.9GiB/3.7GiB(51%) CN:8 DL:2.9MiB ETA:10m22s]
[#8a3441 1.9GiB/3.7GiB(51%) CN:8 DL:2.9MiB ETA:10m26s]
[#8a3441 1.9GiB/3.7GiB(51%) CN:8 DL:2.9MiB ETA:10m26s]
[#8a3441 1.9GiB/3.7GiB(51%) CN:8 DL:2.9MiB ETA:10m24s]
[#8a3441 1.9GiB/3.7GiB(51%) CN:8 DL:2.9MiB ETA:10m30s]
[#8a3441 1.9GiB/3.7GiB(51%) CN:8 DL:2.9MiB ETA:10m32s]
[#8a3441 1.9GiB/3.7GiB(51%) CN:8 DL:2.9MiB ETA:10m32s]
[#8a3441 1.9GiB/3.7GiB(51%) CN:8 DL:2.9MiB ETA:10m19s]
[#8a3441 1.9GiB/3.7GiB(51%) CN:8 DL:2.9MiB ETA:10m14s]
[#8a3441 1.9GiB/3.7GiB(51%) CN:8 DL:2.9MiB ETA:10m15s]
[#8a3441 1.9GiB/3.7GiB(51%) CN:8 DL:2.9MiB ETA:10m16s]
[#8a3441 1.9GiB/3.7GiB(52%) CN:8 DL:2.9MiB ETA:10m13s]
[#8a3441 1.9GiB/3.7GiB(52%) CN:8 DL:2.9MiB ETA:10m14s]
[#8a3441 1.9GiB/3.7GiB(52%) CN:8 DL:3.0MiB ETA:10m1s]
 *** Download Progress Summary as of Sun Oct  4 11:23:40 2026 *** 
===============================================================================
[#8a3441 1.9GiB/3.7GiB(52%) CN:8 DL:2.9MiB ETA:10m11s]
FILE: /mnt/mydata/wja/reasoning-diff/assets/models/Qwen3-8B/model-00001-of-00005.safetensors
-------------------------------------------------------------------------------

[#9f16c5 1.0GiB/3.7GiB(28%) CN:8 DL:1.6MiB ETA:27m39s]
[#9f16c5 1.0GiB/3.7GiB(28%) CN:8 DL:1.6MiB ETA:27m42s]
[#9f16c5 1.0GiB/3.7GiB(28%) CN:8 DL:1.6MiB ETA:27m36s]
[#9f16c5 1.0GiB/3.7GiB(28%) CN:8 DL:1.6MiB ETA:28m4s]
[#9f16c5 1.0GiB/3.7GiB(28%) CN:8 DL:1.6MiB ETA:28m9s]
[#9f16c5 1.0GiB/3.7GiB(28%) CN:8 DL:1.6MiB ETA:28m5s]
[#9f16c5 1.0GiB/3.7GiB(28%) CN:8 DL:1.6MiB ETA:28m13s]
[#9f16c5 1.0GiB/3.7GiB(28%) CN:8 DL:1.6MiB ETA:27m44s]
[#9f16c5 1.0GiB/3.7GiB(28%) CN:8 DL:1.6MiB ETA:27m39s]
[#9f16c5 1.0GiB/3.7GiB(28%) CN:8 DL:1.6MiB ETA:27m4s]
[#9f16c5 1.0GiB/3.7GiB(28%) CN:8 DL:1.6MiB ETA:27m14s]
[#9f16c5 1.0GiB/3.7GiB(28%) CN:8 DL:1.7MiB ETA:26m31s]
[#9f16c5 1.0GiB/3.7GiB(28%) CN:8 DL:1.6MiB ETA:26m47s]
[#9f16c5 1.0GiB/3.7GiB(28%) CN:8 DL:1.6MiB ETA:26m48s]
[#9f16c5 1.0GiB/3.7GiB(28%) CN:8 DL:1.6MiB ETA:27m3s]
[#9f16c5 1.0GiB/3.7GiB(28%) CN:8 DL:1.6MiB ETA:26m46s]
[#9f16c5 1.0GiB/3.7GiB(29%) CN:8 DL:1.6MiB ETA:26m45s]
[#9f16c5 1.0GiB/3.7GiB(29%) CN:8 DL:1.6MiB ETA:27m3s]
[#9f16c5 1.0GiB/3.7GiB(29%) CN:8 DL:1.6MiB ETA:27m8s]
[#9f16c5 1.0GiB/3.7GiB(29%) CN:8 DL:1.6MiB ETA:27m8s]
[#9f16c5 1.0GiB/3.7GiB(29%) CN:8 DL:1.6MiB ETA:27m42s]
[#9f16c5 1.0GiB/3.7GiB(29%) CN:8 DL:1.6MiB ETA:27m35s]
[#9f16c5 1.0GiB/3.7GiB(29%) CN:8 DL:1.6MiB ETA:27m15s]
[#9f16c5 1.0GiB/3.7GiB(29%) CN:8 DL:1.6MiB ETA:26m58s]
[#9f16c5 1.0GiB/3.7GiB(29%) CN:8 DL:1.6MiB ETA:26m45s]
[#9f16c5 1.0GiB/3.7GiB(29%) CN:8 DL:1.7MiB ETA:26m15s]
[#9f16c5 1.0GiB/3.7GiB(29%) CN:8 DL:1.6MiB ETA:26m49s]
[#9f16c5 1.0GiB/3.7GiB(29%) CN:8 DL:1.6MiB ETA:26m42s]
[#9f16c5 1.0GiB/3.7GiB(29%) CN:8 DL:1.6MiB ETA:27m22s]
[#9f16c5 1.1GiB/3.7GiB(29%) CN:8 DL:1.6MiB ETA:27m13s]
 *** Download Progress Summary as of Sun Oct  4 11:23:43 2026 *** 
===============================================================================
[#9f16c5 1.1GiB/3.7GiB(29%) CN:8 DL:1.6MiB ETA:27m11s]
FILE: /mnt/mydata/wja/reasoning-diff/assets/models/Qwen3-8B/model-00002-of-00005.safetensors
-------------------------------------------------------------------------------

[#c81886 1.8GiB/3.6GiB(50%) CN:8 DL:2.9MiB ETA:10m32s]
[#c81886 1.8GiB/3.6GiB(50%) CN:8 DL:3.0MiB ETA:10m18s]
[#c81886 1.8GiB/3.6GiB(50%) CN:8 DL:3.0MiB ETA:10m15s]
[#c81886 1.8GiB/3.6GiB(50%) CN:8 DL:3.0MiB ETA:10m11s]
[#c81886 1.8GiB/3.6GiB(50%) CN:8 DL:3.0MiB ETA:10m20s]
[#c81886 1.8GiB/3.6GiB(50%) CN:8 DL:3.0MiB ETA:10m21s]
[#c81886 1.8GiB/3.6GiB(50%) CN:8 DL:3.0MiB ETA:10m20s]
[#c81886 1.8GiB/3.6GiB(50%) CN:8 DL:3.0MiB ETA:10m19s]
[#c81886 1.8GiB/3.6GiB(50%) CN:8 DL:2.9MiB ETA:10m19s]
[#c81886 1.8GiB/3.6GiB(50%) CN:8 DL:2.9MiB ETA:10m19s]
[#c81886 1.8GiB/3.6GiB(51%) CN:8 DL:2.9MiB ETA:10m20s]
[#c81886 1.8GiB/3.6GiB(51%) CN:8 DL:3.0MiB ETA:10m9s]
[#c81886 1.8GiB/3.6GiB(51%) CN:8 DL:3.0MiB ETA:10m7s]
[#c81886 1.8GiB/3.6GiB(51%) CN:8 DL:2.9MiB ETA:10m15s]
[#c81886 1.8GiB/3.6GiB(51%) CN:8 DL:2.9MiB ETA:10m18s]
[#c81886 1.8GiB/3.6GiB(51%) CN:8 DL:2.9MiB ETA:10m12s]
[#c81886 1.8GiB/3.6GiB(51%) CN:8 DL:3.0MiB ETA:9m59s]
[#c81886 1.9GiB/3.6GiB(51%) CN:8 DL:3.0MiB ETA:9m54s]
[#c81886 1.9GiB/3.6GiB(51%) CN:8 DL:3.0MiB ETA:9m51s]
[#c81886 1.9GiB/3.6GiB(51%) CN:8 DL:3.1MiB ETA:9m47s]
[#c81886 1.9GiB/3.6GiB(51%) CN:8 DL:3.1MiB ETA:9m43s]
[#c81886 1.9GiB/3.6GiB(51%) CN:8 DL:3.0MiB ETA:9m48s]
[#c81886 1.9GiB/3.6GiB(52%) CN:8 DL:3.0MiB ETA:9m54s]
[#c81886 1.9GiB/3.6GiB(52%) CN:8 DL:3.0MiB ETA:9m52s]
[#c81886 1.9GiB/3.6GiB(52%) CN:8 DL:3.0MiB ETA:9m50s]
[#c81886 1.9GiB/3.6GiB(52%) CN:8 DL:3.0MiB ETA:9m45s]
[#c81886 1.9GiB/3.6GiB(52%) CN:8 DL:3.1MiB ETA:9m38s]
[#c81886 1.9GiB/3.6GiB(52%) CN:8 DL:3.1MiB ETA:9m37s]
[#c81886 1.9GiB/3.6GiB(52%) CN:8 DL:3.1MiB ETA:9m36s]
[#c81886 1.9GiB/3.6GiB(52%) CN:8 DL:3.1MiB ETA:9m33s]
 *** Download Progress Summary as of Sun Oct  4 11:23:43 2026 *** 
===============================================================================
[#c81886 1.9GiB/3.6GiB(52%) CN:8 DL:3.0MiB ETA:9m36s]
FILE: /mnt/mydata/wja/reasoning-diff/assets/models/Qwen3-8B/model-00003-of-00005.safetensors
-------------------------------------------------------------------------------

[#846b82 1.7GiB/2.9GiB(59%) CN:8 DL:2.8MiB ETA:7m15s]
[#846b82 1.7GiB/2.9GiB(59%) CN:8 DL:2.7MiB ETA:7m23s]
[#846b82 1.7GiB/2.9GiB(59%) CN:8 DL:2.7MiB ETA:7m27s]
[#846b82 1.7GiB/2.9GiB(59%) CN:8 DL:2.7MiB ETA:7m23s]
[#846b82 1.7GiB/2.9GiB(59%) CN:8 DL:2.7MiB ETA:7m25s]
[#846b82 1.7GiB/2.9GiB(60%) CN:8 DL:2.7MiB ETA:7m20s]
[#846b82 1.7GiB/2.9GiB(60%) CN:8 DL:2.7MiB ETA:7m22s]
[#846b82 1.7GiB/2.9GiB(60%) CN:8 DL:2.7MiB ETA:7m21s]
[#846b82 1.7GiB/2.9GiB(60%) CN:8 DL:2.7MiB ETA:7m15s]
[#846b82 1.7GiB/2.9GiB(60%) CN:8 DL:2.7MiB ETA:7m13s]
[#846b82 1.7GiB/2.9GiB(60%) CN:8 DL:2.7MiB ETA:7m12s]
[#846b82 1.7GiB/2.9GiB(60%) CN:8 DL:2.7MiB ETA:7m11s]
[#846b82 1.7GiB/2.9GiB(60%) CN:8 DL:2.7MiB ETA:7m16s]
[#846b82 1.8GiB/2.9GiB(60%) CN:8 DL:2.6MiB ETA:7m23s]
[#846b82 1.8GiB/2.9GiB(60%) CN:8 DL:2.6MiB ETA:7m23s]
[#846b82 1.8GiB/2.9GiB(60%) CN:8 DL:2.6MiB ETA:7m22s]
[#846b82 1.8GiB/2.9GiB(61%) CN:8 DL:2.6MiB ETA:7m20s]
[#846b82 1.8GiB/2.9GiB(61%) CN:8 DL:2.6MiB ETA:7m19s]
[#846b82 1.8GiB/2.9GiB(61%) CN:8 DL:2.6MiB ETA:7m22s]
[#846b82 1.8GiB/2.9GiB(61%) CN:8 DL:2.6MiB ETA:7m16s]
[#846b82 1.8GiB/2.9GiB(61%) CN:8 DL:2.7MiB ETA:7m12s]
[#846b82 1.8GiB/2.9GiB(61%) CN:8 DL:2.6MiB ETA:7m16s]
[#846b82 1.8GiB/2.9GiB(61%) CN:8 DL:2.6MiB ETA:7m13s]
[#846b82 1.8GiB/2.9GiB(61%) CN:8 DL:2.7MiB ETA:7m11s]
[#846b82 1.8GiB/2.9GiB(61%) CN:8 DL:2.6MiB ETA:7m14s]
[#846b82 1.8GiB/2.9GiB(61%) CN:8 DL:2.7MiB ETA:7m9s]
[#846b82 1.8GiB/2.9GiB(61%) CN:8 DL:2.7MiB ETA:7m7s]
[#846b82 1.8GiB/2.9GiB(62%) CN:8 DL:2.7MiB ETA:7m]
[#846b82 1.8GiB/2.9GiB(62%) CN:8 DL:2.7MiB ETA:7m1s]
[#846b82 1.8GiB/2.9GiB(62%) CN:8 DL:2.7MiB ETA:6m56s]
 *** Download Progress Summary as of Sun Oct  4 11:23:51 2026 *** 
===============================================================================
[#846b82 1.8GiB/2.9GiB(62%) CN:8 DL:2.7MiB ETA:6m53s]
FILE: /mnt/mydata/wja/reasoning-diff/assets/models/Qwen3-8B/model-00004-of-00005.safetensors
-------------------------------------------------------------------------------

[#8a3441 1.9GiB/3.7GiB(52%) CN:8 DL:2.9MiB ETA:10m11s]
[#8a3441 1.9GiB/3.7GiB(52%) CN:8 DL:2.9MiB ETA:10m6s]
[#8a3441 1.9GiB/3.7GiB(52%) CN:8 DL:3.0MiB ETA:10m2s]
[#8a3441 1.9GiB/3.7GiB(52%) CN:8 DL:3.0MiB ETA:9m57s]
[#8a3441 1.9GiB/3.7GiB(52%) CN:8 DL:3.0MiB ETA:9m55s]
[#8a3441 1.9GiB/3.7GiB(52%) CN:8 DL:3.0MiB ETA:9m56s]
[#8a3441 1.9GiB/3.7GiB(52%) CN:8 DL:3.0MiB ETA:9m48s]
[#8a3441 1.9GiB/3.7GiB(52%) CN:8 DL:3.0MiB ETA:9m45s]
[#8a3441 1.9GiB/3.7GiB(52%) CN:8 DL:3.0MiB ETA:9m45s]
[#8a3441 1.9GiB/3.7GiB(52%) CN:8 DL:3.0MiB ETA:9m51s]
[#8a3441 1.9GiB/3.7GiB(53%) CN:8 DL:3.0MiB ETA:9m47s]
[#8a3441 1.9GiB/3.7GiB(53%) CN:8 DL:3.0MiB ETA:9m46s]
[#8a3441 1.9GiB/3.7GiB(53%) CN:8 DL:3.0MiB ETA:9m46s]
[#8a3441 1.9GiB/3.7GiB(53%) CN:8 DL:3.0MiB ETA:9m49s]
[#8a3441 1.9GiB/3.7GiB(53%) CN:8 DL:3.0MiB ETA:9m51s]
[#8a3441 1.9GiB/3.7GiB(53%) CN:8 DL:2.9MiB ETA:9m52s]
[#8a3441 1.9GiB/3.7GiB(53%) CN:8 DL:2.9MiB ETA:9m53s]
[#8a3441 1.9GiB/3.7GiB(53%) CN:8 DL:2.9MiB ETA:9m55s]
[#8a3441 2.0GiB/3.7GiB(53%) CN:8 DL:2.9MiB ETA:9m51s]
[#8a3441 2.0GiB/3.7GiB(53%) CN:8 DL:2.9MiB ETA:9m53s]
[#8a3441 2.0GiB/3.7GiB(53%) CN:8 DL:2.9MiB ETA:9m54s]
[#8a3441 2.0GiB/3.7GiB(53%) CN:8 DL:2.9MiB ETA:9m52s]
[#8a3441 2.0GiB/3.7GiB(54%) CN:8 DL:2.9MiB ETA:9m45s]
[#8a3441 2.0GiB/3.7GiB(54%) CN:8 DL:2.9MiB ETA:9m44s]
[#8a3441 2.0GiB/3.7GiB(54%) CN:8 DL:2.9MiB ETA:9m44s]
[#8a3441 2.0GiB/3.7GiB(54%) CN:8 DL:2.9MiB ETA:9m45s]
[#8a3441 2.0GiB/3.7GiB(54%) CN:8 DL:2.9MiB ETA:9m47s]
[#8a3441 2.0GiB/3.7GiB(54%) CN:8 DL:2.9MiB ETA:9m49s]
[#8a3441 2.0GiB/3.7GiB(54%) CN:8 DL:2.9MiB ETA:9m44s]
[#8a3441 2.0GiB/3.7GiB(54%) CN:8 DL:2.9MiB ETA:9m40s]
 *** Download Progress Summary as of Sun Oct  4 11:24:11 2026 *** 
===============================================================================
[#8a3441 2.0GiB/3.7GiB(54%) CN:8 DL:2.9MiB ETA:9m36s]
FILE: /mnt/mydata/wja/reasoning-diff/assets/models/Qwen3-8B/model-00001-of-00005.safetensors
-------------------------------------------------------------------------------

[#9f16c5 1.1GiB/3.7GiB(29%) CN:8 DL:1.6MiB ETA:27m11s]
[#9f16c5 1.1GiB/3.7GiB(29%) CN:8 DL:1.6MiB ETA:27m1s]
[#9f16c5 1.1GiB/3.7GiB(29%) CN:8 DL:1.6MiB ETA:27m6s]
[#9f16c5 1.1GiB/3.7GiB(29%) CN:8 DL:1.6MiB ETA:27m6s]
[#9f16c5 1.1GiB/3.7GiB(29%) CN:8 DL:1.6MiB ETA:27m17s]
[#9f16c5 1.1GiB/3.7GiB(29%) CN:8 DL:1.6MiB ETA:27m2s]
[#9f16c5 1.1GiB/3.7GiB(29%) CN:8 DL:1.6MiB ETA:27m28s]
[#9f16c5 1.1GiB/3.7GiB(29%) CN:8 DL:1.6MiB ETA:27m6s]
[#9f16c5 1.1GiB/3.7GiB(29%) CN:8 DL:1.6MiB ETA:27m6s]
[#9f16c5 1.1GiB/3.7GiB(30%) CN:8 DL:1.6MiB ETA:27m15s]
[#9f16c5 1.1GiB/3.7GiB(30%) CN:8 DL:1.6MiB ETA:27m4s]
[#9f16c5 1.1GiB/3.7GiB(30%) CN:8 DL:1.6MiB ETA:27m12s]
[#9f16c5 1.1GiB/3.7GiB(30%) CN:8 DL:1.6MiB ETA:27m26s]
[#9f16c5 1.1GiB/3.7GiB(30%) CN:8 DL:1.6MiB ETA:27m7s]
[#9f16c5 1.1GiB/3.7GiB(30%) CN:8 DL:1.6MiB ETA:27m22s]
[#9f16c5 1.1GiB/3.7GiB(30%) CN:8 DL:1.6MiB ETA:27m9s]
[#9f16c5 1.1GiB/3.7GiB(30%) CN:8 DL:1.6MiB ETA:27m15s]
[#9f16c5 1.1GiB/3.7GiB(30%) CN:8 DL:1.6MiB ETA:27m27s]
[#9f16c5 1.1GiB/3.7GiB(30%) CN:8 DL:1.6MiB ETA:27m6s]
[#9f16c5 1.1GiB/3.7GiB(30%) CN:8 DL:1.6MiB ETA:27m16s]
[#9f16c5 1.1GiB/3.7GiB(30%) CN:8 DL:1.6MiB ETA:26m36s]
[#9f16c5 1.1GiB/3.7GiB(30%) CN:8 DL:1.6MiB ETA:26m57s]
[#9f16c5 1.1GiB/3.7GiB(30%) CN:8 DL:1.6MiB ETA:27m16s]
[#9f16c5 1.1GiB/3.7GiB(30%) CN:8 DL:1.6MiB ETA:27m6s]
[#9f16c5 1.1GiB/3.7GiB(30%) CN:8 DL:1.5MiB ETA:27m44s]
[#9f16c5 1.1GiB/3.7GiB(30%) CN:8 DL:1.5MiB ETA:27m33s]
[#9f16c5 1.1GiB/3.7GiB(30%) CN:8 DL:1.6MiB ETA:27m6s]
[#9f16c5 1.1GiB/3.7GiB(30%) CN:8 DL:1.6MiB ETA:27m20s]
[#9f16c5 1.1GiB/3.7GiB(30%) CN:8 DL:1.6MiB ETA:27m2s]
[#9f16c5 1.1GiB/3.7GiB(30%) CN:8 DL:1.6MiB ETA:27m22s]
 *** Download Progress Summary as of Sun Oct  4 11:24:14 2026 *** 
===============================================================================
[#9f16c5 1.1GiB/3.7GiB(30%) CN:8 DL:1.5MiB ETA:27m37s]
FILE: /mnt/mydata/wja/reasoning-diff/assets/models/Qwen3-8B/model-00002-of-00005.safetensors
-------------------------------------------------------------------------------

[#c81886 1.9GiB/3.6GiB(52%) CN:8 DL:3.0MiB ETA:9m36s]
[#c81886 1.9GiB/3.6GiB(52%) CN:8 DL:3.0MiB ETA:9m41s]
[#c81886 1.9GiB/3.6GiB(52%) CN:8 DL:3.0MiB ETA:9m38s]
[#c81886 1.9GiB/3.6GiB(52%) CN:8 DL:3.0MiB ETA:9m40s]
[#c81886 1.9GiB/3.6GiB(53%) CN:8 DL:3.0MiB ETA:9m43s]
[#c81886 1.9GiB/3.6GiB(53%) CN:8 DL:3.0MiB ETA:9m46s]
[#c81886 1.9GiB/3.6GiB(53%) CN:8 DL:3.0MiB ETA:9m45s]
[#c81886 1.9GiB/3.6GiB(53%) CN:8 DL:3.0MiB ETA:9m48s]
[#c81886 1.9GiB/3.6GiB(53%) CN:8 DL:2.9MiB ETA:9m49s]
[#c81886 1.9GiB/3.6GiB(53%) CN:8 DL:2.9MiB ETA:9m49s]
[#c81886 1.9GiB/3.6GiB(53%) CN:8 DL:2.9MiB ETA:9m48s]
[#c81886 1.9GiB/3.6GiB(53%) CN:8 DL:2.9MiB ETA:9m49s]
[#c81886 1.9GiB/3.6GiB(53%) CN:8 DL:2.9MiB ETA:9m47s]
[#c81886 1.9GiB/3.6GiB(53%) CN:8 DL:2.9MiB ETA:9m46s]
[#c81886 1.9GiB/3.6GiB(53%) CN:8 DL:2.9MiB ETA:9m44s]
[#c81886 1.9GiB/3.6GiB(53%) CN:8 DL:2.9MiB ETA:9m44s]
[#c81886 1.9GiB/3.6GiB(53%) CN:8 DL:2.9MiB ETA:9m43s]
[#c81886 1.9GiB/3.6GiB(54%) CN:8 DL:2.9MiB ETA:9m42s]
[#c81886 1.9GiB/3.6GiB(54%) CN:8 DL:2.9MiB ETA:9m42s]
[#c81886 1.9GiB/3.6GiB(54%) CN:8 DL:2.9MiB ETA:9m42s]
[#c81886 2.0GiB/3.6GiB(54%) CN:8 DL:2.9MiB ETA:9m45s]
[#c81886 2.0GiB/3.6GiB(54%) CN:8 DL:2.9MiB ETA:9m41s]
[#c81886 2.0GiB/3.6GiB(54%) CN:8 DL:2.9MiB ETA:9m39s]
[#c81886 2.0GiB/3.6GiB(54%) CN:8 DL:2.9MiB ETA:9m41s]
[#c81886 2.0GiB/3.6GiB(54%) CN:8 DL:2.9MiB ETA:9m45s]
[#c81886 2.0GiB/3.6GiB(54%) CN:8 DL:2.8MiB ETA:9m55s]
[#c81886 2.0GiB/3.6GiB(54%) CN:8 DL:2.8MiB ETA:9m59s]
[#c81886 2.0GiB/3.6GiB(54%) CN:8 DL:2.8MiB ETA:10m1s]
[#c81886 2.0GiB/3.6GiB(54%) CN:8 DL:2.7MiB ETA:10m8s]
[#c81886 2.0GiB/3.6GiB(54%) CN:8 DL:2.8MiB ETA:10m1s]
 *** Download Progress Summary as of Sun Oct  4 11:24:14 2026 *** 
===============================================================================
[#c81886 2.0GiB/3.6GiB(55%) CN:8 DL:2.8MiB ETA:10m2s]
FILE: /mnt/mydata/wja/reasoning-diff/assets/models/Qwen3-8B/model-00003-of-00005.safetensors
-------------------------------------------------------------------------------

[#846b82 1.8GiB/2.9GiB(62%) CN:8 DL:2.7MiB ETA:6m53s]
[#846b82 1.8GiB/2.9GiB(62%) CN:8 DL:2.7MiB ETA:6m48s]
[#846b82 1.8GiB/2.9GiB(62%) CN:8 DL:2.8MiB ETA:6m45s]
[#846b82 1.8GiB/2.9GiB(62%) CN:8 DL:2.8MiB ETA:6m39s]
[#846b82 1.8GiB/2.9GiB(62%) CN:8 DL:2.8MiB ETA:6m33s]
[#846b82 1.8GiB/2.9GiB(62%) CN:8 DL:2.8MiB ETA:6m30s]
[#846b82 1.8GiB/2.9GiB(62%) CN:8 DL:2.8MiB ETA:6m30s]
[#846b82 1.8GiB/2.9GiB(63%) CN:8 DL:2.8MiB ETA:6m32s]
[#846b82 1.8GiB/2.9GiB(63%) CN:8 DL:2.8MiB ETA:6m30s]
[#846b82 1.8GiB/2.9GiB(63%) CN:8 DL:2.8MiB ETA:6m27s]
[#846b82 1.8GiB/2.9GiB(63%) CN:8 DL:2.8MiB ETA:6m25s]
[#846b82 1.8GiB/2.9GiB(63%) CN:8 DL:2.8MiB ETA:6m23s]
[#846b82 1.8GiB/2.9GiB(63%) CN:8 DL:2.9MiB ETA:6m21s]
[#846b82 1.8GiB/2.9GiB(63%) CN:8 DL:2.9MiB ETA:6m19s]
[#846b82 1.8GiB/2.9GiB(63%) CN:8 DL:2.9MiB ETA:6m19s]
[#846b82 1.8GiB/2.9GiB(63%) CN:8 DL:2.8MiB ETA:6m20s]
[#846b82 1.8GiB/2.9GiB(63%) CN:8 DL:2.8MiB ETA:6m18s]
[#846b82 1.9GiB/2.9GiB(64%) CN:8 DL:2.8MiB ETA:6m19s]
[#846b82 1.9GiB/2.9GiB(64%) CN:8 DL:2.9MiB ETA:6m14s]
[#846b82 1.9GiB/2.9GiB(64%) CN:8 DL:2.9MiB ETA:6m13s]
[#846b82 1.9GiB/2.9GiB(64%) CN:8 DL:2.8MiB ETA:6m13s]
[#846b82 1.9GiB/2.9GiB(64%) CN:8 DL:2.9MiB ETA:6m8s]
[#846b82 1.9GiB/2.9GiB(64%) CN:8 DL:2.9MiB ETA:6m8s]
[#846b82 1.9GiB/2.9GiB(64%) CN:8 DL:2.9MiB ETA:6m8s]
[#846b82 1.9GiB/2.9GiB(64%) CN:8 DL:2.9MiB ETA:6m7s]
[#846b82 1.9GiB/2.9GiB(64%) CN:8 DL:2.9MiB ETA:6m7s]
[#846b82 1.9GiB/2.9GiB(64%) CN:8 DL:2.9MiB ETA:6m4s]
[#846b82 1.9GiB/2.9GiB(65%) CN:8 DL:2.9MiB ETA:6m5s]
[#846b82 1.9GiB/2.9GiB(65%) CN:8 DL:2.9MiB ETA:6m2s]
 *** Download Progress Summary as of Sun Oct  4 11:24:22 2026 *** 
===============================================================================
[#846b82 1.9GiB/2.9GiB(65%) CN:8 DL:2.9MiB ETA:6m2s]
FILE: /mnt/mydata/wja/reasoning-diff/assets/models/Qwen3-8B/model-00004-of-00005.safetensors
-------------------------------------------------------------------------------

[#8a3441 2.0GiB/3.7GiB(54%) CN:8 DL:2.9MiB ETA:9m36s]
[#8a3441 2.0GiB/3.7GiB(54%) CN:8 DL:2.9MiB ETA:9m35s]
[#8a3441 2.0GiB/3.7GiB(54%) CN:8 DL:2.9MiB ETA:9m34s]
[#8a3441 2.0GiB/3.7GiB(54%) CN:8 DL:2.9MiB ETA:9m39s]
[#8a3441 2.0GiB/3.7GiB(55%) CN:8 DL:2.9MiB ETA:9m38s]
[#8a3441 2.0GiB/3.7GiB(55%) CN:8 DL:2.9MiB ETA:9m40s]
[#8a3441 2.0GiB/3.7GiB(55%) CN:8 DL:2.9MiB ETA:9m37s]
[#8a3441 2.0GiB/3.7GiB(55%) CN:8 DL:2.9MiB ETA:9m36s]
[#8a3441 2.0GiB/3.7GiB(55%) CN:8 DL:2.9MiB ETA:9m42s]
[#8a3441 2.0GiB/3.7GiB(55%) CN:8 DL:2.9MiB ETA:9m44s]
[#8a3441 2.0GiB/3.7GiB(55%) CN:8 DL:2.9MiB ETA:9m42s]
[#8a3441 2.0GiB/3.7GiB(55%) CN:8 DL:2.8MiB ETA:9m45s]
[#8a3441 2.0GiB/3.7GiB(55%) CN:8 DL:2.9MiB ETA:9m41s]
[#8a3441 2.0GiB/3.7GiB(55%) CN:8 DL:2.8MiB ETA:9m45s]
[#8a3441 2.0GiB/3.7GiB(55%) CN:8 DL:2.8MiB ETA:9m45s]
[#8a3441 2.0GiB/3.7GiB(55%) CN:8 DL:2.8MiB ETA:9m43s]
[#8a3441 2.0GiB/3.7GiB(55%) CN:8 DL:2.8MiB ETA:9m46s]
[#8a3441 2.0GiB/3.7GiB(56%) CN:8 DL:2.8MiB ETA:9m42s]
[#8a3441 2.0GiB/3.7GiB(56%) CN:8 DL:2.8MiB ETA:9m48s]
[#8a3441 2.0GiB/3.7GiB(56%) CN:8 DL:2.8MiB ETA:9m50s]
[#8a3441 2.0GiB/3.7GiB(56%) CN:8 DL:2.8MiB ETA:9m50s]
[#8a3441 2.0GiB/3.7GiB(56%) CN:8 DL:2.8MiB ETA:9m50s]
[#8a3441 2.1GiB/3.7GiB(56%) CN:8 DL:2.8MiB ETA:9m45s]
[#8a3441 2.1GiB/3.7GiB(56%) CN:8 DL:2.8MiB ETA:9m43s]
[#8a3441 2.1GiB/3.7GiB(56%) CN:8 DL:2.8MiB ETA:9m43s]
[#8a3441 2.1GiB/3.7GiB(56%) CN:8 DL:2.8MiB ETA:9m43s]
[#8a3441 2.1GiB/3.7GiB(56%) CN:8 DL:2.8MiB ETA:9m46s]
[#8a3441 2.1GiB/3.7GiB(56%) CN:8 DL:2.8MiB ETA:9m33s]
[#8a3441 2.1GiB/3.7GiB(56%) CN:8 DL:2.8MiB ETA:9m35s]
 *** Download Progress Summary as of Sun Oct  4 11:24:41 2026 *** 
===============================================================================
[#8a3441 2.1GiB/3.7GiB(57%) CN:8 DL:2.8MiB ETA:9m37s]
FILE: /mnt/mydata/wja/reasoning-diff/assets/models/Qwen3-8B/model-00001-of-00005.safetensors
-------------------------------------------------------------------------------

[#c81886 2.0GiB/3.6GiB(55%) CN:8 DL:2.8MiB ETA:10m2s]
[#c81886 2.0GiB/3.6GiB(55%) CN:8 DL:2.8MiB ETA:9m56s]
[#c81886 2.0GiB/3.6GiB(55%) CN:8 DL:2.8MiB ETA:10m]
[#c81886 2.0GiB/3.6GiB(55%) CN:8 DL:2.8MiB ETA:9m55s]
[#c81886 2.0GiB/3.6GiB(55%) CN:8 DL:2.8MiB ETA:9m49s]
[#c81886 2.0GiB/3.6GiB(55%) CN:8 DL:2.8MiB ETA:9m45s]
[#c81886 2.0GiB/3.6GiB(55%) CN:8 DL:2.9MiB ETA:9m38s]
[#c81886 2.0GiB/3.6GiB(55%) CN:8 DL:2.9MiB ETA:9m29s]
[#c81886 2.0GiB/3.6GiB(55%) CN:8 DL:2.9MiB ETA:9m28s]
[#c81886 2.0GiB/3.6GiB(55%) CN:8 DL:2.9MiB ETA:9m27s]
[#c81886 2.0GiB/3.6GiB(55%) CN:8 DL:2.9MiB ETA:9m24s]
[#c81886 2.0GiB/3.6GiB(55%) CN:8 DL:2.9MiB ETA:9m18s]
[#c81886 2.0GiB/3.6GiB(56%) CN:8 DL:2.9MiB ETA:9m18s]
[#c81886 2.0GiB/3.6GiB(56%) CN:8 DL:2.9MiB ETA:9m18s]
[#c81886 2.0GiB/3.6GiB(56%) CN:8 DL:2.9MiB ETA:9m14s]
[#c81886 2.0GiB/3.6GiB(56%) CN:8 DL:2.9MiB ETA:9m11s]
[#c81886 2.0GiB/3.6GiB(56%) CN:8 DL:2.9MiB ETA:9m12s]
[#c81886 2.0GiB/3.6GiB(56%) CN:8 DL:3.0MiB ETA:9m5s]
[#c81886 2.0GiB/3.6GiB(56%) CN:8 DL:3.0MiB ETA:9m3s]
[#c81886 2.0GiB/3.6GiB(56%) CN:8 DL:3.0MiB ETA:9m5s]
[#c81886 2.0GiB/3.6GiB(56%) CN:8 DL:2.9MiB ETA:9m9s]
[#c81886 2.0GiB/3.6GiB(56%) CN:8 DL:2.9MiB ETA:9m8s]
[#c81886 2.0GiB/3.6GiB(56%) CN:8 DL:2.9MiB ETA:9m6s]
[#c81886 2.0GiB/3.6GiB(56%) CN:8 DL:2.9MiB ETA:9m8s]
[#c81886 2.1GiB/3.6GiB(57%) CN:8 DL:2.9MiB ETA:9m6s]
[#c81886 2.1GiB/3.6GiB(57%) CN:8 DL:2.9MiB ETA:9m8s]
[#c81886 2.1GiB/3.6GiB(57%) CN:8 DL:2.9MiB ETA:9m11s]
[#c81886 2.1GiB/3.6GiB(57%) CN:8 DL:2.9MiB ETA:9m16s]
[#c81886 2.1GiB/3.6GiB(57%) CN:8 DL:2.8MiB ETA:9m16s]
 *** Download Progress Summary as of Sun Oct  4 11:24:44 2026 *** 
===============================================================================
[#c81886 2.1GiB/3.6GiB(57%) CN:8 DL:2.9MiB ETA:9m13s]
FILE: /mnt/mydata/wja/reasoning-diff/assets/models/Qwen3-8B/model-00003-of-00005.safetensors
-------------------------------------------------------------------------------

[#9f16c5 1.1GiB/3.7GiB(30%) CN:8 DL:1.5MiB ETA:27m37s]
[#9f16c5 1.1GiB/3.7GiB(30%) CN:8 DL:1.5MiB ETA:27m29s]
[#9f16c5 1.1GiB/3.7GiB(31%) CN:8 DL:1.5MiB ETA:27m25s]
[#9f16c5 1.1GiB/3.7GiB(31%) CN:8 DL:1.6MiB ETA:26m42s]
[#9f16c5 1.1GiB/3.7GiB(31%) CN:8 DL:1.6MiB ETA:26m28s]
[#9f16c5 1.1GiB/3.7GiB(31%) CN:8 DL:1.6MiB ETA:26m40s]
[#9f16c5 1.1GiB/3.7GiB(31%) CN:8 DL:1.6MiB ETA:26m52s]
[#9f16c5 1.1GiB/3.7GiB(31%) CN:8 DL:1.6MiB ETA:26m42s]
[#9f16c5 1.1GiB/3.7GiB(31%) CN:8 DL:1.6MiB ETA:26m46s]
[#9f16c5 1.1GiB/3.7GiB(31%) CN:8 DL:1.6MiB ETA:26m48s]
[#9f16c5 1.1GiB/3.7GiB(31%) CN:8 DL:1.6MiB ETA:26m32s]
[#9f16c5 1.1GiB/3.7GiB(31%) CN:8 DL:1.6MiB ETA:26m38s]
[#9f16c5 1.1GiB/3.7GiB(31%) CN:8 DL:1.6MiB ETA:26m42s]
[#9f16c5 1.1GiB/3.7GiB(31%) CN:8 DL:1.6MiB ETA:26m59s]
[#9f16c5 1.1GiB/3.7GiB(31%) CN:8 DL:1.5MiB ETA:27m13s]
[#9f16c5 1.1GiB/3.7GiB(31%) CN:8 DL:1.6MiB ETA:26m37s]
[#9f16c5 1.1GiB/3.7GiB(31%) CN:8 DL:1.6MiB ETA:26m23s]
[#9f16c5 1.1GiB/3.7GiB(31%) CN:8 DL:1.6MiB ETA:26m15s]
[#9f16c5 1.1GiB/3.7GiB(31%) CN:8 DL:1.6MiB ETA:26m27s]
[#9f16c5 1.1GiB/3.7GiB(31%) CN:8 DL:1.6MiB ETA:26m29s]
[#9f16c5 1.1GiB/3.7GiB(31%) CN:8 DL:1.6MiB ETA:26m36s]
[#9f16c5 1.1GiB/3.7GiB(31%) CN:8 DL:1.6MiB ETA:26m27s]
[#9f16c5 1.1GiB/3.7GiB(31%) CN:8 DL:1.6MiB ETA:26m12s]
[#9f16c5 1.1GiB/3.7GiB(31%) CN:8 DL:1.6MiB ETA:25m57s]
[#9f16c5 1.1GiB/3.7GiB(32%) CN:8 DL:1.6MiB ETA:25m42s]
[#9f16c5 1.1GiB/3.7GiB(32%) CN:8 DL:1.6MiB ETA:26m]
[#9f16c5 1.1GiB/3.7GiB(32%) CN:8 DL:1.6MiB ETA:25m55s]
[#9f16c5 1.1GiB/3.7GiB(32%) CN:8 DL:1.6MiB ETA:25m39s]
[#9f16c5 1.1GiB/3.7GiB(32%) CN:8 DL:1.6MiB ETA:25m32s]
[#9f16c5 1.1GiB/3.7GiB(32%) CN:8 DL:1.6MiB ETA:25m28s]
 *** Download Progress Summary as of Sun Oct  4 11:24:45 2026 *** 
===============================================================================
[#9f16c5 1.2GiB/3.7GiB(32%) CN:8 DL:1.6MiB ETA:25m43s]
FILE: /mnt/mydata/wja/reasoning-diff/assets/models/Qwen3-8B/model-00002-of-00005.safetensors
-------------------------------------------------------------------------------

[#846b82 1.9GiB/2.9GiB(65%) CN:8 DL:2.9MiB ETA:6m2s]
[#846b82 1.9GiB/2.9GiB(65%) CN:8 DL:2.8MiB ETA:6m4s]
[#846b82 1.9GiB/2.9GiB(65%) CN:8 DL:2.8MiB ETA:6m7s]
[#846b82 1.9GiB/2.9GiB(65%) CN:8 DL:2.8MiB ETA:6m8s]
[#846b82 1.9GiB/2.9GiB(65%) CN:8 DL:2.8MiB ETA:6m8s]
[#846b82 1.9GiB/2.9GiB(65%) CN:8 DL:2.8MiB ETA:6m9s]
[#846b82 1.9GiB/2.9GiB(65%) CN:8 DL:2.8MiB ETA:6m6s]
[#846b82 1.9GiB/2.9GiB(65%) CN:8 DL:2.8MiB ETA:6m5s]
[#846b82 1.9GiB/2.9GiB(65%) CN:8 DL:2.8MiB ETA:6m]
[#846b82 1.9GiB/2.9GiB(66%) CN:8 DL:2.8MiB ETA:5m57s]
[#846b82 1.9GiB/2.9GiB(66%) CN:8 DL:2.9MiB ETA:5m53s]
[#846b82 1.9GiB/2.9GiB(66%) CN:8 DL:2.9MiB ETA:5m46s]
[#846b82 1.9GiB/2.9GiB(66%) CN:8 DL:2.9MiB ETA:5m45s]
[#846b82 1.9GiB/2.9GiB(66%) CN:8 DL:2.9MiB ETA:5m44s]
[#846b82 1.9GiB/2.9GiB(66%) CN:8 DL:2.9MiB ETA:5m43s]
[#846b82 1.9GiB/2.9GiB(66%) CN:8 DL:2.9MiB ETA:5m40s]
[#846b82 1.9GiB/2.9GiB(66%) CN:8 DL:2.9MiB ETA:5m38s]
[#846b82 1.9GiB/2.9GiB(66%) CN:8 DL:3.0MiB ETA:5m33s]
[#846b82 1.9GiB/2.9GiB(67%) CN:8 DL:3.0MiB ETA:5m29s]
[#846b82 1.9GiB/2.9GiB(67%) CN:8 DL:3.0MiB ETA:5m29s]
[#846b82 1.9GiB/2.9GiB(67%) CN:8 DL:3.0MiB ETA:5m31s]
[#846b82 1.9GiB/2.9GiB(67%) CN:8 DL:3.0MiB ETA:5m30s]
[#846b82 2.0GiB/2.9GiB(67%) CN:8 DL:2.9MiB ETA:5m32s]
[#846b82 2.0GiB/2.9GiB(67%) CN:8 DL:2.9MiB ETA:5m31s]
[#846b82 2.0GiB/2.9GiB(67%) CN:8 DL:2.9MiB ETA:5m30s]
[#846b82 2.0GiB/2.9GiB(67%) CN:8 DL:2.9MiB ETA:5m29s]
[#846b82 2.0GiB/2.9GiB(67%) CN:8 DL:3.0MiB ETA:5m24s]
[#846b82 2.0GiB/2.9GiB(67%) CN:8 DL:3.0MiB ETA:5m23s]
[#846b82 2.0GiB/2.9GiB(68%) CN:8 DL:3.0MiB ETA:5m23s]
[#846b82 2.0GiB/2.9GiB(68%) CN:8 DL:3.0MiB ETA:5m18s]
 *** Download Progress Summary as of Sun Oct  4 11:24:52 2026 *** 
===============================================================================
[#846b82 2.0GiB/2.9GiB(68%) CN:8 DL:3.0MiB ETA:5m17s]
FILE: /mnt/mydata/wja/reasoning-diff/assets/models/Qwen3-8B/model-00004-of-00005.safetensors
-------------------------------------------------------------------------------

[#8a3441 2.1GiB/3.7GiB(57%) CN:8 DL:2.8MiB ETA:9m37s]
[#8a3441 2.1GiB/3.7GiB(57%) CN:8 DL:2.8MiB ETA:9m39s]
[#8a3441 2.1GiB/3.7GiB(57%) CN:8 DL:2.8MiB ETA:9m40s]
[#8a3441 2.1GiB/3.7GiB(57%) CN:8 DL:2.8MiB ETA:9m41s]
[#8a3441 2.1GiB/3.7GiB(57%) CN:8 DL:2.8MiB ETA:9m36s]
[#8a3441 2.1GiB/3.7GiB(57%) CN:8 DL:2.7MiB ETA:9m45s]
[#8a3441 2.1GiB/3.7GiB(57%) CN:8 DL:2.7MiB ETA:9m40s]
[#8a3441 2.1GiB/3.7GiB(57%) CN:8 DL:2.7MiB ETA:9m44s]
[#8a3441 2.1GiB/3.7GiB(57%) CN:8 DL:2.7MiB ETA:9m47s]
[#8a3441 2.1GiB/3.7GiB(57%) CN:8 DL:2.7MiB ETA:9m49s]
[#8a3441 2.1GiB/3.7GiB(57%) CN:8 DL:2.7MiB ETA:9m56s]
[#8a3441 2.1GiB/3.7GiB(57%) CN:8 DL:2.7MiB ETA:9m44s]
[#8a3441 2.1GiB/3.7GiB(57%) CN:8 DL:2.7MiB ETA:9m44s]
[#8a3441 2.1GiB/3.7GiB(57%) CN:8 DL:2.7MiB ETA:9m45s]
[#8a3441 2.1GiB/3.7GiB(58%) CN:8 DL:2.7MiB ETA:9m39s]
[#8a3441 2.1GiB/3.7GiB(58%) CN:8 DL:2.7MiB ETA:9m34s]
[#8a3441 2.1GiB/3.7GiB(58%) CN:8 DL:2.7MiB ETA:9m28s]
[#8a3441 2.1GiB/3.7GiB(58%) CN:8 DL:2.8MiB ETA:9m25s]
[#8a3441 2.1GiB/3.7GiB(58%) CN:8 DL:2.8MiB ETA:9m25s]
[#8a3441 2.1GiB/3.7GiB(58%) CN:8 DL:2.7MiB ETA:9m26s]
[#8a3441 2.1GiB/3.7GiB(58%) CN:8 DL:2.7MiB ETA:9m26s]
[#8a3441 2.1GiB/3.7GiB(58%) CN:8 DL:2.7MiB ETA:9m26s]
[#8a3441 2.1GiB/3.7GiB(58%) CN:8 DL:2.8MiB ETA:9m16s]
[#8a3441 2.1GiB/3.7GiB(58%) CN:8 DL:2.8MiB ETA:9m14s]
[#8a3441 2.1GiB/3.7GiB(58%) CN:8 DL:2.8MiB ETA:9m16s]
[#8a3441 2.1GiB/3.7GiB(58%) CN:8 DL:2.8MiB ETA:9m16s]
[#8a3441 2.1GiB/3.7GiB(58%) CN:8 DL:2.8MiB ETA:9m14s]
[#8a3441 2.1GiB/3.7GiB(59%) CN:8 DL:2.8MiB ETA:9m3s]
[#8a3441 2.2GiB/3.7GiB(59%) CN:8 DL:2.9MiB ETA:8m56s]
[#8a3441 2.2GiB/3.7GiB(59%) CN:8 DL:2.8MiB ETA:8m57s]
 *** Download Progress Summary as of Sun Oct  4 11:25:12 2026 *** 
===============================================================================
[#8a3441 2.2GiB/3.7GiB(59%) CN:8 DL:2.8MiB ETA:8m59s]
FILE: /mnt/mydata/wja/reasoning-diff/assets/models/Qwen3-8B/model-00001-of-00005.safetensors
-------------------------------------------------------------------------------

[#c81886 2.1GiB/3.6GiB(57%) CN:8 DL:2.9MiB ETA:9m13s]
[#c81886 2.1GiB/3.6GiB(57%) CN:8 DL:2.9MiB ETA:9m4s]
[#c81886 2.1GiB/3.6GiB(57%) CN:8 DL:2.9MiB ETA:9m5s]
[#c81886 2.1GiB/3.6GiB(57%) CN:8 DL:2.9MiB ETA:9m3s]
[#c81886 2.1GiB/3.6GiB(57%) CN:8 DL:2.9MiB ETA:9m9s]
[#c81886 2.1GiB/3.6GiB(57%) CN:8 DL:2.8MiB ETA:9m13s]
[#c81886 2.1GiB/3.6GiB(57%) CN:8 DL:2.8MiB ETA:9m8s]
[#c81886 2.1GiB/3.6GiB(57%) CN:8 DL:2.9MiB ETA:8m54s]
[#c81886 2.1GiB/3.6GiB(58%) CN:8 DL:2.9MiB ETA:8m56s]
[#c81886 2.1GiB/3.6GiB(58%) CN:8 DL:2.9MiB ETA:8m58s]
[#c81886 2.1GiB/3.6GiB(58%) CN:8 DL:2.8MiB ETA:9m5s]
[#c81886 2.1GiB/3.6GiB(58%) CN:8 DL:2.8MiB ETA:9m10s]
[#c81886 2.1GiB/3.6GiB(58%) CN:8 DL:2.8MiB ETA:9m11s]
[#c81886 2.1GiB/3.6GiB(58%) CN:8 DL:2.8MiB ETA:9m5s]
[#c81886 2.1GiB/3.6GiB(58%) CN:8 DL:2.8MiB ETA:9m6s]
[#c81886 2.1GiB/3.6GiB(58%) CN:8 DL:2.8MiB ETA:9m10s]
[#c81886 2.1GiB/3.6GiB(58%) CN:8 DL:2.7MiB ETA:9m23s]
[#c81886 2.1GiB/3.6GiB(58%) CN:8 DL:2.7MiB ETA:9m22s]
[#c81886 2.1GiB/3.6GiB(58%) CN:8 DL:2.7MiB ETA:9m24s]
[#c81886 2.1GiB/3.6GiB(58%) CN:8 DL:2.7MiB ETA:9m23s]
[#c81886 2.1GiB/3.6GiB(58%) CN:8 DL:2.7MiB ETA:9m14s]
[#c81886 2.1GiB/3.6GiB(59%) CN:8 DL:2.7MiB ETA:9m15s]
[#c81886 2.1GiB/3.6GiB(59%) CN:8 DL:2.7MiB ETA:9m24s]
[#c81886 2.1GiB/3.6GiB(59%) CN:8 DL:2.7MiB ETA:9m28s]
[#c81886 2.1GiB/3.6GiB(59%) CN:8 DL:2.7MiB ETA:9m29s]
[#c81886 2.1GiB/3.6GiB(59%) CN:8 DL:2.7MiB ETA:9m24s]
[#c81886 2.1GiB/3.6GiB(59%) CN:8 DL:2.7MiB ETA:9m19s]
[#c81886 2.1GiB/3.6GiB(59%) CN:8 DL:2.7MiB ETA:9m19s]
[#c81886 2.1GiB/3.6GiB(59%) CN:8 DL:2.7MiB ETA:9m20s]
[#c81886 2.1GiB/3.6GiB(59%) CN:8 DL:2.7MiB ETA:9m17s]
 *** Download Progress Summary as of Sun Oct  4 11:25:15 2026 *** 
===============================================================================
[#c81886 2.2GiB/3.6GiB(59%) CN:8 DL:2.7MiB ETA:9m16s]
FILE: /mnt/mydata/wja/reasoning-diff/assets/models/Qwen3-8B/model-00003-of-00005.safetensors
-------------------------------------------------------------------------------

[#9f16c5 1.2GiB/3.7GiB(32%) CN:8 DL:1.6MiB ETA:25m43s]
[#9f16c5 1.2GiB/3.7GiB(32%) CN:8 DL:1.6MiB ETA:25m55s]
[#9f16c5 1.2GiB/3.7GiB(32%) CN:8 DL:1.6MiB ETA:25m47s]
[#9f16c5 1.2GiB/3.7GiB(32%) CN:8 DL:1.6MiB ETA:25m26s]
[#9f16c5 1.2GiB/3.7GiB(32%) CN:8 DL:1.6MiB ETA:25m53s]
[#9f16c5 1.2GiB/3.7GiB(32%) CN:8 DL:1.6MiB ETA:25m42s]
[#9f16c5 1.2GiB/3.7GiB(32%) CN:8 DL:1.6MiB ETA:25m48s]
[#9f16c5 1.2GiB/3.7GiB(32%) CN:8 DL:1.6MiB ETA:26m1s]
[#9f16c5 1.2GiB/3.7GiB(32%) CN:8 DL:1.6MiB ETA:25m54s]
[#9f16c5 1.2GiB/3.7GiB(32%) CN:8 DL:1.6MiB ETA:25m45s]
[#9f16c5 1.2GiB/3.7GiB(32%) CN:8 DL:1.6MiB ETA:25m54s]
[#9f16c5 1.2GiB/3.7GiB(32%) CN:8 DL:1.6MiB ETA:25m58s]
[#9f16c5 1.2GiB/3.7GiB(32%) CN:8 DL:1.6MiB ETA:25m32s]
[#9f16c5 1.2GiB/3.7GiB(32%) CN:8 DL:1.6MiB ETA:25m31s]
[#9f16c5 1.2GiB/3.7GiB(32%) CN:8 DL:1.6MiB ETA:25m39s]
[#9f16c5 1.2GiB/3.7GiB(32%) CN:8 DL:1.6MiB ETA:25m40s]
[#9f16c5 1.2GiB/3.7GiB(33%) CN:8 DL:1.6MiB ETA:25m27s]
[#9f16c5 1.2GiB/3.7GiB(33%) CN:8 DL:1.6MiB ETA:25m13s]
[#9f16c5 1.2GiB/3.7GiB(33%) CN:8 DL:1.6MiB ETA:25m30s]
[#9f16c5 1.2GiB/3.7GiB(33%) CN:8 DL:1.6MiB ETA:25m9s]
[#9f16c5 1.2GiB/3.7GiB(33%) CN:8 DL:1.6MiB ETA:25m23s]
[#9f16c5 1.2GiB/3.7GiB(33%) CN:8 DL:1.6MiB ETA:25m37s]
[#9f16c5 1.2GiB/3.7GiB(33%) CN:8 DL:1.6MiB ETA:25m38s]
[#9f16c5 1.2GiB/3.7GiB(33%) CN:8 DL:1.6MiB ETA:25m48s]
[#9f16c5 1.2GiB/3.7GiB(33%) CN:8 DL:1.6MiB ETA:25m21s]
[#9f16c5 1.2GiB/3.7GiB(33%) CN:8 DL:1.6MiB ETA:25m37s]
[#9f16c5 1.2GiB/3.7GiB(33%) CN:8 DL:1.6MiB ETA:25m33s]
[#9f16c5 1.2GiB/3.7GiB(33%) CN:8 DL:1.6MiB ETA:25m40s]
[#9f16c5 1.2GiB/3.7GiB(33%) CN:8 DL:1.6MiB ETA:25m33s]
[#9f16c5 1.2GiB/3.7GiB(33%) CN:8 DL:1.6MiB ETA:25m21s]
 *** Download Progress Summary as of Sun Oct  4 11:25:16 2026 *** 
===============================================================================
[#9f16c5 1.2GiB/3.7GiB(33%) CN:8 DL:1.6MiB ETA:25m33s]
FILE: /mnt/mydata/wja/reasoning-diff/assets/models/Qwen3-8B/model-00002-of-00005.safetensors
-------------------------------------------------------------------------------

[#846b82 2.0GiB/2.9GiB(68%) CN:8 DL:3.0MiB ETA:5m17s]
[#846b82 2.0GiB/2.9GiB(68%) CN:8 DL:3.0MiB ETA:5m16s]
[#846b82 2.0GiB/2.9GiB(68%) CN:8 DL:3.0MiB ETA:5m16s]
[#846b82 2.0GiB/2.9GiB(68%) CN:8 DL:3.0MiB ETA:5m13s]
[#846b82 2.0GiB/2.9GiB(68%) CN:8 DL:3.0MiB ETA:5m8s]
[#846b82 2.0GiB/2.9GiB(68%) CN:8 DL:3.1MiB ETA:5m5s]
[#846b82 2.0GiB/2.9GiB(68%) CN:8 DL:3.1MiB ETA:5m3s]
[#846b82 2.0GiB/2.9GiB(68%) CN:8 DL:3.1MiB ETA:5m2s]
[#846b82 2.0GiB/2.9GiB(69%) CN:8 DL:3.0MiB ETA:5m4s]
[#846b82 2.0GiB/2.9GiB(69%) CN:8 DL:3.0MiB ETA:5m3s]
[#846b82 2.0GiB/2.9GiB(69%) CN:8 DL:3.1MiB ETA:5m]
[#846b82 2.0GiB/2.9GiB(69%) CN:8 DL:3.1MiB ETA:4m58s]
[#846b82 2.0GiB/2.9GiB(69%) CN:8 DL:3.1MiB ETA:4m54s]
[#846b82 2.0GiB/2.9GiB(69%) CN:8 DL:3.1MiB ETA:4m54s]
[#846b82 2.0GiB/2.9GiB(69%) CN:8 DL:3.1MiB ETA:4m53s]
[#846b82 2.0GiB/2.9GiB(69%) CN:8 DL:3.1MiB ETA:4m55s]
[#846b82 2.0GiB/2.9GiB(69%) CN:8 DL:3.1MiB ETA:4m52s]
[#846b82 2.0GiB/2.9GiB(70%) CN:8 DL:3.1MiB ETA:4m53s]
[#846b82 2.0GiB/2.9GiB(70%) CN:8 DL:3.0MiB ETA:4m54s]
[#846b82 2.0GiB/2.9GiB(70%) CN:8 DL:3.0MiB ETA:4m58s]
[#846b82 2.0GiB/2.9GiB(70%) CN:8 DL:2.9MiB ETA:5m2s]
[#846b82 2.0GiB/2.9GiB(70%) CN:8 DL:2.9MiB ETA:5m4s]
[#846b82 2.0GiB/2.9GiB(70%) CN:8 DL:2.9MiB ETA:5m4s]
[#846b82 2.0GiB/2.9GiB(70%) CN:8 DL:2.9MiB ETA:5m5s]
[#846b82 2.0GiB/2.9GiB(70%) CN:8 DL:2.9MiB ETA:5m4s]
[#846b82 2.1GiB/2.9GiB(70%) CN:8 DL:2.9MiB ETA:5m]
[#846b82 2.1GiB/2.9GiB(70%) CN:8 DL:2.9MiB ETA:5m1s]
[#846b82 2.1GiB/2.9GiB(71%) CN:8 DL:2.9MiB ETA:4m59s]
[#846b82 2.1GiB/2.9GiB(71%) CN:8 DL:2.9MiB ETA:4m55s]
[#846b82 2.1GiB/2.9GiB(71%) CN:8 DL:2.9MiB ETA:4m52s]
 *** Download Progress Summary as of Sun Oct  4 11:25:23 2026 *** 
===============================================================================
[#846b82 2.1GiB/2.9GiB(71%) CN:8 DL:3.0MiB ETA:4m46s]
FILE: /mnt/mydata/wja/reasoning-diff/assets/models/Qwen3-8B/model-00004-of-00005.safetensors
-------------------------------------------------------------------------------

[#9f16c5 1.2GiB/3.7GiB(33%) CN:8 DL:1.6MiB ETA:25m33s]
[#9f16c5 1.2GiB/3.7GiB(33%) CN:8 DL:1.6MiB ETA:25m14s]
[#9f16c5 1.2GiB/3.7GiB(33%) CN:8 DL:1.6MiB ETA:25m23s]
[#9f16c5 1.2GiB/3.7GiB(33%) CN:8 DL:1.6MiB ETA:25m33s]
[#9f16c5 1.2GiB/3.7GiB(33%) CN:8 DL:1.6MiB ETA:25m53s]
[#9f16c5 1.2GiB/3.7GiB(33%) CN:8 DL:1.6MiB ETA:25m54s]
[#9f16c5 1.2GiB/3.7GiB(33%) CN:8 DL:1.6MiB ETA:25m36s]
[#9f16c5 1.2GiB/3.7GiB(33%) CN:8 DL:1.6MiB ETA:25m20s]
[#9f16c5 1.2GiB/3.7GiB(33%) CN:8 DL:1.6MiB ETA:25m18s]

aria2 will resume download if the transfer is restarted.
If there are any errors, then see the log file. See '-l' option in help/man page for details.
[#c81886 2.2GiB/3.6GiB(59%) CN:8 DL:2.7MiB ETA:9m16s]
[#c81886 2.2GiB/3.6GiB(59%) CN:8 DL:2.7MiB ETA:9m11s]
[#c81886 2.2GiB/3.6GiB(59%) CN:8 DL:2.7MiB ETA:9m13s]
[#c81886 2.2GiB/3.6GiB(59%) CN:8 DL:2.7MiB ETA:9m11s]
[#c81886 2.2GiB/3.6GiB(59%) CN:8 DL:2.7MiB ETA:9m16s]
[#c81886 2.2GiB/3.6GiB(60%) CN:8 DL:2.6MiB ETA:9m18s]
[#c81886 2.2GiB/3.6GiB(60%) CN:8 DL:2.7MiB ETA:9m17s]
[#c81886 2.2GiB/3.6GiB(60%) CN:8 DL:2.6MiB ETA:9m17s]
[#c81886 2.2GiB/3.6GiB(60%) CN:8 DL:2.6MiB ETA:9m17s]

aria2 will resume download if the transfer is restarted.
If there are any errors, then see the log file. See '-l' option in help/man page for details.
[#846b82 2.1GiB/2.9GiB(71%) CN:8 DL:3.0MiB ETA:4m46s]
[#846b82 2.1GiB/2.9GiB(71%) CN:8 DL:3.0MiB ETA:4m45s]

aria2 will resume download if the transfer is restarted.
If there are any errors, then see the log file. See '-l' option in help/man page for details.
[#8a3441 2.2GiB/3.7GiB(59%) CN:8 DL:2.8MiB ETA:8m59s]
[#8a3441 2.2GiB/3.7GiB(59%) CN:8 DL:2.8MiB ETA:8m54s]
[#8a3441 2.2GiB/3.7GiB(59%) CN:8 DL:2.9MiB ETA:8m51s]
[#8a3441 2.2GiB/3.7GiB(59%) CN:8 DL:2.9MiB ETA:8m47s]
[#8a3441 2.2GiB/3.7GiB(59%) CN:8 DL:2.9MiB ETA:8m39s]
[#8a3441 2.2GiB/3.7GiB(59%) CN:8 DL:2.9MiB ETA:8m35s]
[#8a3441 2.2GiB/3.7GiB(59%) CN:8 DL:2.9MiB ETA:8m37s]
[#8a3441 2.2GiB/3.7GiB(59%) CN:8 DL:2.9MiB ETA:8m34s]
[#8a3441 2.2GiB/3.7GiB(59%) CN:8 DL:3.0MiB ETA:8m26s]
[#8a3441 2.2GiB/3.7GiB(60%) CN:8 DL:3.0MiB ETA:8m19s]
[#8a3441 2.2GiB/3.7GiB(60%) CN:8 DL:3.0MiB ETA:8m14s]
[#8a3441 2.2GiB/3.7GiB(60%) CN:8 DL:3.0MiB ETA:8m12s]

aria2 will resume download if the transfer is restarted.
If there are any errors, then see the log file. See '-l' option in help/man page for details.
Traceback (most recent call last):
  File "/home/wja/reasoning-diff-pr7/scripts/download_frozen_model.py", line 68, in <module>
    if __name__ == "__main__":
        ^^^^^^
  File "/home/wja/reasoning-diff-pr7/scripts/download_frozen_model.py", line 59, in main
    with ThreadPoolExecutor(max_workers=4) as pool:
        ^^^^^^^^^^^^^^^^^^^^^^^^^^^^^^^
  File "/home/zm/.local/share/uv/python/cpython-3.11.15-linux-x86_64-gnu/lib/python3.11/concurrent/futures/_base.py", line 619, in result_iterator
    yield _result_or_cancel(fs.pop())
          ^^^^^^^^^^^^^^^^^^^^^^^^^^^
  File "/home/zm/.local/share/uv/python/cpython-3.11.15-linux-x86_64-gnu/lib/python3.11/concurrent/futures/_base.py", line 317, in _result_or_cancel
    return fut.result(timeout)
           ^^^^^^^^^^^^^^^^^^^
  File "/home/zm/.local/share/uv/python/cpython-3.11.15-linux-x86_64-gnu/lib/python3.11/concurrent/futures/_base.py", line 451, in result
    self._condition.wait(timeout)
  File "/home/zm/.local/share/uv/python/cpython-3.11.15-linux-x86_64-gnu/lib/python3.11/threading.py", line 327, in wait
    waiter.acquire()
KeyboardInterrupt
already verified config.jsonalready verified generation_config.jsonalready verified merges.txt


 *** Download Progress Summary as of Sun Oct  4 11:26:34 2026 *** 
===============================================================================
[#644a81 0B/0B CN:1 DL:0B]
FILE: /mnt/mydata/wja/reasoning-diff/assets/models/Qwen3-8B/model-00004-of-00005.safetensors
-------------------------------------------------------------------------------

 *** Download Progress Summary as of Sun Oct  4 11:26:35 2026 *** 
===============================================================================
[#dd9444 2.2GiB/3.7GiB(61%) CN:8 DL:1.3MiB ETA:18m14s]
FILE: /mnt/mydata/wja/reasoning-diff/assets/models/Qwen3-8B/model-00001-of-00005.safetensors
-------------------------------------------------------------------------------

 *** Download Progress Summary as of Sun Oct  4 11:26:35 2026 *** 
===============================================================================
[#de62d1 2.3GiB/3.6GiB(64%) CN:8 DL:5.7MiB ETA:3m52s]
FILE: /mnt/mydata/wja/reasoning-diff/assets/models/Qwen3-8B/model-00003-of-00005.safetensors
-------------------------------------------------------------------------------

 *** Download Progress Summary as of Sun Oct  4 11:26:35 2026 *** 
===============================================================================
[#e49a39 1.3GiB/3.7GiB(36%) CN:8 DL:3.7MiB ETA:10m38s]
FILE: /mnt/mydata/wja/reasoning-diff/assets/models/Qwen3-8B/model-00002-of-00005.safetensors
-------------------------------------------------------------------------------

 *** Download Progress Summary as of Sun Oct  4 11:27:04 2026 *** 
===============================================================================
[#644a81 2.1GiB/2.9GiB(72%) CN:8 DL:1.0MiB ETA:13m38s]
FILE: /mnt/mydata/wja/reasoning-diff/assets/models/Qwen3-8B/model-00004-of-00005.safetensors
-------------------------------------------------------------------------------

 *** Download Progress Summary as of Sun Oct  4 11:27:05 2026 *** 
===============================================================================
[#dd9444 2.3GiB/3.7GiB(62%) CN:8 DL:1.2MiB ETA:19m14s]
FILE: /mnt/mydata/wja/reasoning-diff/assets/models/Qwen3-8B/model-00001-of-00005.safetensors
-------------------------------------------------------------------------------

 *** Download Progress Summary as of Sun Oct  4 11:27:06 2026 *** 
===============================================================================
[#de62d1 2.5GiB/3.6GiB(68%) CN:8 DL:5.2MiB ETA:3m44s]
FILE: /mnt/mydata/wja/reasoning-diff/assets/models/Qwen3-8B/model-00003-of-00005.safetensors
-------------------------------------------------------------------------------

 *** Download Progress Summary as of Sun Oct  4 11:27:06 2026 *** 
===============================================================================
[#e49a39 1.4GiB/3.7GiB(39%) CN:8 DL:3.4MiB ETA:11m12s]
FILE: /mnt/mydata/wja/reasoning-diff/assets/models/Qwen3-8B/model-00002-of-00005.safetensors
-------------------------------------------------------------------------------

 *** Download Progress Summary as of Sun Oct  4 11:27:34 2026 *** 
===============================================================================
[#644a81 2.1GiB/2.9GiB(73%) CN:8 DL:1.0MiB ETA:12m49s]
FILE: /mnt/mydata/wja/reasoning-diff/assets/models/Qwen3-8B/model-00004-of-00005.safetensors
-------------------------------------------------------------------------------

 *** Download Progress Summary as of Sun Oct  4 11:27:36 2026 *** 
===============================================================================
[#dd9444 2.3GiB/3.7GiB(63%) CN:8 DL:1.2MiB ETA:19m14s]
FILE: /mnt/mydata/wja/reasoning-diff/assets/models/Qwen3-8B/model-00001-of-00005.safetensors
-------------------------------------------------------------------------------

 *** Download Progress Summary as of Sun Oct  4 11:27:37 2026 *** 
===============================================================================
[#de62d1 2.6GiB/3.6GiB(73%) CN:8 DL:5.0MiB ETA:3m19s]
FILE: /mnt/mydata/wja/reasoning-diff/assets/models/Qwen3-8B/model-00003-of-00005.safetensors
-------------------------------------------------------------------------------

 *** Download Progress Summary as of Sun Oct  4 11:27:37 2026 *** 
===============================================================================
[#e49a39 1.5GiB/3.7GiB(42%) CN:8 DL:3.3MiB ETA:11m5s]
FILE: /mnt/mydata/wja/reasoning-diff/assets/models/Qwen3-8B/model-00002-of-00005.safetensors
-------------------------------------------------------------------------------

 *** Download Progress Summary as of Sun Oct  4 11:28:05 2026 *** 
===============================================================================
[#644a81 2.2GiB/2.9GiB(74%) CN:8 DL:1.0MiB ETA:12m24s]
FILE: /mnt/mydata/wja/reasoning-diff/assets/models/Qwen3-8B/model-00004-of-00005.safetensors
-------------------------------------------------------------------------------

 *** Download Progress Summary as of Sun Oct  4 11:28:06 2026 *** 
===============================================================================
[#dd9444 2.3GiB/3.7GiB(64%) CN:8 DL:1.2MiB ETA:17m54s]
FILE: /mnt/mydata/wja/reasoning-diff/assets/models/Qwen3-8B/model-00001-of-00005.safetensors
-------------------------------------------------------------------------------

 *** Download Progress Summary as of Sun Oct  4 11:28:07 2026 *** 
===============================================================================
[#de62d1 2.8GiB/3.6GiB(77%) CN:8 DL:5.1MiB ETA:2m46s]
FILE: /mnt/mydata/wja/reasoning-diff/assets/models/Qwen3-8B/model-00003-of-00005.safetensors
-------------------------------------------------------------------------------

 *** Download Progress Summary as of Sun Oct  4 11:28:07 2026 *** 
===============================================================================
[#e49a39 1.6GiB/3.7GiB(44%) CN:8 DL:3.3MiB ETA:10m19s]
FILE: /mnt/mydata/wja/reasoning-diff/assets/models/Qwen3-8B/model-00002-of-00005.safetensors
-------------------------------------------------------------------------------

 *** Download Progress Summary as of Sun Oct  4 11:28:35 2026 *** 
===============================================================================
[#644a81 2.2GiB/2.9GiB(75%) CN:8 DL:1.0MiB ETA:11m42s]
FILE: /mnt/mydata/wja/reasoning-diff/assets/models/Qwen3-8B/model-00004-of-00005.safetensors
-------------------------------------------------------------------------------

 *** Download Progress Summary as of Sun Oct  4 11:28:37 2026 *** 
===============================================================================
[#dd9444 2.4GiB/3.7GiB(65%) CN:8 DL:1.2MiB ETA:17m24s]
FILE: /mnt/mydata/wja/reasoning-diff/assets/models/Qwen3-8B/model-00001-of-00005.safetensors
-------------------------------------------------------------------------------

 *** Download Progress Summary as of Sun Oct  4 11:28:38 2026 *** 
===============================================================================
[#de62d1 3.0GiB/3.6GiB(81%) CN:8 DL:5.2MiB ETA:2m14s]
FILE: /mnt/mydata/wja/reasoning-diff/assets/models/Qwen3-8B/model-00003-of-00005.safetensors
-------------------------------------------------------------------------------

 *** Download Progress Summary as of Sun Oct  4 11:28:38 2026 *** 
===============================================================================
[#e49a39 1.7GiB/3.7GiB(47%) CN:8 DL:3.4MiB ETA:9m40s]
FILE: /mnt/mydata/wja/reasoning-diff/assets/models/Qwen3-8B/model-00002-of-00005.safetensors
-------------------------------------------------------------------------------

 *** Download Progress Summary as of Sun Oct  4 11:29:06 2026 *** 
===============================================================================
[#644a81 2.2GiB/2.9GiB(76%) CN:8 DL:1.0MiB ETA:11m24s]
FILE: /mnt/mydata/wja/reasoning-diff/assets/models/Qwen3-8B/model-00004-of-00005.safetensors
-------------------------------------------------------------------------------

 *** Download Progress Summary as of Sun Oct  4 11:29:08 2026 *** 
===============================================================================
[#dd9444 2.4GiB/3.7GiB(66%) CN:8 DL:1.2MiB ETA:16m46s]
FILE: /mnt/mydata/wja/reasoning-diff/assets/models/Qwen3-8B/model-00001-of-00005.safetensors
-------------------------------------------------------------------------------

 *** Download Progress Summary as of Sun Oct  4 11:29:08 2026 *** 
===============================================================================
[#de62d1 3.1GiB/3.6GiB(85%) CN:8 DL:5.1MiB ETA:1m47s]
FILE: /mnt/mydata/wja/reasoning-diff/assets/models/Qwen3-8B/model-00003-of-00005.safetensors
-------------------------------------------------------------------------------

 *** Download Progress Summary as of Sun Oct  4 11:29:09 2026 *** 
===============================================================================
[#e49a39 1.8GiB/3.7GiB(50%) CN:8 DL:3.5MiB ETA:8m59s]
FILE: /mnt/mydata/wja/reasoning-diff/assets/models/Qwen3-8B/model-00002-of-00005.safetensors
-------------------------------------------------------------------------------

 *** Download Progress Summary as of Sun Oct  4 11:29:36 2026 *** 
===============================================================================
[#644a81 2.2GiB/2.9GiB(77%) CN:8 DL:1.0MiB ETA:11m17s]
FILE: /mnt/mydata/wja/reasoning-diff/assets/models/Qwen3-8B/model-00004-of-00005.safetensors
-------------------------------------------------------------------------------

 *** Download Progress Summary as of Sun Oct  4 11:29:38 2026 *** 
===============================================================================
[#dd9444 2.4GiB/3.7GiB(66%) CN:8 DL:1.2MiB ETA:17m16s]
FILE: /mnt/mydata/wja/reasoning-diff/assets/models/Qwen3-8B/model-00001-of-00005.safetensors
-------------------------------------------------------------------------------

 *** Download Progress Summary as of Sun Oct  4 11:29:39 2026 *** 
===============================================================================
[#de62d1 3.2GiB/3.6GiB(89%) CN:8 DL:4.8MiB ETA:1m21s]
FILE: /mnt/mydata/wja/reasoning-diff/assets/models/Qwen3-8B/model-00003-of-00005.safetensors
-------------------------------------------------------------------------------

 *** Download Progress Summary as of Sun Oct  4 11:29:40 2026 *** 
===============================================================================
[#e49a39 1.9GiB/3.7GiB(53%) CN:8 DL:3.5MiB ETA:8m26s]
FILE: /mnt/mydata/wja/reasoning-diff/assets/models/Qwen3-8B/model-00002-of-00005.safetensors
-------------------------------------------------------------------------------

 *** Download Progress Summary as of Sun Oct  4 11:30:07 2026 *** 
===============================================================================
[#644a81 2.3GiB/2.9GiB(78%) CN:8 DL:1.0MiB ETA:10m45s]
FILE: /mnt/mydata/wja/reasoning-diff/assets/models/Qwen3-8B/model-00004-of-00005.safetensors
-------------------------------------------------------------------------------

 *** Download Progress Summary as of Sun Oct  4 11:30:08 2026 *** 
===============================================================================
[#dd9444 2.5GiB/3.7GiB(67%) CN:8 DL:1.1MiB ETA:17m14s]
FILE: /mnt/mydata/wja/reasoning-diff/assets/models/Qwen3-8B/model-00001-of-00005.safetensors
-------------------------------------------------------------------------------

 *** Download Progress Summary as of Sun Oct  4 11:30:09 2026 *** 
===============================================================================
[#de62d1 3.4GiB/3.6GiB(93%) CN:8 DL:4.9MiB ETA:50s]
FILE: /mnt/mydata/wja/reasoning-diff/assets/models/Qwen3-8B/model-00003-of-00005.safetensors
-------------------------------------------------------------------------------

 *** Download Progress Summary as of Sun Oct  4 11:30:10 2026 *** 
===============================================================================
[#e49a39 2.0GiB/3.7GiB(56%) CN:8 DL:3.6MiB ETA:7m43s]
FILE: /mnt/mydata/wja/reasoning-diff/assets/models/Qwen3-8B/model-00002-of-00005.safetensors
-------------------------------------------------------------------------------

 *** Download Progress Summary as of Sun Oct  4 11:30:38 2026 *** 
===============================================================================
[#644a81 2.3GiB/2.9GiB(79%) CN:8 DL:1.0MiB ETA:9m38s]
FILE: /mnt/mydata/wja/reasoning-diff/assets/models/Qwen3-8B/model-00004-of-00005.safetensors
-------------------------------------------------------------------------------

 *** Download Progress Summary as of Sun Oct  4 11:30:39 2026 *** 
===============================================================================
[#dd9444 2.5GiB/3.7GiB(68%) CN:8 DL:1.1MiB ETA:17m44s]
FILE: /mnt/mydata/wja/reasoning-diff/assets/models/Qwen3-8B/model-00001-of-00005.safetensors
-------------------------------------------------------------------------------

 *** Download Progress Summary as of Sun Oct  4 11:30:40 2026 *** 
===============================================================================
[#de62d1 3.5GiB/3.6GiB(97%) CN:8 DL:4.9MiB ETA:19s]
FILE: /mnt/mydata/wja/reasoning-diff/assets/models/Qwen3-8B/model-00003-of-00005.safetensors
-------------------------------------------------------------------------------

 *** Download Progress Summary as of Sun Oct  4 11:30:40 2026 *** 
===============================================================================
[#e49a39 2.1GiB/3.7GiB(58%) CN:8 DL:3.4MiB ETA:7m30s]
FILE: /mnt/mydata/wja/reasoning-diff/assets/models/Qwen3-8B/model-00002-of-00005.safetensors
-------------------------------------------------------------------------------

verified model-00003-of-00005.safetensors (3959604768 bytes)
 *** Download Progress Summary as of Sun Oct  4 11:31:09 2026 *** 
===============================================================================
[#644a81 2.3GiB/2.9GiB(80%) CN:8 DL:1.1MiB ETA:8m18s]
FILE: /mnt/mydata/wja/reasoning-diff/assets/models/Qwen3-8B/model-00004-of-00005.safetensors
-------------------------------------------------------------------------------

 *** Download Progress Summary as of Sun Oct  4 11:31:10 2026 *** 
===============================================================================
[#dd9444 2.6GiB/3.7GiB(69%) CN:8 DL:1.4MiB ETA:12m52s]
FILE: /mnt/mydata/wja/reasoning-diff/assets/models/Qwen3-8B/model-00001-of-00005.safetensors
-------------------------------------------------------------------------------

 *** Download Progress Summary as of Sun Oct  4 11:31:11 2026 *** 
===============================================================================
[#e49a39 2.3GiB/3.7GiB(62%) CN:8 DL:4.8MiB ETA:4m58s]
FILE: /mnt/mydata/wja/reasoning-diff/assets/models/Qwen3-8B/model-00002-of-00005.safetensors
-------------------------------------------------------------------------------

 *** Download Progress Summary as of Sun Oct  4 11:31:38 2026 *** 
===============================================================================
[#fd2d56 37MiB/1.1GiB(3%) CN:8 DL:1.4MiB ETA:13m36s]
FILE: /mnt/mydata/wja/reasoning-diff/assets/models/Qwen3-8B/model-00005-of-00005.safetensors
-------------------------------------------------------------------------------

 *** Download Progress Summary as of Sun Oct  4 11:31:40 2026 *** 
===============================================================================
[#644a81 2.4GiB/2.9GiB(81%) CN:8 DL:1.1MiB ETA:8m2s]
FILE: /mnt/mydata/wja/reasoning-diff/assets/models/Qwen3-8B/model-00004-of-00005.safetensors
-------------------------------------------------------------------------------

 *** Download Progress Summary as of Sun Oct  4 11:31:40 2026 *** 
===============================================================================
[#dd9444 2.6GiB/3.7GiB(71%) CN:8 DL:1.4MiB ETA:12m42s]
FILE: /mnt/mydata/wja/reasoning-diff/assets/models/Qwen3-8B/model-00001-of-00005.safetensors
-------------------------------------------------------------------------------

 *** Download Progress Summary as of Sun Oct  4 11:31:42 2026 *** 
===============================================================================
[#e49a39 2.4GiB/3.7GiB(66%) CN:8 DL:4.7MiB ETA:4m31s]
FILE: /mnt/mydata/wja/reasoning-diff/assets/models/Qwen3-8B/model-00002-of-00005.safetensors
-------------------------------------------------------------------------------

 *** Download Progress Summary as of Sun Oct  4 11:32:09 2026 *** 
===============================================================================
[#fd2d56 81MiB/1.1GiB(6%) CN:8 DL:1.4MiB ETA:13m2s]
FILE: /mnt/mydata/wja/reasoning-diff/assets/models/Qwen3-8B/model-00005-of-00005.safetensors
-------------------------------------------------------------------------------

 *** Download Progress Summary as of Sun Oct  4 11:32:11 2026 *** 
===============================================================================
[#644a81 2.4GiB/2.9GiB(83%) CN:8 DL:1.1MiB ETA:7m22s]
FILE: /mnt/mydata/wja/reasoning-diff/assets/models/Qwen3-8B/model-00004-of-00005.safetensors
-------------------------------------------------------------------------------

 *** Download Progress Summary as of Sun Oct  4 11:32:11 2026 *** 
===============================================================================
[#dd9444 2.6GiB/3.7GiB(72%) CN:8 DL:1.4MiB ETA:12m35s]
FILE: /mnt/mydata/wja/reasoning-diff/assets/models/Qwen3-8B/model-00001-of-00005.safetensors
-------------------------------------------------------------------------------

 *** Download Progress Summary as of Sun Oct  4 11:32:13 2026 *** 
===============================================================================
[#e49a39 2.6GiB/3.7GiB(69%) CN:8 DL:4.7MiB ETA:4m2s]
FILE: /mnt/mydata/wja/reasoning-diff/assets/models/Qwen3-8B/model-00002-of-00005.safetensors
-------------------------------------------------------------------------------

 *** Download Progress Summary as of Sun Oct  4 11:32:39 2026 *** 
===============================================================================
[#fd2d56 125MiB/1.1GiB(10%) CN:8 DL:1.4MiB ETA:12m15s]
FILE: /mnt/mydata/wja/reasoning-diff/assets/models/Qwen3-8B/model-00005-of-00005.safetensors
-------------------------------------------------------------------------------

 *** Download Progress Summary as of Sun Oct  4 11:32:42 2026 *** 
===============================================================================
[#dd9444 2.7GiB/3.7GiB(73%) CN:8 DL:1.4MiB ETA:11m51s]
FILE: /mnt/mydata/wja/reasoning-diff/assets/models/Qwen3-8B/model-00001-of-00005.safetensors
-------------------------------------------------------------------------------

 *** Download Progress Summary as of Sun Oct  4 11:32:42 2026 *** 
===============================================================================
[#644a81 2.5GiB/2.9GiB(84%) CN:8 DL:1.1MiB ETA:6m57s]
FILE: /mnt/mydata/wja/reasoning-diff/assets/models/Qwen3-8B/model-00004-of-00005.safetensors
-------------------------------------------------------------------------------

 *** Download Progress Summary as of Sun Oct  4 11:32:43 2026 *** 
===============================================================================
[#e49a39 2.7GiB/3.7GiB(73%) CN:8 DL:4.7MiB ETA:3m31s]
FILE: /mnt/mydata/wja/reasoning-diff/assets/models/Qwen3-8B/model-00002-of-00005.safetensors
-------------------------------------------------------------------------------

 *** Download Progress Summary as of Sun Oct  4 11:33:10 2026 *** 
===============================================================================
[#fd2d56 169MiB/1.1GiB(14%) CN:8 DL:1.4MiB ETA:12m]
FILE: /mnt/mydata/wja/reasoning-diff/assets/models/Qwen3-8B/model-00005-of-00005.safetensors
-------------------------------------------------------------------------------

 *** Download Progress Summary as of Sun Oct  4 11:33:12 2026 *** 
===============================================================================
[#644a81 2.5GiB/2.9GiB(85%) CN:8 DL:1.2MiB ETA:6m10s]
FILE: /mnt/mydata/wja/reasoning-diff/assets/models/Qwen3-8B/model-00004-of-00005.safetensors
-------------------------------------------------------------------------------

 *** Download Progress Summary as of Sun Oct  4 11:33:13 2026 *** 
===============================================================================
[#dd9444 2.7GiB/3.7GiB(74%) CN:8 DL:1.4MiB ETA:11m25s]
FILE: /mnt/mydata/wja/reasoning-diff/assets/models/Qwen3-8B/model-00001-of-00005.safetensors
-------------------------------------------------------------------------------

 *** Download Progress Summary as of Sun Oct  4 11:33:14 2026 *** 
===============================================================================
[#e49a39 2.8GiB/3.7GiB(77%) CN:8 DL:4.8MiB ETA:2m56s]
FILE: /mnt/mydata/wja/reasoning-diff/assets/models/Qwen3-8B/model-00002-of-00005.safetensors
-------------------------------------------------------------------------------

 *** Download Progress Summary as of Sun Oct  4 11:33:41 2026 *** 
===============================================================================
[#fd2d56 212MiB/1.1GiB(17%) CN:8 DL:1.4MiB ETA:11m11s]
FILE: /mnt/mydata/wja/reasoning-diff/assets/models/Qwen3-8B/model-00005-of-00005.safetensors
-------------------------------------------------------------------------------

 *** Download Progress Summary as of Sun Oct  4 11:33:43 2026 *** 
===============================================================================
[#644a81 2.5GiB/2.9GiB(86%) CN:8 DL:1.1MiB ETA:5m59s]
FILE: /mnt/mydata/wja/reasoning-diff/assets/models/Qwen3-8B/model-00004-of-00005.safetensors
-------------------------------------------------------------------------------

 *** Download Progress Summary as of Sun Oct  4 11:33:43 2026 *** 
===============================================================================
[#dd9444 2.8GiB/3.7GiB(75%) CN:8 DL:1.4MiB ETA:11m3s]
FILE: /mnt/mydata/wja/reasoning-diff/assets/models/Qwen3-8B/model-00001-of-00005.safetensors
-------------------------------------------------------------------------------

 *** Download Progress Summary as of Sun Oct  4 11:33:45 2026 *** 
===============================================================================
[#e49a39 3.0GiB/3.7GiB(81%) CN:8 DL:4.7MiB ETA:2m30s]
FILE: /mnt/mydata/wja/reasoning-diff/assets/models/Qwen3-8B/model-00002-of-00005.safetensors
-------------------------------------------------------------------------------

 *** Download Progress Summary as of Sun Oct  4 11:34:12 2026 *** 
===============================================================================
[#fd2d56 255MiB/1.1GiB(21%) CN:8 DL:1.3MiB ETA:11m5s]
FILE: /mnt/mydata/wja/reasoning-diff/assets/models/Qwen3-8B/model-00005-of-00005.safetensors
-------------------------------------------------------------------------------

 *** Download Progress Summary as of Sun Oct  4 11:34:14 2026 *** 
===============================================================================
[#644a81 2.6GiB/2.9GiB(87%) CN:8 DL:1.1MiB ETA:5m23s]
FILE: /mnt/mydata/wja/reasoning-diff/assets/models/Qwen3-8B/model-00004-of-00005.safetensors
-------------------------------------------------------------------------------

 *** Download Progress Summary as of Sun Oct  4 11:34:14 2026 *** 
===============================================================================
[#dd9444 2.8GiB/3.7GiB(76%) CN:8 DL:1.3MiB ETA:10m40s]
FILE: /mnt/mydata/wja/reasoning-diff/assets/models/Qwen3-8B/model-00001-of-00005.safetensors
-------------------------------------------------------------------------------

 *** Download Progress Summary as of Sun Oct  4 11:34:15 2026 *** 
===============================================================================
[#e49a39 3.1GiB/3.7GiB(85%) CN:8 DL:4.7MiB ETA:1m58s]
FILE: /mnt/mydata/wja/reasoning-diff/assets/models/Qwen3-8B/model-00002-of-00005.safetensors
-------------------------------------------------------------------------------

 *** Download Progress Summary as of Sun Oct  4 11:34:42 2026 *** 
===============================================================================
[#fd2d56 299MiB/1.1GiB(25%) CN:8 DL:1.4MiB ETA:10m28s]
FILE: /mnt/mydata/wja/reasoning-diff/assets/models/Qwen3-8B/model-00005-of-00005.safetensors
-------------------------------------------------------------------------------

 *** Download Progress Summary as of Sun Oct  4 11:34:45 2026 *** 
===============================================================================
[#644a81 2.6GiB/2.9GiB(88%) CN:8 DL:1.1MiB ETA:4m59s]
FILE: /mnt/mydata/wja/reasoning-diff/assets/models/Qwen3-8B/model-00004-of-00005.safetensors
-------------------------------------------------------------------------------

 *** Download Progress Summary as of Sun Oct  4 11:34:45 2026 *** 
===============================================================================
[#dd9444 2.8GiB/3.7GiB(77%) CN:8 DL:1.3MiB ETA:10m14s]
FILE: /mnt/mydata/wja/reasoning-diff/assets/models/Qwen3-8B/model-00001-of-00005.safetensors
-------------------------------------------------------------------------------

 *** Download Progress Summary as of Sun Oct  4 11:34:46 2026 *** 
===============================================================================
[#e49a39 3.3GiB/3.7GiB(88%) CN:8 DL:4.6MiB ETA:1m29s]
FILE: /mnt/mydata/wja/reasoning-diff/assets/models/Qwen3-8B/model-00002-of-00005.safetensors
-------------------------------------------------------------------------------

 *** Download Progress Summary as of Sun Oct  4 11:35:13 2026 *** 
===============================================================================
[#fd2d56 341MiB/1.1GiB(28%) CN:8 DL:1.3MiB ETA:10m15s]
FILE: /mnt/mydata/wja/reasoning-diff/assets/models/Qwen3-8B/model-00005-of-00005.safetensors
-------------------------------------------------------------------------------

 *** Download Progress Summary as of Sun Oct  4 11:35:15 2026 *** 
===============================================================================
[#dd9444 2.9GiB/3.7GiB(78%) CN:8 DL:1.4MiB ETA:9m19s]
FILE: /mnt/mydata/wja/reasoning-diff/assets/models/Qwen3-8B/model-00001-of-00005.safetensors
-------------------------------------------------------------------------------

 *** Download Progress Summary as of Sun Oct  4 11:35:16 2026 *** 
===============================================================================
[#644a81 2.6GiB/2.9GiB(90%) CN:8 DL:1.1MiB ETA:4m17s]
FILE: /mnt/mydata/wja/reasoning-diff/assets/models/Qwen3-8B/model-00004-of-00005.safetensors
-------------------------------------------------------------------------------

 *** Download Progress Summary as of Sun Oct  4 11:35:17 2026 *** 
===============================================================================
[#e49a39 3.4GiB/3.7GiB(92%) CN:8 DL:4.6MiB ETA:59s]
FILE: /mnt/mydata/wja/reasoning-diff/assets/models/Qwen3-8B/model-00002-of-00005.safetensors
-------------------------------------------------------------------------------

 *** Download Progress Summary as of Sun Oct  4 11:35:44 2026 *** 
===============================================================================
[#fd2d56 383MiB/1.1GiB(32%) CN:8 DL:1.3MiB ETA:9m56s]
FILE: /mnt/mydata/wja/reasoning-diff/assets/models/Qwen3-8B/model-00005-of-00005.safetensors
-------------------------------------------------------------------------------

 *** Download Progress Summary as of Sun Oct  4 11:35:46 2026 *** 
===============================================================================
[#dd9444 2.9GiB/3.7GiB(80%) CN:8 DL:1.3MiB ETA:9m16s]
FILE: /mnt/mydata/wja/reasoning-diff/assets/models/Qwen3-8B/model-00001-of-00005.safetensors
-------------------------------------------------------------------------------

 *** Download Progress Summary as of Sun Oct  4 11:35:47 2026 *** 
===============================================================================
[#644a81 2.7GiB/2.9GiB(91%) CN:8 DL:1.1MiB ETA:4m2s]
FILE: /mnt/mydata/wja/reasoning-diff/assets/models/Qwen3-8B/model-00004-of-00005.safetensors
-------------------------------------------------------------------------------

 *** Download Progress Summary as of Sun Oct  4 11:35:48 2026 *** 
===============================================================================
[#e49a39 3.5GiB/3.7GiB(96%) CN:8 DL:4.5MiB ETA:30s]
FILE: /mnt/mydata/wja/reasoning-diff/assets/models/Qwen3-8B/model-00002-of-00005.safetensors
-------------------------------------------------------------------------------

 *** Download Progress Summary as of Sun Oct  4 11:36:15 2026 *** 
===============================================================================
[#fd2d56 426MiB/1.1GiB(35%) CN:8 DL:1.4MiB ETA:8m59s]
FILE: /mnt/mydata/wja/reasoning-diff/assets/models/Qwen3-8B/model-00005-of-00005.safetensors
-------------------------------------------------------------------------------

 *** Download Progress Summary as of Sun Oct  4 11:36:17 2026 *** 
===============================================================================
[#dd9444 3.0GiB/3.7GiB(81%) CN:8 DL:1.4MiB ETA:8m17s]
FILE: /mnt/mydata/wja/reasoning-diff/assets/models/Qwen3-8B/model-00001-of-00005.safetensors
-------------------------------------------------------------------------------

 *** Download Progress Summary as of Sun Oct  4 11:36:17 2026 *** 
===============================================================================
[#644a81 2.7GiB/2.9GiB(92%) CN:8 DL:1.1MiB ETA:3m30s]
FILE: /mnt/mydata/wja/reasoning-diff/assets/models/Qwen3-8B/model-00004-of-00005.safetensors
-------------------------------------------------------------------------------

 *** Download Progress Summary as of Sun Oct  4 11:36:18 2026 *** 
===============================================================================
[#e49a39 3.6GiB/3.7GiB(99%) CN:2 DL:1.5MiB ETA:20s]
FILE: /mnt/mydata/wja/reasoning-diff/assets/models/Qwen3-8B/model-00002-of-00005.safetensors
-------------------------------------------------------------------------------

 *** Download Progress Summary as of Sun Oct  4 11:36:45 2026 *** 
===============================================================================
[#fd2d56 468MiB/1.1GiB(39%) CN:8 DL:1.4MiB ETA:8m32s]
FILE: /mnt/mydata/wja/reasoning-diff/assets/models/Qwen3-8B/model-00005-of-00005.safetensors
-------------------------------------------------------------------------------

 *** Download Progress Summary as of Sun Oct  4 11:36:48 2026 *** 
===============================================================================
[#dd9444 3.0GiB/3.7GiB(82%) CN:8 DL:1.3MiB ETA:8m7s]
FILE: /mnt/mydata/wja/reasoning-diff/assets/models/Qwen3-8B/model-00001-of-00005.safetensors
-------------------------------------------------------------------------------

 *** Download Progress Summary as of Sun Oct  4 11:36:48 2026 *** 
===============================================================================
[#644a81 2.7GiB/2.9GiB(93%) CN:8 DL:1.1MiB ETA:2m54s]
FILE: /mnt/mydata/wja/reasoning-diff/assets/models/Qwen3-8B/model-00004-of-00005.safetensors
-------------------------------------------------------------------------------

verified model-00002-of-00005.safetensors (3993160032 bytes)
verified model.safetensors.index.json (32878 bytes)
 *** Download Progress Summary as of Sun Oct  4 11:37:16 2026 *** 
===============================================================================
[#fd2d56 511MiB/1.1GiB(43%) CN:8 DL:1.3MiB ETA:8m3s]
FILE: /mnt/mydata/wja/reasoning-diff/assets/models/Qwen3-8B/model-00005-of-00005.safetensors
-------------------------------------------------------------------------------

 *** Download Progress Summary as of Sun Oct  4 11:37:18 2026 *** 
===============================================================================
[#dd9444 3.1GiB/3.7GiB(83%) CN:8 DL:1.4MiB ETA:7m28s]
FILE: /mnt/mydata/wja/reasoning-diff/assets/models/Qwen3-8B/model-00001-of-00005.safetensors
-------------------------------------------------------------------------------

 *** Download Progress Summary as of Sun Oct  4 11:37:19 2026 *** 
===============================================================================
[#644a81 2.8GiB/2.9GiB(94%) CN:8 DL:1.1MiB ETA:2m26s]
FILE: /mnt/mydata/wja/reasoning-diff/assets/models/Qwen3-8B/model-00004-of-00005.safetensors
-------------------------------------------------------------------------------

 *** Download Progress Summary as of Sun Oct  4 11:37:22 2026 *** 
===============================================================================
[#ca6988 5.0MiB/10MiB(46%) CN:1 DL:192KiB ETA:30s]
FILE: /mnt/mydata/wja/reasoning-diff/assets/models/Qwen3-8B/tokenizer.json
-------------------------------------------------------------------------------

 *** Download Progress Summary as of Sun Oct  4 11:37:47 2026 *** 
===============================================================================
[#fd2d56 554MiB/1.1GiB(46%) CN:8 DL:1.3MiB ETA:7m36s]
FILE: /mnt/mydata/wja/reasoning-diff/assets/models/Qwen3-8B/model-00005-of-00005.safetensors
-------------------------------------------------------------------------------

 *** Download Progress Summary as of Sun Oct  4 11:37:49 2026 *** 
===============================================================================
[#dd9444 3.1GiB/3.7GiB(84%) CN:8 DL:1.4MiB ETA:6m50s]
FILE: /mnt/mydata/wja/reasoning-diff/assets/models/Qwen3-8B/model-00001-of-00005.safetensors
-------------------------------------------------------------------------------

 *** Download Progress Summary as of Sun Oct  4 11:37:50 2026 *** 
===============================================================================
[#644a81 2.8GiB/2.9GiB(95%) CN:8 DL:1.1MiB ETA:1m55s]
FILE: /mnt/mydata/wja/reasoning-diff/assets/models/Qwen3-8B/model-00004-of-00005.safetensors
-------------------------------------------------------------------------------

 *** Download Progress Summary as of Sun Oct  4 11:37:52 2026 *** 
===============================================================================
[#ca6988 10MiB/10MiB(94%) CN:1 DL:192KiB ETA:3s]
FILE: /mnt/mydata/wja/reasoning-diff/assets/models/Qwen3-8B/tokenizer.json
-------------------------------------------------------------------------------

verified tokenizer.json (11422654 bytes)
verified tokenizer_config.json (9732 bytes)
verified vocab.json (2776833 bytes)
 *** Download Progress Summary as of Sun Oct  4 11:38:18 2026 *** 
===============================================================================
[#fd2d56 597MiB/1.1GiB(50%) CN:8 DL:1.3MiB ETA:7m4s]
FILE: /mnt/mydata/wja/reasoning-diff/assets/models/Qwen3-8B/model-00005-of-00005.safetensors
-------------------------------------------------------------------------------

 *** Download Progress Summary as of Sun Oct  4 11:38:20 2026 *** 
===============================================================================
[#dd9444 3.1GiB/3.7GiB(85%) CN:8 DL:1.4MiB ETA:6m20s]
FILE: /mnt/mydata/wja/reasoning-diff/assets/models/Qwen3-8B/model-00001-of-00005.safetensors
-------------------------------------------------------------------------------

 *** Download Progress Summary as of Sun Oct  4 11:38:20 2026 *** 
===============================================================================
[#644a81 2.8GiB/2.9GiB(96%) CN:8 DL:1.1MiB ETA:1m22s]
FILE: /mnt/mydata/wja/reasoning-diff/assets/models/Qwen3-8B/model-00004-of-00005.safetensors
-------------------------------------------------------------------------------

 *** Download Progress Summary as of Sun Oct  4 11:38:48 2026 *** 
===============================================================================
[#fd2d56 641MiB/1.1GiB(54%) CN:8 DL:1.4MiB ETA:6m13s]
FILE: /mnt/mydata/wja/reasoning-diff/assets/models/Qwen3-8B/model-00005-of-00005.safetensors
-------------------------------------------------------------------------------

 *** Download Progress Summary as of Sun Oct  4 11:38:51 2026 *** 
===============================================================================
[#dd9444 3.2GiB/3.7GiB(86%) CN:8 DL:1.4MiB ETA:5m52s]
FILE: /mnt/mydata/wja/reasoning-diff/assets/models/Qwen3-8B/model-00001-of-00005.safetensors
-------------------------------------------------------------------------------

 *** Download Progress Summary as of Sun Oct  4 11:38:51 2026 *** 
===============================================================================
[#644a81 2.9GiB/2.9GiB(98%) CN:6 DL:1.0MiB ETA:59s]
FILE: /mnt/mydata/wja/reasoning-diff/assets/models/Qwen3-8B/model-00004-of-00005.safetensors
-------------------------------------------------------------------------------

 *** Download Progress Summary as of Sun Oct  4 11:39:19 2026 *** 
===============================================================================
[#fd2d56 685MiB/1.1GiB(57%) CN:8 DL:1.4MiB ETA:5m53s]
FILE: /mnt/mydata/wja/reasoning-diff/assets/models/Qwen3-8B/model-00005-of-00005.safetensors
-------------------------------------------------------------------------------

 *** Download Progress Summary as of Sun Oct  4 11:39:21 2026 *** 
===============================================================================
[#644a81 2.9GiB/2.9GiB(98%) CN:4 DL:696KiB ETA:54s]
FILE: /mnt/mydata/wja/reasoning-diff/assets/models/Qwen3-8B/model-00004-of-00005.safetensors
-------------------------------------------------------------------------------

 *** Download Progress Summary as of Sun Oct  4 11:39:21 2026 *** 
===============================================================================
[#dd9444 3.2GiB/3.7GiB(87%) CN:8 DL:1.4MiB ETA:5m17s]
FILE: /mnt/mydata/wja/reasoning-diff/assets/models/Qwen3-8B/model-00001-of-00005.safetensors
-------------------------------------------------------------------------------

 *** Download Progress Summary as of Sun Oct  4 11:39:50 2026 *** 
===============================================================================
[#fd2d56 728MiB/1.1GiB(61%) CN:8 DL:1.3MiB ETA:5m29s]
FILE: /mnt/mydata/wja/reasoning-diff/assets/models/Qwen3-8B/model-00005-of-00005.safetensors
-------------------------------------------------------------------------------

 *** Download Progress Summary as of Sun Oct  4 11:39:52 2026 *** 
===============================================================================
[#644a81 2.9GiB/2.9GiB(99%) CN:4 DL:585KiB ETA:34s]
FILE: /mnt/mydata/wja/reasoning-diff/assets/models/Qwen3-8B/model-00004-of-00005.safetensors
-------------------------------------------------------------------------------

 *** Download Progress Summary as of Sun Oct  4 11:39:52 2026 *** 
===============================================================================
[#dd9444 3.3GiB/3.7GiB(89%) CN:8 DL:1.4MiB ETA:4m54s]
FILE: /mnt/mydata/wja/reasoning-diff/assets/models/Qwen3-8B/model-00001-of-00005.safetensors
-------------------------------------------------------------------------------

 *** Download Progress Summary as of Sun Oct  4 11:40:21 2026 *** 
===============================================================================
[#fd2d56 772MiB/1.1GiB(65%) CN:8 DL:1.4MiB ETA:4m52s]
FILE: /mnt/mydata/wja/reasoning-diff/assets/models/Qwen3-8B/model-00005-of-00005.safetensors
-------------------------------------------------------------------------------

 *** Download Progress Summary as of Sun Oct  4 11:40:23 2026 *** 
===============================================================================
[#644a81 2.9GiB/2.9GiB(99%) CN:2 DL:283KiB ETA:26s]
FILE: /mnt/mydata/wja/reasoning-diff/assets/models/Qwen3-8B/model-00004-of-00005.safetensors
-------------------------------------------------------------------------------

 *** Download Progress Summary as of Sun Oct  4 11:40:23 2026 *** 
===============================================================================
[#dd9444 3.3GiB/3.7GiB(90%) CN:8 DL:1.4MiB ETA:4m17s]
FILE: /mnt/mydata/wja/reasoning-diff/assets/models/Qwen3-8B/model-00001-of-00005.safetensors
-------------------------------------------------------------------------------


aria2 will resume download if the transfer is restarted.
If there are any errors, then see the log file. See '-l' option in help/man page for details.

aria2 will resume download if the transfer is restarted.
If there are any errors, then see the log file. See '-l' option in help/man page for details.

aria2 will resume download if the transfer is restarted.
If there are any errors, then see the log file. See '-l' option in help/man page for details.
Traceback (most recent call last):
  File "/home/wja/reasoning-diff-pr7/scripts/download_frozen_model.py", line 69, in <module>
    main()
  File "/home/wja/reasoning-diff-pr7/scripts/download_frozen_model.py", line 60, in main
    list(pool.map(download, files))
  File "/home/zm/.local/share/uv/python/cpython-3.11.15-linux-x86_64-gnu/lib/python3.11/concurrent/futures/_base.py", line 619, in result_iterator
    yield _result_or_cancel(fs.pop())
          ^^^^^^^^^^^^^^^^^^^^^^^^^^^
  File "/home/zm/.local/share/uv/python/cpython-3.11.15-linux-x86_64-gnu/lib/python3.11/concurrent/futures/_base.py", line 317, in _result_or_cancel
    return fut.result(timeout)
           ^^^^^^^^^^^^^^^^^^^
  File "/home/zm/.local/share/uv/python/cpython-3.11.15-linux-x86_64-gnu/lib/python3.11/concurrent/futures/_base.py", line 451, in result
    self._condition.wait(timeout)
  File "/home/zm/.local/share/uv/python/cpython-3.11.15-linux-x86_64-gnu/lib/python3.11/threading.py", line 327, in wait
    waiter.acquire()
KeyboardInterrupt
already verified config.json
already verified generation_config.jsonalready verified merges.txt

already verified model-00002-of-00005.safetensors
already verified model-00003-of-00005.safetensors
already verified model.safetensors.index.json
already verified tokenizer.json
already verified tokenizer_config.json
already verified vocab.json
verified model-00004-of-00005.safetensors (3187841392 bytes)
 *** Download Progress Summary as of Sun Oct  4 11:41:49 2026 *** 
===============================================================================
[#d930e2 3.4GiB/3.7GiB(91%) CN:8 DL:2.0MiB ETA:2m30s]
FILE: /mnt/mydata/wja/reasoning-diff/assets/models/Qwen3-8B/model-00001-of-00005.safetensors
-------------------------------------------------------------------------------

 *** Download Progress Summary as of Sun Oct  4 11:41:50 2026 *** 
===============================================================================
[#c0f587 836MiB/1.1GiB(70%) CN:8 DL:2.0MiB ETA:2m51s]
FILE: /mnt/mydata/wja/reasoning-diff/assets/models/Qwen3-8B/model-00005-of-00005.safetensors
-------------------------------------------------------------------------------

 *** Download Progress Summary as of Sun Oct  4 11:42:20 2026 *** 
===============================================================================
[#d930e2 3.4GiB/3.7GiB(93%) CN:8 DL:2.0MiB ETA:2m1s]
FILE: /mnt/mydata/wja/reasoning-diff/assets/models/Qwen3-8B/model-00001-of-00005.safetensors
-------------------------------------------------------------------------------

 *** Download Progress Summary as of Sun Oct  4 11:42:21 2026 *** 
===============================================================================
[#c0f587 898MiB/1.1GiB(75%) CN:8 DL:2.0MiB ETA:2m22s]
FILE: /mnt/mydata/wja/reasoning-diff/assets/models/Qwen3-8B/model-00005-of-00005.safetensors
-------------------------------------------------------------------------------

 *** Download Progress Summary as of Sun Oct  4 11:42:51 2026 *** 
===============================================================================
[#d930e2 3.5GiB/3.7GiB(95%) CN:8 DL:2.0MiB ETA:1m32s]
FILE: /mnt/mydata/wja/reasoning-diff/assets/models/Qwen3-8B/model-00001-of-00005.safetensors
-------------------------------------------------------------------------------

 *** Download Progress Summary as of Sun Oct  4 11:42:52 2026 *** 
===============================================================================
[#c0f587 0.9GiB/1.1GiB(80%) CN:8 DL:2.0MiB ETA:1m51s]
FILE: /mnt/mydata/wja/reasoning-diff/assets/models/Qwen3-8B/model-00005-of-00005.safetensors
-------------------------------------------------------------------------------

 *** Download Progress Summary as of Sun Oct  4 11:43:21 2026 *** 
===============================================================================
[#d930e2 3.5GiB/3.7GiB(96%) CN:8 DL:2.0MiB ETA:1m1s]
FILE: /mnt/mydata/wja/reasoning-diff/assets/models/Qwen3-8B/model-00001-of-00005.safetensors
-------------------------------------------------------------------------------

 *** Download Progress Summary as of Sun Oct  4 11:43:23 2026 *** 
===============================================================================
[#c0f587 0.9GiB/1.1GiB(86%) CN:8 DL:2.0MiB ETA:1m21s]
FILE: /mnt/mydata/wja/reasoning-diff/assets/models/Qwen3-8B/model-00005-of-00005.safetensors
-------------------------------------------------------------------------------

 *** Download Progress Summary as of Sun Oct  4 11:43:52 2026 *** 
===============================================================================
[#d930e2 3.6GiB/3.7GiB(98%) CN:6 DL:1.5MiB ETA:47s]
FILE: /mnt/mydata/wja/reasoning-diff/assets/models/Qwen3-8B/model-00001-of-00005.safetensors
-------------------------------------------------------------------------------

 *** Download Progress Summary as of Sun Oct  4 11:43:53 2026 *** 
===============================================================================
[#c0f587 1.0GiB/1.1GiB(91%) CN:8 DL:2.0MiB ETA:51s]
FILE: /mnt/mydata/wja/reasoning-diff/assets/models/Qwen3-8B/model-00005-of-00005.safetensors
-------------------------------------------------------------------------------

 *** Download Progress Summary as of Sun Oct  4 11:44:23 2026 *** 
===============================================================================
[#d930e2 3.6GiB/3.7GiB(99%) CN:4 DL:1.0MiB ETA:32s]
FILE: /mnt/mydata/wja/reasoning-diff/assets/models/Qwen3-8B/model-00001-of-00005.safetensors
-------------------------------------------------------------------------------

 *** Download Progress Summary as of Sun Oct  4 11:44:24 2026 *** 
===============================================================================
[#c0f587 1.1GiB/1.1GiB(96%) CN:8 DL:2.0MiB ETA:20s]
FILE: /mnt/mydata/wja/reasoning-diff/assets/models/Qwen3-8B/model-00005-of-00005.safetensors
-------------------------------------------------------------------------------

verified model-00005-of-00005.safetensors (1244659840 bytes)
 *** Download Progress Summary as of Sun Oct  4 11:44:54 2026 *** 
===============================================================================
[#d930e2 3.7GiB/3.7GiB(99%) CN:3 DL:779KiB ETA:6s]
FILE: /mnt/mydata/wja/reasoning-diff/assets/models/Qwen3-8B/model-00001-of-00005.safetensors
-------------------------------------------------------------------------------

verified model-00001-of-00005.safetensors (3996250744 bytes)
checkpoint ready: /mnt/mydata/wja/reasoning-diff/assets/models/Qwen3-8B
